--
-- Dumping data for table `menu_items`
--

/*!40000 ALTER TABLE `menu_items` DISABLE KEYS */;
INSERT INTO `menu_items` (`menu_id`,`menu_name`,`menu_description`,`state_url`,`menu_position`) VALUES 
 (1,'Institutes',NULL,'institute.list',1),
 (2,'Branch',NULL,'branch.list',2),
 (3,'Groups',NULL,'group.list',15),
 (4,'Standards',NULL,'standard.list',7),
 (5,'Division',NULL,'division.list',6),
 (6,'Teachers',NULL,'teacher.list',12),
 (7,'Vendors',NULL,'vendor.list',13),
 (8,'Students',NULL,'student.list',11),
 (9,'Fees',NULL,'fees.manage',10),
 (10,'Notice',NULL,'notice.list',17),
 (11,'Events',NULL,'event.list',16),
 (12,'Chat',NULL,'chat.list',19),
 (13,'Update Profile',NULL,'profile.teacher',20),
 (14,'Update Profile',NULL,'profile.vendor',21),
 (15,'Forum',NULL,'forum.list',18),
 (16,'Settings',NULL,'settings.email',8),
 (17,'Assign Permission',NULL,'role-access',14),
 (18,'UpdateProfile',NULL,'profile.student',22),
 (19,'About Us',NULL,'aboutus.page',23),
 (20,'Contact Us',NULL,'contactus.page',24),
 (21,'View Forum',NULL,'forum.view',25),
 (22,'Performance Report',NULL,'report.list',26),
 (23,'Head',NULL,'head.list',9),
 (24,'Dashboard',NULL,'dashboard.list',28),
 (25,'Academic Year',NULL,'academicyear.list',3),
 (26,'Holidays',NULL,'holiday.list',5),
 (27,'Working Days',NULL,'workingday.list',4),
 (28,'Fees Report',NULL,'feesreport.list',29),
 (29,'E-Diary',NULL,'ediary.list',30),
 (31,'Shopping',NULL,'shopping.view',31),
 (32,'Vendor Report',NULL,'vendorreport.list',27),
 (33,'Payment Settings',NULL,'payment-settings.list',32);
/*!40000 ALTER TABLE `menu_items` ENABLE KEYS */;



--
-- Dumping data for table `menu_permission`
--

/*!40000 ALTER TABLE `menu_permission` DISABLE KEYS */;
INSERT INTO `menu_permission` (`menu_permission_id`,`menu_id`,`permission_name`,`url`,`rest_url`) VALUES 
 (1,1,'Add Institute','institute.add','/school/institute/save'),
 (2,1,'Upload Institutes',NULL,NULL),
 (3,1,'Save',NULL,NULL),
 (4,1,'Cancel',NULL,NULL),
 (5,1,NULL,'institute.list','/school/institute'),
 (6,1,NULL,'login.logout',NULL),
 (7,1,NULL,'login.log',NULL),
 (8,2,NULL,'teacher.list','/school/teacher'),
 (9,2,NULL,NULL,'/school/teachers/getTeacherByBranch'),
 (10,10,NULL,'notice.list',NULL),
 (11,17,NULL,'role-access',NULL),
 (12,10,'Send Notice','notice.send','school/notice/save'),
 (13,10,'All Notice','notice.view',NULL),
 (14,9,NULL,'fees.manage',NULL),
 (15,9,'Add Fees','fees.add',NULL),
 (16,2,NULL,'branch.list','/school/branch'),
 (17,2,'Add Branch','branch.add','/school/branch'),
 (18,2,'Search',NULL,'school/masters/instituteMasters'),
 (19,2,'Upload Branch',NULL,NULL),
 (20,2,'Save',NULL,NULL),
 (21,2,'Edit','branch.edit',NULL),
 (22,2,'Cancel',NULL,NULL),
 (23,1,'Edit','institute.edit','/school/institute/save'),
 (24,6,'Add Teacher','teacher.add','school/teachers/save'),
 (25,6,'Upload Teachers',NULL,NULL),
 (26,6,'Save',NULL,NULL),
 (27,6,'Edit','teacher.edit','school/teachers/save'),
 (28,6,'Cancel',NULL,NULL),
 (29,6,NULL,'teacher.list',NULL),
 (30,6,NULL,NULL,'/school/teachers/getTeacherByBranch'),
 (31,6,NULL,NULL,'school/masters/instituteMasters'),
 (32,6,NULL,NULL,'school/masters/getFilterdBranch/{id}'),
 (33,3,'Add Group','group.add','school/groups'),
 (34,3,'Save',NULL,NULL),
 (35,3,'Edit','group.edit','school/groups'),
 (36,3,'Cancel',NULL,NULL),
 (37,3,NULL,'group.list',NULL),
 (38,4,'Add Standard','standard.add','school/standard'),
 (39,4,'Save',NULL,NULL),
 (40,4,'Edit','standard.edit','school/standard'),
 (41,4,'Cancel',NULL,NULL),
 (42,4,NULL,'standard.list',NULL),
 (43,5,'Add Division','division.add','school/division'),
 (44,5,'Save',NULL,NULL),
 (45,5,'Edit','division.edit','school/division'),
 (46,5,'Cancel',NULL,NULL),
 (47,5,NULL,'division.list',NULL),
 (48,7,'Add Vendor','vendor.add','school/vendors/save'),
 (49,7,'Save',NULL,NULL),
 (50,7,'Edit','vendor.edit','school/vendors/save'),
 (51,7,'Cancel',NULL,NULL),
 (52,7,NULL,'vendor.list',NULL),
 (53,8,'Add Student','student.add','school/students/save'),
 (54,8,'Upload Students',NULL,NULL),
 (55,8,'Save',NULL,NULL),
 (56,8,'Edit','student.edit','school/students/save'),
 (57,8,'Cancel',NULL,NULL),
 (58,8,NULL,'student.list',NULL),
 (59,9,'Edit','fees.edit',NULL),
 (60,9,'Cancel',NULL,NULL),
 (61,11,'Add Event','event.add','school/events/save'),
 (62,11,'Upload Events',NULL,NULL),
 (63,11,'Save',NULL,NULL),
 (64,11,'Edit','event.edit','school/events/save'),
 (65,11,'Cancel',NULL,NULL),
 (66,11,NULL,'event.list',NULL),
 (67,12,NULL,'chat.list',NULL),
 (68,15,'Add Forum','forum.add','school/forums'),
 (69,15,'Save',NULL,NULL),
 (70,15,'Edit','forum.edit','school/forums'),
 (71,15,'Cancel',NULL,NULL),
 (72,15,NULL,'forum.list',NULL),
 (73,4,NULL,NULL,'school/standard/getStandardByBranch'),
 (74,4,NULL,NULL,'school/masters/instituteMasters'),
 (75,4,NULL,NULL,'school/masters/getFilterdBranch/:id'),
 (76,13,'Update Profile','profile.teacher',NULL),
 (77,19,'About Us','aboutus.page',NULL),
 (78,16,'Email Setting','settings.email',NULL),
 (79,16,'Save',NULL,'school/settings/updateEmailSetting'),
 (80,20,NULL,'contactus.page',NULL),
 (81,21,NULL,'forum.view',NULL),
 (82,15,'View Forum','forum.view',NULL),
 (83,22,NULL,'report.list',NULL),
 (84,23,'Add Head','head.add','school/head'),
 (85,23,'Save',NULL,NULL),
 (86,23,'Edit','head.edit','school/save'),
 (87,23,'Cancel',NULL,NULL),
 (88,23,NULL,'head.list',NULL),
 (89,24,NULL,'dashboard.list',NULL),
 (90,25,'Add Academic Year','academicyear.add','school/academicyear'),
 (91,25,'Save',NULL,NULL),
 (92,25,'Edit','academicyear.edit','school/academicyear'),
 (93,25,'Cancel',NULL,NULL),
 (94,25,NULL,'academicyear.list',NULL),
 (96,26,'Add Holiday','holiday.add','school/holiday'),
 (97,26,'Save',NULL,NULL),
 (98,26,'Edit','holiday.edit','school/holiday'),
 (99,26,'Cancel',NULL,NULL),
 (100,26,NULL,'holiday.list',NULL),
 (101,27,'Add Working Days','workingday.add','school/workingday'),
 (102,27,'Save',NULL,NULL),
 (103,27,'Edit','workingday.edit','school/workingday'),
 (104,27,'Cancel',NULL,NULL),
 (105,27,NULL,'workingday.list',NULL),
 (106,28,NULL,'feesreport.list',NULL),
 (107,29,'Add E-Diary','ediary.add',NULL),
 (108,29,'Save',NULL,NULL),
 (109,29,'view','ediary.view',NULL),
 (110,29,'Cancel',NULL,NULL),
 (111,29,NULL,'ediary.list',NULL),
 (112,31,'View','shopping.view',NULL),
 (113,32,NULL,'vendorreport.list',NULL),
 (114,33,'Add','payment-settings.add',NULL),
 (115,33,'Edit','payment-settings.edit',NULL),
 (116,33,'Cancel','payment-settings.list',NULL),
 (117,33,'List','payment-settings.list',NULL);
/*!40000 ALTER TABLE `menu_permission` ENABLE KEYS */;


--
-- Dumping data for table `role_menu`
--

/*!40000 ALTER TABLE `role_menu` DISABLE KEYS */;
INSERT INTO `role_menu` (`role_id`,`menu_id`) VALUES 
 (1,1),
 (1,2),
 (1,3),
 (1,4),
 (1,5),
 (1,6),
 (1,7),
 (1,8),
 (1,9),
 (1,10),
 (1,11),
 (1,12),
 (1,15),
 (1,16),
 (1,17),
 (1,22),
 (1,23),
 (1,25),
 (1,26),
 (1,27),
 (1,32),
 (1,33),
 (2,1),
 (4,8),
 (4,10),
 (4,12),
 (4,13),
 (4,15),
 (4,22),
 (4,29),
 (4,31),
 (6,2),
 (6,3),
 (6,4),
 (6,5),
 (6,6),
 (6,7),
 (6,8),
 (6,9),
 (6,10),
 (6,11),
 (6,12),
 (6,15),
 (6,22),
 (6,23),
 (6,25),
 (6,26),
 (6,27),
 (6,28);
/*!40000 ALTER TABLE `role_menu` ENABLE KEYS */;


--
-- Dumping data for table `role_menu_permission`
--

/*!40000 ALTER TABLE `role_menu_permission` DISABLE KEYS */;
INSERT INTO `role_menu_permission` (`menu_permission_id`,`role_id`) VALUES 
 (1,'1'),
 (1,'2'),
 (2,'1'),
 (2,'2'),
 (3,'1'),
 (3,'2'),
 (4,'1'),
 (4,'2'),
 (5,'1'),
 (5,'2'),
 (6,'1'),
 (6,'2'),
 (6,'4'),
 (6,'6'),
 (7,'1'),
 (7,'2'),
 (7,'4'),
 (7,'6'),
 (8,'1'),
 (8,'2'),
 (9,'1'),
 (10,'1'),
 (10,'4'),
 (10,'6'),
 (11,'1'),
 (12,'1'),
 (12,'4'),
 (12,'6'),
 (13,'1'),
 (13,'4'),
 (13,'6'),
 (14,'1'),
 (14,'2'),
 (14,'6'),
 (15,'1'),
 (15,'6'),
 (16,'1'),
 (16,'6'),
 (17,'1'),
 (17,'6'),
 (18,'1'),
 (18,'6'),
 (19,'1'),
 (19,'6'),
 (20,'1'),
 (20,'6'),
 (21,'1'),
 (21,'6'),
 (22,'1'),
 (22,'6'),
 (23,'1'),
 (24,'1'),
 (24,'6'),
 (25,'1'),
 (25,'6'),
 (26,'1'),
 (26,'6'),
 (27,'1'),
 (27,'6'),
 (28,'1'),
 (28,'6'),
 (29,'1'),
 (29,'6'),
 (30,'1'),
 (30,'6'),
 (31,'1'),
 (31,'6'),
 (32,'1'),
 (32,'6'),
 (33,'1'),
 (33,'6'),
 (34,'1'),
 (34,'6'),
 (35,'1'),
 (35,'6'),
 (36,'1'),
 (36,'6'),
 (37,'1'),
 (37,'6'),
 (38,'1'),
 (38,'6'),
 (39,'1'),
 (39,'6'),
 (40,'1'),
 (40,'6'),
 (41,'1'),
 (41,'6'),
 (42,'1'),
 (42,'6'),
 (43,'1'),
 (43,'6'),
 (44,'1'),
 (44,'6'),
 (45,'1'),
 (45,'6'),
 (46,'1'),
 (46,'6'),
 (47,'1'),
 (47,'6'),
 (48,'1'),
 (48,'6'),
 (49,'1'),
 (49,'6'),
 (50,'1'),
 (50,'6'),
 (51,'1'),
 (51,'6'),
 (52,'1'),
 (52,'6'),
 (53,'1'),
 (53,'4'),
 (53,'6'),
 (54,'1'),
 (54,'6'),
 (55,'1'),
 (55,'4'),
 (55,'6'),
 (56,'1'),
 (56,'4'),
 (56,'6'),
 (57,'1'),
 (57,'4'),
 (57,'6'),
 (58,'1'),
 (58,'4'),
 (58,'6'),
 (59,'1'),
 (59,'6'),
 (60,'1'),
 (60,'6'),
 (61,'1'),
 (61,'6'),
 (62,'1'),
 (62,'6'),
 (63,'1'),
 (63,'6'),
 (64,'1'),
 (64,'6'),
 (65,'1'),
 (65,'6'),
 (66,'1'),
 (66,'6'),
 (67,'1'),
 (67,'4'),
 (67,'6'),
 (68,'1'),
 (68,'4'),
 (68,'6'),
 (69,'1'),
 (69,'4'),
 (69,'6'),
 (70,'1'),
 (70,'4'),
 (70,'6'),
 (71,'1'),
 (71,'4'),
 (71,'6'),
 (72,'1'),
 (72,'4'),
 (72,'6'),
 (73,'6'),
 (74,'6'),
 (75,'6'),
 (76,'4'),
 (77,'1'),
 (77,'4'),
 (77,'6'),
 (78,'1'),
 (79,'1'),
 (80,'1'),
 (80,'4'),
 (80,'6'),
 (81,'4'),
 (82,'1'),
 (82,'4'),
 (82,'6'),
 (83,'1'),
 (83,'4'),
 (83,'6'),
 (84,'1'),
 (84,'6'),
 (85,'1'),
 (85,'6'),
 (86,'1'),
 (86,'6'),
 (87,'1'),
 (87,'6'),
 (88,'1'),
 (88,'6'),
 (89,'6'),
 (90,'1'),
 (90,'6'),
 (91,'1'),
 (91,'6'),
 (92,'1'),
 (92,'6'),
 (93,'1'),
 (93,'6'),
 (94,'1'),
 (94,'6'),
 (96,'1'),
 (96,'6'),
 (97,'1'),
 (97,'6'),
 (98,'1'),
 (98,'6'),
 (99,'1'),
 (99,'6'),
 (100,'1'),
 (100,'6'),
 (101,'1'),
 (101,'6'),
 (102,'1'),
 (102,'6'),
 (103,'1'),
 (103,'6'),
 (104,'1'),
 (104,'6'),
 (105,'1'),
 (105,'6'),
 (106,'6'),
 (107,'4'),
 (107,'6'),
 (108,'4'),
 (108,'6'),
 (109,'4'),
 (109,'6'),
 (110,'4'),
 (110,'6'),
 (111,'4'),
 (111,'6'),
 (112,'4'),
 (113,'1'),
 (113,'6'),
 (114,'1'),
 (115,'1'),
 (116,'1'),
 (117,'1');
/*!40000 ALTER TABLE `role_menu_permission` ENABLE KEYS */;

/** Changed on 01-08-2016 Added Fees Report*/
INSERT INTO `menu_items` (`menu_id`,`menu_name`,`menu_description`,`state_url`,`menu_position`) VALUES
(34,'Fees Report',NULL,'feesreport.list',10);

INSERT INTO `menu_permission` (`menu_permission_id`,`menu_id`,`permission_name`,`url`,`rest_url`) VALUES
(118,34,'List','feesreport.list',NULL);

INSERT INTO `role_menu` (`role_id`,`menu_id`) VALUES
(1, 34),
(6, 34);

INSERT INTO `role_menu_permission` (`menu_permission_id`,`role_id`) VALUES
(118, '1'),(118, '6');


/* Changed on 10-08-2016 Subject */
INSERT INTO `menu_items` (`menu_id`,`menu_name`,`menu_description`,`state_url`,`menu_position`) VALUES
(36,'Subject',NULL,'subject.list',7);

INSERT INTO `menu_permission` (`menu_permission_id`,`menu_id`,`permission_name`,`url`,`rest_url`) VALUES
(120,36,'List','subject.list',NULL),
(121,36,'Save','subject.save',NULL),
(122,36,'Delete',NULL,NULL),
(123,36,'Add','subject.add',NULL),
(124,36,'Add','subject.edit',NULL);

INSERT INTO `role_menu` (`role_id`,`menu_id`) VALUES
(1, 36), (6, 36);

INSERT INTO `role_menu_permission` (`menu_permission_id`,`r ole_id`) VALUES
(120, '1'), (120, '6'),
(121, '1'), (121, '6'),
(122, '1'), (122, '6'),
(123, '1'), (123, '6'),
(124, '1'), (124, '6');


/* Standard Subject */

INSERT INTO `menu_items` (`menu_id`,`menu_name`,`menu_description`,`state_url`,`menu_position`) VALUES
(37,'Standard Subject',NULL,'standardSubject.list',7);

INSERT INTO `menu_permission` (`menu_permission_id`,`menu_id`,`permission_name`,`url`,`rest_url`) VALUES
(125,37,'List','standardSubject.list',NULL),
(126,37,'Save','standardSubject.save',NULL),
(127,37,'Delete',NULL,NULL),
(128,37,'Add','standardSubject.add',NULL),
(129,37,'Add','standardSubject.edit',NULL);

INSERT INTO `role_menu` (`role_id`,`menu_id`) VALUES
(1, 37), (6, 37);

INSERT INTO `role_menu_permission` (`menu_permission_id`,`role_id`) VALUES
(125, '1'), (125, '6'),
(126, '1'), (126, '6'),
(127, '1'), (127, '6'),
(128, '1'), (128, '6'),
(129, '1'), (129, '6');
