-- MySQL Administrator dump 1.4
--
-- ------------------------------------------------------
-- Server version	5.1.43-community


/*!40101 SET @OLD_CHARACTER_SET_CLIENT=@@CHARACTER_SET_CLIENT */;
/*!40101 SET @OLD_CHARACTER_SET_RESULTS=@@CHARACTER_SET_RESULTS */;
/*!40101 SET @OLD_COLLATION_CONNECTION=@@COLLATION_CONNECTION */;
/*!40101 SET NAMES utf8 */;

/*!40014 SET @OLD_UNIQUE_CHECKS=@@UNIQUE_CHECKS, UNIQUE_CHECKS=0 */;
/*!40014 SET @OLD_FOREIGN_KEY_CHECKS=@@FOREIGN_KEY_CHECKS, FOREIGN_KEY_CHECKS=0 */;
/*!40101 SET @OLD_SQL_MODE=@@SQL_MODE, SQL_MODE='NO_AUTO_VALUE_ON_ZERO' */;


--
-- Create schema phpbb
--

CREATE DATABASE IF NOT EXISTS phpbb;
USE phpbb;

--
-- Definition of table `phpbb_acl_groups`
--

DROP TABLE IF EXISTS `phpbb_acl_groups`;
CREATE TABLE `phpbb_acl_groups` (
  `group_id` mediumint(8) unsigned NOT NULL DEFAULT '0',
  `forum_id` mediumint(8) unsigned NOT NULL DEFAULT '0',
  `auth_option_id` mediumint(8) unsigned NOT NULL DEFAULT '0',
  `auth_role_id` mediumint(8) unsigned NOT NULL DEFAULT '0',
  `auth_setting` tinyint(2) NOT NULL DEFAULT '0',
  KEY `group_id` (`group_id`),
  KEY `auth_opt_id` (`auth_option_id`),
  KEY `auth_role_id` (`auth_role_id`)
) ENGINE=InnoDB DEFAULT CHARSET=utf8 COLLATE=utf8_bin;

--
-- Dumping data for table `phpbb_acl_groups`
--

/*!40000 ALTER TABLE `phpbb_acl_groups` DISABLE KEYS */;
INSERT INTO `phpbb_acl_groups` (`group_id`,`forum_id`,`auth_option_id`,`auth_role_id`,`auth_setting`) VALUES 
 (1,0,88,0,1),
 (1,0,97,0,1),
 (1,0,115,0,1),
 (5,0,0,5,0),
 (5,0,0,1,0),
 (2,0,0,6,0),
 (3,0,0,6,0),
 (4,0,0,5,0),
 (4,0,0,10,0),
 (7,0,0,23,0);
/*!40000 ALTER TABLE `phpbb_acl_groups` ENABLE KEYS */;


--
-- Definition of table `phpbb_acl_options`
--

DROP TABLE IF EXISTS `phpbb_acl_options`;
CREATE TABLE `phpbb_acl_options` (
  `auth_option_id` mediumint(8) unsigned NOT NULL AUTO_INCREMENT,
  `auth_option` varchar(50) COLLATE utf8_bin NOT NULL DEFAULT '',
  `is_global` tinyint(1) unsigned NOT NULL DEFAULT '0',
  `is_local` tinyint(1) unsigned NOT NULL DEFAULT '0',
  `founder_only` tinyint(1) unsigned NOT NULL DEFAULT '0',
  PRIMARY KEY (`auth_option_id`),
  UNIQUE KEY `auth_option` (`auth_option`)
) ENGINE=InnoDB AUTO_INCREMENT=122 DEFAULT CHARSET=utf8 COLLATE=utf8_bin;

--
-- Dumping data for table `phpbb_acl_options`
--

/*!40000 ALTER TABLE `phpbb_acl_options` DISABLE KEYS */;
INSERT INTO `phpbb_acl_options` (`auth_option_id`,`auth_option`,`is_global`,`is_local`,`founder_only`) VALUES 
 (1,0x665F,0,1,0),
 (2,0x665F616E6E6F756E6365,0,1,0),
 (3,0x665F617474616368,0,1,0),
 (4,0x665F6262636F6465,0,1,0),
 (5,0x665F62756D70,0,1,0),
 (6,0x665F64656C657465,0,1,0),
 (7,0x665F646F776E6C6F6164,0,1,0),
 (8,0x665F65646974,0,1,0),
 (9,0x665F656D61696C,0,1,0),
 (10,0x665F666C617368,0,1,0),
 (11,0x665F69636F6E73,0,1,0),
 (12,0x665F69676E6F7265666C6F6F64,0,1,0),
 (13,0x665F696D67,0,1,0),
 (14,0x665F6C697374,0,1,0),
 (15,0x665F6E6F617070726F7665,0,1,0),
 (16,0x665F706F6C6C,0,1,0),
 (17,0x665F706F7374,0,1,0),
 (18,0x665F706F7374636F756E74,0,1,0),
 (19,0x665F7072696E74,0,1,0),
 (20,0x665F72656164,0,1,0),
 (21,0x665F7265706C79,0,1,0),
 (22,0x665F7265706F7274,0,1,0),
 (23,0x665F736561726368,0,1,0),
 (24,0x665F73696773,0,1,0),
 (25,0x665F736D696C696573,0,1,0),
 (26,0x665F737469636B79,0,1,0),
 (27,0x665F737562736372696265,0,1,0),
 (28,0x665F757365725F6C6F636B,0,1,0),
 (29,0x665F766F7465,0,1,0),
 (30,0x665F766F7465636867,0,1,0),
 (31,0x665F736F667464656C657465,0,1,0),
 (32,0x6D5F,1,1,0),
 (33,0x6D5F617070726F7665,1,1,0),
 (34,0x6D5F636867706F73746572,1,1,0),
 (35,0x6D5F64656C657465,1,1,0),
 (36,0x6D5F65646974,1,1,0),
 (37,0x6D5F696E666F,1,1,0),
 (38,0x6D5F6C6F636B,1,1,0),
 (39,0x6D5F6D65726765,1,1,0),
 (40,0x6D5F6D6F7665,1,1,0),
 (41,0x6D5F7265706F7274,1,1,0),
 (42,0x6D5F73706C6974,1,1,0),
 (43,0x6D5F736F667464656C657465,1,1,0),
 (44,0x6D5F62616E,1,0,0),
 (45,0x6D5F7761726E,1,0,0),
 (46,0x615F,1,0,0),
 (47,0x615F6161757468,1,0,0),
 (48,0x615F617474616368,1,0,0),
 (49,0x615F6175746867726F757073,1,0,0),
 (50,0x615F617574687573657273,1,0,0),
 (51,0x615F6261636B7570,1,0,0),
 (52,0x615F62616E,1,0,0),
 (53,0x615F6262636F6465,1,0,0),
 (54,0x615F626F617264,1,0,0),
 (55,0x615F626F7473,1,0,0),
 (56,0x615F636C6561726C6F6773,1,0,0),
 (57,0x615F656D61696C,1,0,0),
 (58,0x615F657874656E73696F6E73,1,0,0),
 (59,0x615F6661757468,1,0,0),
 (60,0x615F666F72756D,1,0,0),
 (61,0x615F666F72756D616464,1,0,0),
 (62,0x615F666F72756D64656C,1,0,0),
 (63,0x615F67726F7570,1,0,0),
 (64,0x615F67726F7570616464,1,0,0),
 (65,0x615F67726F757064656C,1,0,0),
 (66,0x615F69636F6E73,1,0,0),
 (67,0x615F6A6162626572,1,0,0),
 (68,0x615F6C616E6775616765,1,0,0),
 (69,0x615F6D61757468,1,0,0),
 (70,0x615F6D6F64756C6573,1,0,0),
 (71,0x615F6E616D6573,1,0,0),
 (72,0x615F706870696E666F,1,0,0),
 (73,0x615F70726F66696C65,1,0,0),
 (74,0x615F7072756E65,1,0,0),
 (75,0x615F72616E6B73,1,0,0),
 (76,0x615F726561736F6E73,1,0,0),
 (77,0x615F726F6C6573,1,0,0),
 (78,0x615F736561726368,1,0,0),
 (79,0x615F736572766572,1,0,0),
 (80,0x615F7374796C6573,1,0,0),
 (81,0x615F7377697463687065726D,1,0,0),
 (82,0x615F7561757468,1,0,0),
 (83,0x615F75736572,1,0,0),
 (84,0x615F7573657264656C,1,0,0),
 (85,0x615F7669657761757468,1,0,0),
 (86,0x615F766965776C6F6773,1,0,0),
 (87,0x615F776F726473,1,0,0),
 (88,0x755F,1,0,0),
 (89,0x755F617474616368,1,0,0),
 (90,0x755F636867617661746172,1,0,0),
 (91,0x755F63686763656E736F7273,1,0,0),
 (92,0x755F636867656D61696C,1,0,0),
 (93,0x755F636867677270,1,0,0),
 (94,0x755F6368676E616D65,1,0,0),
 (95,0x755F636867706173737764,1,0,0),
 (96,0x755F63686770726F66696C65696E666F,1,0,0),
 (97,0x755F646F776E6C6F6164,1,0,0),
 (98,0x755F686964656F6E6C696E65,1,0,0),
 (99,0x755F69676E6F7265666C6F6F64,1,0,0),
 (100,0x755F6D617373706D,1,0,0),
 (101,0x755F6D617373706D5F67726F7570,1,0,0),
 (102,0x755F706D5F617474616368,1,0,0),
 (103,0x755F706D5F6262636F6465,1,0,0),
 (104,0x755F706D5F64656C657465,1,0,0),
 (105,0x755F706D5F646F776E6C6F6164,1,0,0),
 (106,0x755F706D5F65646974,1,0,0),
 (107,0x755F706D5F656D61696C706D,1,0,0),
 (108,0x755F706D5F666C617368,1,0,0),
 (109,0x755F706D5F666F7277617264,1,0,0),
 (110,0x755F706D5F696D67,1,0,0),
 (111,0x755F706D5F7072696E74706D,1,0,0),
 (112,0x755F706D5F736D696C696573,1,0,0),
 (113,0x755F72656164706D,1,0,0),
 (114,0x755F73617665647261667473,1,0,0),
 (115,0x755F736561726368,1,0,0),
 (116,0x755F73656E64656D61696C,1,0,0),
 (117,0x755F73656E64696D,1,0,0),
 (118,0x755F73656E64706D,1,0,0),
 (119,0x755F736967,1,0,0),
 (120,0x755F766965776F6E6C696E65,1,0,0),
 (121,0x755F7669657770726F66696C65,1,0,0);
/*!40000 ALTER TABLE `phpbb_acl_options` ENABLE KEYS */;


--
-- Definition of table `phpbb_acl_roles`
--

DROP TABLE IF EXISTS `phpbb_acl_roles`;
CREATE TABLE `phpbb_acl_roles` (
  `role_id` mediumint(8) unsigned NOT NULL AUTO_INCREMENT,
  `role_name` varchar(255) COLLATE utf8_bin NOT NULL DEFAULT '',
  `role_description` text COLLATE utf8_bin NOT NULL,
  `role_type` varchar(10) COLLATE utf8_bin NOT NULL DEFAULT '',
  `role_order` smallint(4) unsigned NOT NULL DEFAULT '0',
  PRIMARY KEY (`role_id`),
  KEY `role_type` (`role_type`),
  KEY `role_order` (`role_order`)
) ENGINE=InnoDB AUTO_INCREMENT=121 DEFAULT CHARSET=utf8 COLLATE=utf8_bin;

--
-- Dumping data for table `phpbb_acl_roles`
--

/*!40000 ALTER TABLE `phpbb_acl_roles` DISABLE KEYS */;
INSERT INTO `phpbb_acl_roles` (`role_id`,`role_name`,`role_description`,`role_type`,`role_order`) VALUES 
 (1,0x524F4C455F41444D494E5F5354414E44415244,0x524F4C455F4445534352495054494F4E5F41444D494E5F5354414E44415244,0x615F,1),
 (2,0x524F4C455F41444D494E5F464F52554D,0x524F4C455F4445534352495054494F4E5F41444D494E5F464F52554D,0x615F,3),
 (3,0x524F4C455F41444D494E5F5553455247524F5550,0x524F4C455F4445534352495054494F4E5F41444D494E5F5553455247524F5550,0x615F,4),
 (4,0x524F4C455F41444D494E5F46554C4C,0x524F4C455F4445534352495054494F4E5F41444D494E5F46554C4C,0x615F,2),
 (5,0x524F4C455F555345525F46554C4C,0x524F4C455F4445534352495054494F4E5F555345525F46554C4C,0x755F,3),
 (6,0x524F4C455F555345525F5354414E44415244,0x524F4C455F4445534352495054494F4E5F555345525F5354414E44415244,0x755F,1),
 (7,0x524F4C455F555345525F4C494D49544544,0x524F4C455F4445534352495054494F4E5F555345525F4C494D49544544,0x755F,2),
 (8,0x524F4C455F555345525F4E4F504D,0x524F4C455F4445534352495054494F4E5F555345525F4E4F504D,0x755F,4),
 (9,0x524F4C455F555345525F4E4F415641544152,0x524F4C455F4445534352495054494F4E5F555345525F4E4F415641544152,0x755F,5),
 (10,0x524F4C455F4D4F445F46554C4C,0x524F4C455F4445534352495054494F4E5F4D4F445F46554C4C,0x6D5F,3),
 (11,0x524F4C455F4D4F445F5354414E44415244,0x524F4C455F4445534352495054494F4E5F4D4F445F5354414E44415244,0x6D5F,1),
 (12,0x524F4C455F4D4F445F53494D504C45,0x524F4C455F4445534352495054494F4E5F4D4F445F53494D504C45,0x6D5F,2),
 (13,0x524F4C455F4D4F445F5155455545,0x524F4C455F4445534352495054494F4E5F4D4F445F5155455545,0x6D5F,4),
 (14,0x524F4C455F464F52554D5F46554C4C,0x524F4C455F4445534352495054494F4E5F464F52554D5F46554C4C,0x665F,7),
 (15,0x524F4C455F464F52554D5F5354414E44415244,0x524F4C455F4445534352495054494F4E5F464F52554D5F5354414E44415244,0x665F,5),
 (16,0x524F4C455F464F52554D5F4E4F414343455353,0x524F4C455F4445534352495054494F4E5F464F52554D5F4E4F414343455353,0x665F,1),
 (17,0x524F4C455F464F52554D5F524541444F4E4C59,0x524F4C455F4445534352495054494F4E5F464F52554D5F524541444F4E4C59,0x665F,2),
 (18,0x524F4C455F464F52554D5F4C494D49544544,0x524F4C455F4445534352495054494F4E5F464F52554D5F4C494D49544544,0x665F,3),
 (19,0x524F4C455F464F52554D5F424F54,0x524F4C455F4445534352495054494F4E5F464F52554D5F424F54,0x665F,9),
 (20,0x524F4C455F464F52554D5F4F4E5155455545,0x524F4C455F4445534352495054494F4E5F464F52554D5F4F4E5155455545,0x665F,8),
 (21,0x524F4C455F464F52554D5F504F4C4C53,0x524F4C455F4445534352495054494F4E5F464F52554D5F504F4C4C53,0x665F,6),
 (22,0x524F4C455F464F52554D5F4C494D495445445F504F4C4C53,0x524F4C455F4445534352495054494F4E5F464F52554D5F4C494D495445445F504F4C4C53,0x665F,4),
 (23,0x524F4C455F555345525F4E45575F4D454D424552,0x524F4C455F4445534352495054494F4E5F555345525F4E45575F4D454D424552,0x755F,6),
 (24,0x524F4C455F464F52554D5F4E45575F4D454D424552,0x524F4C455F4445534352495054494F4E5F464F52554D5F4E45575F4D454D424552,0x665F,10),
 (25,0x54657374205363686F6F6C205465616368657220416363657373,'',0x665F,11),
 (26,0x54657374205363686F6F6C2053747564656E7420416363657373,'',0x665F,12),
 (27,0x54657374205363686F6F6C32205465616368657220416363657373,'',0x665F,13),
 (28,0x54657374205363686F6F6C322053747564656E7420416363657373,'',0x665F,14),
 (29,0x54657374205363686F6F6C3220524F20416363657373,'',0x665F,15),
 (67,0x4D6F68616E32205363686F6F6C20524F20416363657373,0x4D6F68616E32205363686F6F6C20524F20416363657373,0x665F,16),
 (68,0x4D6F68616E32205363686F6F6C205465616368657220416363657373,0x4D6F68616E32205363686F6F6C205465616368657220416363657373,0x665F,17),
 (69,0x4D6F68616E32205363686F6F6C2053747564656E7420416363657373,0x4D6F68616E32205363686F6F6C2053747564656E7420416363657373,0x665F,18),
 (70,0x4D6F68616E32205363686F6F6C20524F20416363657373,0x4D6F68616E32205363686F6F6C20524F20416363657373,0x665F,19),
 (71,0x4D6F68616E32205363686F6F6C205465616368657220416363657373,0x4D6F68616E32205363686F6F6C205465616368657220416363657373,0x665F,20),
 (72,0x4D6F68616E32205363686F6F6C2053747564656E7420416363657373,0x4D6F68616E32205363686F6F6C2053747564656E7420416363657373,0x665F,21),
 (73,0x4B425049205363686F6F6C20524F20416363657373,0x4B425049205363686F6F6C20524F20416363657373,0x665F,22),
 (74,0x4B425049205363686F6F6C205465616368657220416363657373,0x4B425049205363686F6F6C205465616368657220416363657373,0x665F,23),
 (75,0x4B425049205363686F6F6C2053747564656E7420416363657373,0x4B425049205363686F6F6C2053747564656E7420416363657373,0x665F,24),
 (76,0x20524F20416363657373,0x20524F20416363657373,0x665F,25),
 (77,0x417272617920525220416363657373,0x417272617920525220416363657373,0x665F,26),
 (78,0x417272617920525220416363657373,0x417272617920525220416363657373,0x665F,27),
 (79,0x417272617920525220416363657373,0x417272617920525220416363657373,0x665F,28),
 (80,0x417272617920525220416363657373,0x417272617920525220416363657373,0x665F,29),
 (81,0x4B425049205363686F6F6C5320524F20416363657373,0x4B425049205363686F6F6C5320524F20416363657373,0x665F,30),
 (82,0x4B425049205363686F6F6C5320525720416363657373,0x4B425049205363686F6F6C5320525720416363657373,0x665F,31),
 (83,0x4B425049205363686F6F6C5320524F20416363657373,0x4B425049205363686F6F6C5320524F20416363657373,0x665F,32),
 (84,0x4B425049205363686F6F6C5320525720416363657373,0x4B425049205363686F6F6C5320525720416363657373,0x665F,33),
 (85,0x4B425049205363686F6F6C5320524F20416363657373,0x4B425049205363686F6F6C5320524F20416363657373,0x665F,34),
 (86,0x4B425049205363686F6F6C5320525720416363657373,0x4B425049205363686F6F6C5320525720416363657373,0x665F,35),
 (87,0x6E6577207363686F6F6C313620524F20416363657373,0x6E6577207363686F6F6C313620524F20416363657373,0x665F,36),
 (88,0x6E6577207363686F6F6C313620525720416363657373,0x6E6577207363686F6F6C313620525720416363657373,0x665F,37),
 (89,0x6E6577207363686F6F6C313720524F20416363657373,0x6E6577207363686F6F6C313720524F20416363657373,0x665F,38),
 (90,0x6E6577207363686F6F6C313720525720416363657373,0x6E6577207363686F6F6C313720525720416363657373,0x665F,39),
 (91,0x6E6577207363686F6F6C31374772616465203120525220416363657373,0x6E6577207363686F6F6C31374772616465203120525220416363657373,0x665F,40),
 (92,0x6E6577207363686F6F6C31374772616465203120525220416363657373,0x6E6577207363686F6F6C31374772616465203120525220416363657373,0x665F,41),
 (93,0x6E6577207363686F6F6C31374772616465203120525220416363657373,0x6E6577207363686F6F6C31374772616465203120525220416363657373,0x665F,42),
 (94,0x596F75722066697273742063617465676F727944696C697020466F72756D20525220416363657373,0x596F75722066697273742063617465676F727944696C697020466F72756D20525220416363657373,0x665F,43),
 (95,0x596F75722066697273742063617465676F727944696C697020466F72756D20525220416363657373,0x596F75722066697273742063617465676F727944696C697020466F72756D20525220416363657373,0x665F,44),
 (96,0x596F75722066697273742063617465676F727944696C697020466F72756D20525220416363657373,0x596F75722066697273742063617465676F727944696C697020466F72756D20525220416363657373,0x665F,45),
 (97,0x596F75722066697273742063617465676F727944696C697020466F72756D20525220416363657373,0x596F75722066697273742063617465676F727944696C697020466F72756D20525220416363657373,0x665F,46),
 (98,0x4B425049205363686F6F6C20524F20416363657373,0x4B425049205363686F6F6C20524F20416363657373,0x665F,47),
 (99,0x4B425049205363686F6F6C20525720416363657373,0x4B425049205363686F6F6C20525720416363657373,0x665F,48),
 (100,0x4B425049205363686F6F6C44696C697020466F72756D20525220416363657373,0x4B425049205363686F6F6C44696C697020466F72756D20525220416363657373,0x665F,49),
 (101,0x4B425049205363686F6F6C20524F20416363657373,0x4B425049205363686F6F6C20524F20416363657373,0x665F,50),
 (102,0x4B425049205363686F6F6C20525720416363657373,0x4B425049205363686F6F6C20525720416363657373,0x665F,51),
 (103,0x4169726F6C693220524F20416363657373,0x4169726F6C693220524F20416363657373,0x665F,52),
 (104,0x4169726F6C693220525720416363657373,0x4169726F6C693220525720416363657373,0x665F,53),
 (105,0x4169726F6C69324169726F6C69203220466F72756D20525220416363657373,0x4169726F6C69324169726F6C69203220466F72756D20525220416363657373,0x665F,54),
 (106,0x4169726F6C69324169726F6C69203220326E6420466F72756D20525220416363657373,0x4169726F6C69324169726F6C69203220326E6420466F72756D20525220416363657373,0x665F,55),
 (107,0x4169726F6C6931323320524F20416363657373,0x4169726F6C6931323320524F20416363657373,0x665F,56),
 (108,0x4169726F6C6931323320525720416363657373,0x4169726F6C6931323320525720416363657373,0x665F,57),
 (109,0x4169726F6C69313220524F20416363657373,0x4169726F6C69313220524F20416363657373,0x665F,58),
 (110,0x4169726F6C69313220525720416363657373,0x4169726F6C69313220525720416363657373,0x665F,59),
 (111,0x436865636B696E6720524F20416363657373,0x436865636B696E6720524F20416363657373,0x665F,60),
 (112,0x436865636B696E6720525720416363657373,0x436865636B696E6720525720416363657373,0x665F,61),
 (113,0x4169726F6C69324D7920466F72756D20525220416363657373,0x4169726F6C69324D7920466F72756D20525220416363657373,0x665F,62),
 (114,0x4169726F6C6932436865636B204C696E6B205573657220466F72756D20525220416363657373,0x4169726F6C6932436865636B204C696E6B205573657220466F72756D20525220416363657373,0x665F,63),
 (115,0x4169726F6C6932436865636B204C696E6B205573657220466F72756D3120525220416363657373,0x4169726F6C6932436865636B204C696E6B205573657220466F72756D3120525220416363657373,0x665F,64),
 (116,0x4169726F6C6932436865636B20616761696E206C696E6B2075736572207769746820666F72756D20525220416363657373,0x4169726F6C6932436865636B20616761696E206C696E6B2075736572207769746820666F72756D20525220416363657373,0x665F,65),
 (117,0x4169726F6C69324E657720466F72756D20436865636B20525220416363657373,0x4169726F6C69324E657720466F72756D20436865636B20525220416363657373,0x665F,66),
 (118,0x53617261737761746920524F20416363657373,0x53617261737761746920524F20416363657373,0x665F,67),
 (119,0x53617261737761746920525720416363657373,0x53617261737761746920525720416363657373,0x665F,68),
 (120,0x53617261737761746953617261737761746920525220416363657373,0x53617261737761746953617261737761746920525220416363657373,0x665F,69);
/*!40000 ALTER TABLE `phpbb_acl_roles` ENABLE KEYS */;


--
-- Definition of table `phpbb_acl_roles_data`
--

DROP TABLE IF EXISTS `phpbb_acl_roles_data`;
CREATE TABLE `phpbb_acl_roles_data` (
  `role_id` mediumint(8) unsigned NOT NULL DEFAULT '0',
  `auth_option_id` mediumint(8) unsigned NOT NULL DEFAULT '0',
  `auth_setting` tinyint(2) NOT NULL DEFAULT '0',
  PRIMARY KEY (`role_id`,`auth_option_id`),
  KEY `ath_op_id` (`auth_option_id`)
) ENGINE=InnoDB DEFAULT CHARSET=utf8 COLLATE=utf8_bin;

--
-- Dumping data for table `phpbb_acl_roles_data`
--

/*!40000 ALTER TABLE `phpbb_acl_roles_data` DISABLE KEYS */;
INSERT INTO `phpbb_acl_roles_data` (`role_id`,`auth_option_id`,`auth_setting`) VALUES 
 (1,46,1),
 (1,48,1),
 (1,49,1),
 (1,50,1),
 (1,52,1),
 (1,53,1),
 (1,54,1),
 (1,58,1),
 (1,59,1),
 (1,60,1),
 (1,61,1),
 (1,62,1),
 (1,63,1),
 (1,64,1),
 (1,65,1),
 (1,66,1),
 (1,69,1),
 (1,71,1),
 (1,73,1),
 (1,74,1),
 (1,75,1),
 (1,76,1),
 (1,82,1),
 (1,83,1),
 (1,84,1),
 (1,85,1),
 (1,86,1),
 (1,87,1),
 (2,46,1),
 (2,49,1),
 (2,50,1),
 (2,59,1),
 (2,60,1),
 (2,61,1),
 (2,62,1),
 (2,69,1),
 (2,74,1),
 (2,82,1),
 (2,85,1),
 (2,86,1),
 (3,46,1),
 (3,49,1),
 (3,50,1),
 (3,52,1),
 (3,63,1),
 (3,64,1),
 (3,65,1),
 (3,75,1),
 (3,82,1),
 (3,83,1),
 (3,85,1),
 (3,86,1),
 (4,46,1),
 (4,47,1),
 (4,48,1),
 (4,49,1),
 (4,50,1),
 (4,51,1),
 (4,52,1),
 (4,53,1),
 (4,54,1),
 (4,55,1),
 (4,56,1),
 (4,57,1),
 (4,58,1),
 (4,59,1),
 (4,60,1),
 (4,61,1),
 (4,62,1),
 (4,63,1),
 (4,64,1),
 (4,65,1),
 (4,66,1),
 (4,67,1),
 (4,68,1),
 (4,69,1),
 (4,70,1),
 (4,71,1),
 (4,72,1),
 (4,73,1),
 (4,74,1),
 (4,75,1),
 (4,76,1),
 (4,77,1),
 (4,78,1),
 (4,79,1),
 (4,80,1),
 (4,81,1),
 (4,82,1),
 (4,83,1),
 (4,84,1),
 (4,85,1),
 (4,86,1),
 (4,87,1),
 (5,88,1),
 (5,89,1),
 (5,90,1),
 (5,91,1),
 (5,92,1),
 (5,93,1),
 (5,94,1),
 (5,95,1),
 (5,96,1),
 (5,97,1),
 (5,98,1),
 (5,99,1),
 (5,100,1),
 (5,101,1),
 (5,102,1),
 (5,103,1),
 (5,104,1),
 (5,105,1),
 (5,106,1),
 (5,107,1),
 (5,108,1),
 (5,109,1),
 (5,110,1),
 (5,111,1),
 (5,112,1),
 (5,113,1),
 (5,114,1),
 (5,115,1),
 (5,116,1),
 (5,117,1),
 (5,118,1),
 (5,119,1),
 (5,120,1),
 (5,121,1),
 (6,88,1),
 (6,89,1),
 (6,90,1),
 (6,91,1),
 (6,92,1),
 (6,95,1),
 (6,96,1),
 (6,97,1),
 (6,98,1),
 (6,100,1),
 (6,101,1),
 (6,102,1),
 (6,103,1),
 (6,104,1),
 (6,105,1),
 (6,106,1),
 (6,107,1),
 (6,110,1),
 (6,111,1),
 (6,112,1),
 (6,113,1),
 (6,114,1),
 (6,115,1),
 (6,116,1),
 (6,117,1),
 (6,118,1),
 (6,119,1),
 (6,121,1),
 (7,88,1),
 (7,90,1),
 (7,91,1),
 (7,92,1),
 (7,95,1),
 (7,96,1),
 (7,97,1),
 (7,98,1),
 (7,103,1),
 (7,104,1),
 (7,105,1),
 (7,106,1),
 (7,109,1),
 (7,110,1),
 (7,111,1),
 (7,112,1),
 (7,113,1),
 (7,118,1),
 (7,119,1),
 (7,121,1),
 (8,88,1),
 (8,90,1),
 (8,91,1),
 (8,92,1),
 (8,95,1),
 (8,97,1),
 (8,98,1),
 (8,100,0),
 (8,101,0),
 (8,113,0),
 (8,118,0),
 (8,119,1),
 (8,121,1),
 (9,88,1),
 (9,90,0),
 (9,91,1),
 (9,92,1),
 (9,95,1),
 (9,96,1),
 (9,97,1),
 (9,98,1),
 (9,103,1),
 (9,104,1),
 (9,105,1),
 (9,106,1),
 (9,109,1),
 (9,110,1),
 (9,111,1),
 (9,112,1),
 (9,113,1),
 (9,118,1),
 (9,119,1),
 (9,121,1),
 (10,32,1),
 (10,33,1),
 (10,34,1),
 (10,35,1),
 (10,36,1),
 (10,37,1),
 (10,38,1),
 (10,39,1),
 (10,40,1),
 (10,41,1),
 (10,42,1),
 (10,43,1),
 (10,44,1),
 (10,45,1),
 (11,32,1),
 (11,33,1),
 (11,35,1),
 (11,36,1),
 (11,37,1),
 (11,38,1),
 (11,39,1),
 (11,40,1),
 (11,41,1),
 (11,42,1),
 (11,43,1),
 (11,45,1),
 (12,32,1),
 (12,35,1),
 (12,36,1),
 (12,37,1),
 (12,41,1),
 (12,43,1),
 (13,32,1),
 (13,33,1),
 (13,36,1),
 (14,1,1),
 (14,2,1),
 (14,3,1),
 (14,4,1),
 (14,5,1),
 (14,6,1),
 (14,7,1),
 (14,8,1),
 (14,9,1),
 (14,10,1),
 (14,11,1),
 (14,12,1),
 (14,13,1),
 (14,14,1),
 (14,15,1),
 (14,16,1),
 (14,17,1),
 (14,18,1),
 (14,19,1),
 (14,20,1),
 (14,21,1),
 (14,22,1),
 (14,23,1),
 (14,24,1),
 (14,25,1),
 (14,26,1),
 (14,27,1),
 (14,28,1),
 (14,29,1),
 (14,30,1),
 (14,31,1),
 (15,1,1),
 (15,3,1),
 (15,4,1),
 (15,5,1),
 (15,6,1),
 (15,7,1),
 (15,8,1),
 (15,9,1),
 (15,11,1),
 (15,13,1),
 (15,14,1),
 (15,15,1),
 (15,17,1),
 (15,18,1),
 (15,19,1),
 (15,20,1),
 (15,21,1),
 (15,22,1),
 (15,23,1),
 (15,24,1),
 (15,25,1),
 (15,27,1),
 (15,29,1),
 (15,30,1),
 (15,31,1),
 (16,1,0),
 (17,1,1),
 (17,7,1),
 (17,14,1),
 (17,19,1),
 (17,20,1),
 (17,23,1),
 (17,27,1),
 (18,1,1),
 (18,4,1),
 (18,7,1),
 (18,8,1),
 (18,9,1),
 (18,13,1),
 (18,14,1),
 (18,15,1),
 (18,18,1),
 (18,19,1),
 (18,20,1),
 (18,21,1),
 (18,22,1),
 (18,23,1),
 (18,24,1),
 (18,25,1),
 (18,27,1),
 (18,29,1),
 (18,31,1),
 (19,1,1),
 (19,7,1),
 (19,14,1),
 (19,19,1),
 (19,20,1),
 (20,1,1),
 (20,3,1),
 (20,4,1),
 (20,7,1),
 (20,8,1),
 (20,9,1),
 (20,13,1),
 (20,14,1),
 (20,15,0),
 (20,17,1),
 (20,18,1),
 (20,19,1),
 (20,20,1),
 (20,21,1),
 (20,22,1),
 (20,23,1),
 (20,24,1),
 (20,25,1),
 (20,27,1),
 (20,29,1),
 (20,31,1),
 (21,1,1),
 (21,3,1),
 (21,4,1),
 (21,5,1),
 (21,6,1),
 (21,7,1),
 (21,8,1),
 (21,9,1),
 (21,11,1),
 (21,13,1),
 (21,14,1),
 (21,15,1),
 (21,16,1),
 (21,17,1),
 (21,18,1),
 (21,19,1),
 (21,20,1),
 (21,21,1),
 (21,22,1),
 (21,23,1),
 (21,24,1),
 (21,25,1),
 (21,27,1),
 (21,29,1),
 (21,30,1),
 (21,31,1),
 (22,1,1),
 (22,4,1),
 (22,7,1),
 (22,8,1),
 (22,9,1),
 (22,13,1),
 (22,14,1),
 (22,15,1),
 (22,16,1),
 (22,17,1),
 (22,18,1),
 (22,19,1),
 (22,20,1),
 (22,21,1),
 (22,22,1),
 (22,23,1),
 (22,24,1),
 (22,25,1),
 (22,27,1),
 (22,29,1),
 (22,31,1),
 (23,96,0),
 (23,100,0),
 (23,101,0),
 (23,118,0),
 (24,15,0),
 (25,1,1),
 (25,3,1),
 (25,4,1),
 (25,5,1),
 (25,6,1),
 (25,7,1),
 (25,8,1),
 (25,9,1),
 (25,11,1),
 (25,13,1),
 (25,14,1),
 (25,15,1),
 (25,17,1),
 (25,18,1),
 (25,19,1),
 (25,20,1),
 (25,21,1),
 (25,22,1),
 (25,23,1),
 (25,24,1),
 (25,25,1),
 (25,27,1),
 (25,28,1),
 (25,31,1),
 (26,1,1),
 (26,3,1),
 (26,4,1),
 (26,5,1),
 (26,6,1),
 (26,7,1),
 (26,8,1),
 (26,9,1),
 (26,11,1),
 (26,13,1),
 (26,14,1),
 (26,15,1),
 (26,18,1),
 (26,19,1),
 (26,20,1),
 (26,21,1),
 (26,22,1),
 (26,23,1),
 (26,24,1),
 (26,25,1),
 (26,27,1),
 (26,28,1),
 (26,31,1),
 (27,1,1),
 (27,3,1),
 (27,4,1),
 (27,5,1),
 (27,6,1),
 (27,7,1),
 (27,8,1),
 (27,9,1),
 (27,11,1),
 (27,13,1),
 (27,14,1),
 (27,15,1),
 (27,17,1),
 (27,18,1),
 (27,19,1),
 (27,20,1),
 (27,21,1),
 (27,22,1),
 (27,23,1),
 (27,24,1),
 (27,25,1),
 (27,27,1),
 (27,28,1),
 (27,31,1),
 (28,1,1),
 (28,3,1),
 (28,4,1),
 (28,5,1),
 (28,6,1),
 (28,7,1),
 (28,8,1),
 (28,9,1),
 (28,11,1),
 (28,13,1),
 (28,14,1),
 (28,15,1),
 (28,18,1),
 (28,19,1),
 (28,20,1),
 (28,21,1),
 (28,22,1),
 (28,23,1),
 (28,24,1),
 (28,25,1),
 (28,27,1),
 (28,28,1),
 (28,31,1),
 (29,1,1),
 (29,7,1),
 (29,14,1),
 (29,19,1),
 (29,20,1),
 (29,23,1),
 (29,27,1),
 (67,17,1),
 (68,15,1),
 (69,18,1),
 (70,17,1),
 (71,15,1),
 (72,18,1),
 (73,17,1),
 (74,15,1),
 (75,18,1),
 (76,17,1),
 (77,15,1),
 (77,18,1),
 (78,18,1),
 (79,17,1),
 (79,18,1),
 (80,15,1),
 (80,18,1),
 (81,17,1),
 (81,18,1),
 (82,15,1),
 (83,17,1),
 (84,15,1),
 (85,17,1),
 (86,15,1),
 (87,17,1),
 (88,15,1),
 (89,17,1),
 (90,15,1),
 (91,18,1),
 (92,18,1),
 (93,18,1),
 (94,18,1),
 (95,18,1),
 (96,18,1),
 (97,18,1),
 (98,17,1),
 (99,15,1),
 (100,18,1),
 (101,17,1),
 (102,15,1),
 (103,17,1),
 (104,15,1),
 (105,18,1),
 (106,18,1),
 (107,17,1),
 (108,15,1),
 (109,17,1),
 (110,15,1),
 (111,17,1),
 (112,15,1),
 (113,18,1),
 (114,18,1),
 (115,18,1),
 (116,18,1),
 (117,18,1),
 (118,17,1),
 (119,15,1),
 (120,18,1);
/*!40000 ALTER TABLE `phpbb_acl_roles_data` ENABLE KEYS */;


--
-- Definition of table `phpbb_acl_users`
--

DROP TABLE IF EXISTS `phpbb_acl_users`;
CREATE TABLE `phpbb_acl_users` (
  `user_id` mediumint(8) unsigned NOT NULL DEFAULT '0',
  `forum_id` mediumint(8) unsigned NOT NULL DEFAULT '0',
  `auth_option_id` mediumint(8) unsigned NOT NULL DEFAULT '0',
  `auth_role_id` mediumint(8) unsigned NOT NULL DEFAULT '0',
  `auth_setting` tinyint(2) NOT NULL DEFAULT '0',
  KEY `user_id` (`user_id`),
  KEY `auth_option_id` (`auth_option_id`),
  KEY `auth_role_id` (`auth_role_id`)
) ENGINE=InnoDB DEFAULT CHARSET=utf8 COLLATE=utf8_bin;

--
-- Dumping data for table `phpbb_acl_users`
--

/*!40000 ALTER TABLE `phpbb_acl_users` DISABLE KEYS */;
INSERT INTO `phpbb_acl_users` (`user_id`,`forum_id`,`auth_option_id`,`auth_role_id`,`auth_setting`) VALUES 
 (2,0,0,5,0);
/*!40000 ALTER TABLE `phpbb_acl_users` ENABLE KEYS */;


--
-- Definition of table `phpbb_attachments`
--

DROP TABLE IF EXISTS `phpbb_attachments`;
CREATE TABLE `phpbb_attachments` (
  `attach_id` mediumint(8) unsigned NOT NULL AUTO_INCREMENT,
  `post_msg_id` mediumint(8) unsigned NOT NULL DEFAULT '0',
  `topic_id` mediumint(8) unsigned NOT NULL DEFAULT '0',
  `in_message` tinyint(1) unsigned NOT NULL DEFAULT '0',
  `poster_id` mediumint(8) unsigned NOT NULL DEFAULT '0',
  `is_orphan` tinyint(1) unsigned NOT NULL DEFAULT '1',
  `physical_filename` varchar(255) COLLATE utf8_bin NOT NULL DEFAULT '',
  `real_filename` varchar(255) COLLATE utf8_bin NOT NULL DEFAULT '',
  `download_count` mediumint(8) unsigned NOT NULL DEFAULT '0',
  `attach_comment` text COLLATE utf8_bin NOT NULL,
  `extension` varchar(100) COLLATE utf8_bin NOT NULL DEFAULT '',
  `mimetype` varchar(100) COLLATE utf8_bin NOT NULL DEFAULT '',
  `filesize` int(20) unsigned NOT NULL DEFAULT '0',
  `filetime` int(11) unsigned NOT NULL DEFAULT '0',
  `thumbnail` tinyint(1) unsigned NOT NULL DEFAULT '0',
  PRIMARY KEY (`attach_id`),
  KEY `filetime` (`filetime`),
  KEY `post_msg_id` (`post_msg_id`),
  KEY `topic_id` (`topic_id`),
  KEY `poster_id` (`poster_id`),
  KEY `is_orphan` (`is_orphan`)
) ENGINE=InnoDB DEFAULT CHARSET=utf8 COLLATE=utf8_bin;

--
-- Dumping data for table `phpbb_attachments`
--

/*!40000 ALTER TABLE `phpbb_attachments` DISABLE KEYS */;
/*!40000 ALTER TABLE `phpbb_attachments` ENABLE KEYS */;


--
-- Definition of table `phpbb_banlist`
--

DROP TABLE IF EXISTS `phpbb_banlist`;
CREATE TABLE `phpbb_banlist` (
  `ban_id` mediumint(8) unsigned NOT NULL AUTO_INCREMENT,
  `ban_userid` mediumint(8) unsigned NOT NULL DEFAULT '0',
  `ban_ip` varchar(40) COLLATE utf8_bin NOT NULL DEFAULT '',
  `ban_email` varchar(100) COLLATE utf8_bin NOT NULL DEFAULT '',
  `ban_start` int(11) unsigned NOT NULL DEFAULT '0',
  `ban_end` int(11) unsigned NOT NULL DEFAULT '0',
  `ban_exclude` tinyint(1) unsigned NOT NULL DEFAULT '0',
  `ban_reason` varchar(255) COLLATE utf8_bin NOT NULL DEFAULT '',
  `ban_give_reason` varchar(255) COLLATE utf8_bin NOT NULL DEFAULT '',
  PRIMARY KEY (`ban_id`),
  KEY `ban_end` (`ban_end`),
  KEY `ban_user` (`ban_userid`,`ban_exclude`),
  KEY `ban_email` (`ban_email`,`ban_exclude`),
  KEY `ban_ip` (`ban_ip`,`ban_exclude`)
) ENGINE=InnoDB DEFAULT CHARSET=utf8 COLLATE=utf8_bin;

--
-- Dumping data for table `phpbb_banlist`
--

/*!40000 ALTER TABLE `phpbb_banlist` DISABLE KEYS */;
/*!40000 ALTER TABLE `phpbb_banlist` ENABLE KEYS */;


--
-- Definition of table `phpbb_bbcodes`
--

DROP TABLE IF EXISTS `phpbb_bbcodes`;
CREATE TABLE `phpbb_bbcodes` (
  `bbcode_id` smallint(4) unsigned NOT NULL DEFAULT '0',
  `bbcode_tag` varchar(16) COLLATE utf8_bin NOT NULL DEFAULT '',
  `bbcode_helpline` varchar(255) COLLATE utf8_bin NOT NULL DEFAULT '',
  `display_on_posting` tinyint(1) unsigned NOT NULL DEFAULT '0',
  `bbcode_match` text COLLATE utf8_bin NOT NULL,
  `bbcode_tpl` mediumtext COLLATE utf8_bin NOT NULL,
  `first_pass_match` mediumtext COLLATE utf8_bin NOT NULL,
  `first_pass_replace` mediumtext COLLATE utf8_bin NOT NULL,
  `second_pass_match` mediumtext COLLATE utf8_bin NOT NULL,
  `second_pass_replace` mediumtext COLLATE utf8_bin NOT NULL,
  PRIMARY KEY (`bbcode_id`),
  KEY `display_on_post` (`display_on_posting`)
) ENGINE=InnoDB DEFAULT CHARSET=utf8 COLLATE=utf8_bin;

--
-- Dumping data for table `phpbb_bbcodes`
--

/*!40000 ALTER TABLE `phpbb_bbcodes` DISABLE KEYS */;
/*!40000 ALTER TABLE `phpbb_bbcodes` ENABLE KEYS */;


--
-- Definition of table `phpbb_bookmarks`
--

DROP TABLE IF EXISTS `phpbb_bookmarks`;
CREATE TABLE `phpbb_bookmarks` (
  `topic_id` mediumint(8) unsigned NOT NULL DEFAULT '0',
  `user_id` mediumint(8) unsigned NOT NULL DEFAULT '0',
  PRIMARY KEY (`topic_id`,`user_id`)
) ENGINE=InnoDB DEFAULT CHARSET=utf8 COLLATE=utf8_bin;

--
-- Dumping data for table `phpbb_bookmarks`
--

/*!40000 ALTER TABLE `phpbb_bookmarks` DISABLE KEYS */;
/*!40000 ALTER TABLE `phpbb_bookmarks` ENABLE KEYS */;


--
-- Definition of table `phpbb_bots`
--

DROP TABLE IF EXISTS `phpbb_bots`;
CREATE TABLE `phpbb_bots` (
  `bot_id` mediumint(8) unsigned NOT NULL AUTO_INCREMENT,
  `bot_active` tinyint(1) unsigned NOT NULL DEFAULT '1',
  `bot_name` varchar(255) COLLATE utf8_bin NOT NULL DEFAULT '',
  `user_id` mediumint(8) unsigned NOT NULL DEFAULT '0',
  `bot_agent` varchar(255) COLLATE utf8_bin NOT NULL DEFAULT '',
  `bot_ip` varchar(255) COLLATE utf8_bin NOT NULL DEFAULT '',
  PRIMARY KEY (`bot_id`),
  KEY `bot_active` (`bot_active`)
) ENGINE=InnoDB AUTO_INCREMENT=46 DEFAULT CHARSET=utf8 COLLATE=utf8_bin;

--
-- Dumping data for table `phpbb_bots`
--

/*!40000 ALTER TABLE `phpbb_bots` DISABLE KEYS */;
INSERT INTO `phpbb_bots` (`bot_id`,`bot_active`,`bot_name`,`user_id`,`bot_agent`,`bot_ip`) VALUES 
 (1,1,0x416473426F74205B476F6F676C655D,3,0x416473426F742D476F6F676C65,''),
 (2,1,0x416C657861205B426F745D,4,0x69615F6172636869766572,''),
 (3,1,0x416C7461205669737461205B426F745D,5,0x53636F6F7465722F,''),
 (4,1,0x41736B204A6565766573205B426F745D,6,0x41736B204A6565766573,''),
 (5,1,0x4261696475205B5370696465725D,7,0x4261696475737069646572,''),
 (6,1,0x42696E67205B426F745D,8,0x62696E67626F742F,''),
 (7,1,0x457861626F74205B426F745D,9,0x457861626F74,''),
 (8,1,0x4641535420456E7465727072697365205B437261776C65725D,10,0x4641535420456E746572707269736520437261776C6572,''),
 (9,1,0x4641535420576562437261776C6572205B437261776C65725D,11,0x464153542D576562437261776C65722F,''),
 (10,1,0x4672616E636973205B426F745D,12,0x687474703A2F2F7777772E6E656F6D6F2E64652F,''),
 (11,1,0x47696761626F74205B426F745D,13,0x47696761626F742F,''),
 (12,1,0x476F6F676C6520416473656E7365205B426F745D,14,0x4D65646961706172746E6572732D476F6F676C65,''),
 (13,1,0x476F6F676C65204465736B746F70,15,0x476F6F676C65204465736B746F70,''),
 (14,1,0x476F6F676C65204665656466657463686572,16,0x46656564666574636865722D476F6F676C65,''),
 (15,1,0x476F6F676C65205B426F745D,17,0x476F6F676C65626F74,''),
 (16,1,0x48656973652049542D4D61726B74205B437261776C65725D,18,0x68656973652D49542D4D61726B742D437261776C6572,''),
 (17,1,0x4865726974726978205B437261776C65725D,19,0x68657269747269782F312E,''),
 (18,1,0x49424D205265736561726368205B426F745D,20,0x69626D2E636F6D2F63732F637261776C6572,''),
 (19,1,0x4943437261776C6572202D2049436A6F6273,21,0x4943437261776C6572202D2049436A6F6273,''),
 (20,1,0x69636869726F205B437261776C65725D,22,0x69636869726F2F,''),
 (21,1,0x4D616A65737469632D3132205B426F745D,23,0x4D4A3132626F742F,''),
 (22,1,0x4D657461676572205B426F745D,24,0x4D657461676572426F742F,''),
 (23,1,0x4D534E204E657773426C6F6773,25,0x6D736E626F742D4E657773426C6F67732F,''),
 (24,1,0x4D534E205B426F745D,26,0x6D736E626F742F,''),
 (25,1,0x4D534E626F74204D65646961,27,0x6D736E626F742D6D656469612F,''),
 (26,1,0x4E75746368205B426F745D,28,0x687474703A2F2F6C7563656E652E6170616368652E6F72672F6E757463682F,''),
 (27,1,0x4F6E6C696E65206C696E6B205B56616C696461746F725D,29,0x6F6E6C696E65206C696E6B2076616C696461746F72,''),
 (28,1,0x7073626F74205B5069637365617263685D,30,0x7073626F742F30,''),
 (29,1,0x53656E736973205B437261776C65725D,31,0x53656E7369732057656220437261776C6572,''),
 (30,1,0x53454F20437261776C6572,32,0x53454F2073656172636820437261776C65722F,''),
 (31,1,0x53656F6D61205B437261776C65725D,33,0x53656F6D61205B53454F20437261776C65725D,''),
 (32,1,0x53454F536561726368205B437261776C65725D,34,0x53454F7365617263682F,''),
 (33,1,0x536E61707079205B426F745D,35,0x536E617070792F312E31202820687474703A2F2F7777772E75726C7472656E64732E636F6D2F2029,''),
 (34,1,0x537465656C6572205B437261776C65725D,36,0x687474703A2F2F7777772E746B6C2E6969732E752D746F6B796F2E61632E6A702F7E637261776C65722F,''),
 (35,1,0x54656C656B6F6D205B426F745D,37,0x637261776C657261646D696E2E742D696E666F4074656C656B6F6D2E6465,''),
 (36,1,0x5475726E6974696E426F74205B426F745D,38,0x5475726E6974696E426F742F,''),
 (37,1,0x566F7961676572205B426F745D,39,0x766F79616765722F,''),
 (38,1,0x5733205B536974657365617263685D,40,0x5733205369746553656172636820437261776C6572,''),
 (39,1,0x573343205B4C696E6B636865636B5D,41,0x5733432D636865636B6C696E6B2F,''),
 (40,1,0x573343205B56616C696461746F725D,42,0x5733435F56616C696461746F72,''),
 (41,1,0x59614379205B426F745D,43,0x79616379626F74,''),
 (42,1,0x5961686F6F204D4D437261776C6572205B426F745D,44,0x5961686F6F2D4D4D437261776C65722F,''),
 (43,1,0x5961686F6F20536C757270205B426F745D,45,0x5961686F6F2120444520536C757270,''),
 (44,1,0x5961686F6F205B426F745D,46,0x5961686F6F2120536C757270,''),
 (45,1,0x5961686F6F5365656B6572205B426F745D,47,0x5961686F6F5365656B65722F,'');
/*!40000 ALTER TABLE `phpbb_bots` ENABLE KEYS */;


--
-- Definition of table `phpbb_config`
--

DROP TABLE IF EXISTS `phpbb_config`;
CREATE TABLE `phpbb_config` (
  `config_name` varchar(255) COLLATE utf8_bin NOT NULL DEFAULT '',
  `config_value` varchar(255) COLLATE utf8_bin NOT NULL DEFAULT '',
  `is_dynamic` tinyint(1) unsigned NOT NULL DEFAULT '0',
  PRIMARY KEY (`config_name`),
  KEY `is_dynamic` (`is_dynamic`)
) ENGINE=InnoDB DEFAULT CHARSET=utf8 COLLATE=utf8_bin;

--
-- Dumping data for table `phpbb_config`
--

/*!40000 ALTER TABLE `phpbb_config` DISABLE KEYS */;
INSERT INTO `phpbb_config` (`config_name`,`config_value`,`is_dynamic`) VALUES 
 (0x6163746976655F73657373696F6E73,0x30,0),
 (0x616464757365725F76657273696F6E,0x312E302E32,0),
 (0x616C6C6F775F6174746163686D656E7473,0x31,0),
 (0x616C6C6F775F6175746F6C6F67696E,0x31,0),
 (0x616C6C6F775F617661746172,0x31,0),
 (0x616C6C6F775F6176617461725F6772617661746172,0x30,0),
 (0x616C6C6F775F6176617461725F6C6F63616C,0x30,0),
 (0x616C6C6F775F6176617461725F72656D6F7465,0x30,0),
 (0x616C6C6F775F6176617461725F72656D6F74655F75706C6F6164,0x30,0),
 (0x616C6C6F775F6176617461725F75706C6F6164,0x31,0),
 (0x616C6C6F775F6262636F6465,0x31,0),
 (0x616C6C6F775F626972746864617973,0x31,0),
 (0x616C6C6F775F626F6F6B6D61726B73,0x31,0),
 (0x616C6C6F775F63646E,0x30,0),
 (0x616C6C6F775F656D61696C7265757365,0x30,0),
 (0x616C6C6F775F666F72756D5F6E6F74696679,0x31,0),
 (0x616C6C6F775F6C6976655F7365617263686573,0x31,0),
 (0x616C6C6F775F6D6173735F706D,0x31,0),
 (0x616C6C6F775F6E616D655F6368617273,0x555345524E414D455F43484152535F414E59,0),
 (0x616C6C6F775F6E616D656368616E6765,0x30,0),
 (0x616C6C6F775F6E6F63656E736F7273,0x30,0),
 (0x616C6C6F775F70617373776F72645F7265736574,0x31,0),
 (0x616C6C6F775F706D5F617474616368,0x30,0),
 (0x616C6C6F775F706D5F7265706F7274,0x31,0),
 (0x616C6C6F775F706F73745F666C617368,0x31,0),
 (0x616C6C6F775F706F73745F6C696E6B73,0x31,0),
 (0x616C6C6F775F707269766D7367,0x31,0),
 (0x616C6C6F775F717569636B5F7265706C79,0x31,0),
 (0x616C6C6F775F736967,0x31,0),
 (0x616C6C6F775F7369675F6262636F6465,0x31,0),
 (0x616C6C6F775F7369675F666C617368,0x30,0),
 (0x616C6C6F775F7369675F696D67,0x31,0),
 (0x616C6C6F775F7369675F6C696E6B73,0x31,0),
 (0x616C6C6F775F7369675F706D,0x31,0),
 (0x616C6C6F775F7369675F736D696C696573,0x31,0),
 (0x616C6C6F775F736D696C696573,0x31,0),
 (0x616C6C6F775F746F7069635F6E6F74696679,0x31,0),
 (0x6173736574735F76657273696F6E,0x35,0),
 (0x6174746163686D656E745F71756F7461,0x3532343238383030,0),
 (0x617574685F6262636F64655F706D,0x31,0),
 (0x617574685F666C6173685F706D,0x30,0),
 (0x617574685F696D675F706D,0x31,0),
 (0x617574685F6D6574686F64,0x6462,0),
 (0x617574685F736D696C6965735F706D,0x31,0),
 (0x6176617461725F66696C6573697A65,0x36313434,0),
 (0x6176617461725F67616C6C6572795F70617468,0x696D616765732F617661746172732F67616C6C657279,0),
 (0x6176617461725F6D61785F686569676874,0x3930,0),
 (0x6176617461725F6D61785F7769647468,0x3930,0),
 (0x6176617461725F6D696E5F686569676874,0x3230,0),
 (0x6176617461725F6D696E5F7769647468,0x3230,0),
 (0x6176617461725F70617468,0x696D616765732F617661746172732F75706C6F6164,0),
 (0x6176617461725F73616C74,0x3935316538316433663562333163373863646337393764653565346565633562,0),
 (0x626F6172645F636F6E74616374,0x6D6F68616E406369676E6F2D69742E636F6D,0),
 (0x626F6172645F636F6E746163745F6E616D65,'',0),
 (0x626F6172645F64697361626C65,0x30,0),
 (0x626F6172645F64697361626C655F6D7367,'',0),
 (0x626F6172645F656D61696C,0x6D6F68616E406369676E6F2D69742E636F6D,0),
 (0x626F6172645F656D61696C5F666F726D,0x30,0),
 (0x626F6172645F656D61696C5F736967,0x5468616E6B732C20546865204D616E6167656D656E74,0),
 (0x626F6172645F686964655F656D61696C73,0x31,0),
 (0x626F6172645F696E6465785F74657874,'',0),
 (0x626F6172645F737461727464617465,0x31343530353234323332,0),
 (0x626F6172645F74696D657A6F6E65,0x555443,0),
 (0x62726F777365725F636865636B,0x31,0),
 (0x62756D705F696E74657276616C,0x3130,0),
 (0x62756D705F74797065,0x64,0),
 (0x63616368655F6763,0x37323030,0),
 (0x63616368655F6C6173745F6763,0x31343534363633343936,1),
 (0x636170746368615F6764,0x31,0),
 (0x636170746368615F67645F33645F6E6F697365,0x31,0),
 (0x636170746368615F67645F666F6E7473,0x31,0),
 (0x636170746368615F67645F666F726567726F756E645F6E6F697365,0x30,0),
 (0x636170746368615F67645F77617665,0x30,0),
 (0x636170746368615F67645F785F67726964,0x3235,0),
 (0x636170746368615F67645F795F67726964,0x3235,0),
 (0x636170746368615F706C7567696E,0x636F72652E636170746368612E706C7567696E732E6764,0),
 (0x636865636B5F6174746163686D656E745F636F6E74656E74,0x31,0),
 (0x636865636B5F646E73626C,0x30,0),
 (0x6368675F70617373666F726365,0x30,0),
 (0x636F6E6669726D5F72656672657368,0x31,0),
 (0x636F6E746163745F61646D696E5F666F726D5F656E61626C65,0x31,0),
 (0x636F6F6B69655F646F6D61696E,0x3132372E302E302E31,0),
 (0x636F6F6B69655F6E616D65,0x7068706262335F3966346D64,0),
 (0x636F6F6B69655F70617468,0x2F,0),
 (0x636F6F6B69655F736563757265,0x30,0),
 (0x636F7070615F656E61626C65,0x30,0),
 (0x636F7070615F666178,'',0),
 (0x636F7070615F6D61696C,'',0),
 (0x63726F6E5F6C6F636B,0x30,1),
 (0x64617461626173655F6763,0x363034383030,0),
 (0x64617461626173655F6C6173745F6763,0x31343534353132393232,1),
 (0x64626D735F76657273696F6E,0x352E362E3137,0),
 (0x64656661756C745F64617465666F726D6174,0x44204D20642C205920673A692061,0),
 (0x64656661756C745F6C616E67,0x656E,0),
 (0x64656661756C745F7374796C65,0x31,0),
 (0x64656C6574655F74696D65,0x30,0),
 (0x646973706C61795F6C6173745F656469746564,0x31,0),
 (0x646973706C61795F6C6173745F7375626A656374,0x31,0),
 (0x646973706C61795F6F72646572,0x30,0),
 (0x656469745F74696D65,0x30,0),
 (0x656D61696C5F636865636B5F6D78,0x31,0),
 (0x656D61696C5F656E61626C65,0x31,0),
 (0x656D61696C5F66756E6374696F6E5F6E616D65,0x6D61696C,0),
 (0x656D61696C5F6D61785F6368756E6B5F73697A65,0x3530,0),
 (0x656D61696C5F7061636B6167655F73697A65,0x3230,0),
 (0x656E61626C655F636F6E6669726D,0x31,0),
 (0x656E61626C655F6D6F645F72657772697465,0x30,0),
 (0x656E61626C655F706D5F69636F6E73,0x31,0),
 (0x656E61626C655F706F73745F636F6E6669726D,0x31,0),
 (0x657874656E73696F6E5F666F7263655F756E737461626C65,0x30,0),
 (0x666565645F656E61626C65,0x31,0),
 (0x666565645F666F72756D,0x31,0),
 (0x666565645F687474705F61757468,0x30,0),
 (0x666565645F6974656D5F73746174697374696373,0x31,0),
 (0x666565645F6C696D69745F706F7374,0x3135,0),
 (0x666565645F6C696D69745F746F706963,0x3130,0),
 (0x666565645F6F766572616C6C,0x31,0),
 (0x666565645F6F766572616C6C5F666F72756D73,0x30,0),
 (0x666565645F746F706963,0x31,0),
 (0x666565645F746F706963735F616374697665,0x30,0),
 (0x666565645F746F706963735F6E6577,0x31,0),
 (0x666C6F6F645F696E74657276616C,0x3135,0),
 (0x666F7263655F7365727665725F76617273,0x30,0),
 (0x666F726D5F746F6B656E5F6C69666574696D65,0x37323030,0),
 (0x666F726D5F746F6B656E5F6D696E74696D65,0x30,0),
 (0x666F726D5F746F6B656E5F7369645F677565737473,0x31,0),
 (0x666F72776172645F706D,0x31,0),
 (0x666F727761726465645F666F725F636865636B,0x30,0),
 (0x66756C6C5F666F6C6465725F616374696F6E,0x32,0),
 (0x66756C6C746578745F6D7973716C5F6D61785F776F72645F6C656E,0x323534,0),
 (0x66756C6C746578745F6D7973716C5F6D696E5F776F72645F6C656E,0x34,0),
 (0x66756C6C746578745F6E61746976655F636F6D6D6F6E5F7468726573,0x35,0),
 (0x66756C6C746578745F6E61746976655F6C6F61645F757064,0x31,0),
 (0x66756C6C746578745F6E61746976655F6D61785F6368617273,0x3134,0),
 (0x66756C6C746578745F6E61746976655F6D696E5F6368617273,0x33,0),
 (0x66756C6C746578745F706F7374677265735F6D61785F776F72645F6C656E,0x323534,0),
 (0x66756C6C746578745F706F7374677265735F6D696E5F776F72645F6C656E,0x34,0),
 (0x66756C6C746578745F706F7374677265735F74735F6E616D65,0x73696D706C65,0),
 (0x66756C6C746578745F737068696E785F696E64657865725F6D656D5F6C696D6974,0x353132,0),
 (0x66756C6C746578745F737068696E785F73746F70776F726473,0x30,0),
 (0x677A69705F636F6D7072657373,0x30,0),
 (0x686F745F7468726573686F6C64,0x3235,0),
 (0x69636F6E735F70617468,0x696D616765732F69636F6E73,0),
 (0x696D675F6372656174655F7468756D626E61696C,0x30,0),
 (0x696D675F646973706C61795F696E6C696E6564,0x31,0),
 (0x696D675F696D616769636B,'',0),
 (0x696D675F6C696E6B5F686569676874,0x30,0),
 (0x696D675F6C696E6B5F7769647468,0x30,0),
 (0x696D675F6D61785F686569676874,0x30,0),
 (0x696D675F6D61785F7468756D625F7769647468,0x343030,0),
 (0x696D675F6D61785F7769647468,0x30,0),
 (0x696D675F6D696E5F7468756D625F66696C6573697A65,0x3132303030,0),
 (0x69705F636865636B,0x33,0),
 (0x69705F6C6F67696E5F6C696D69745F6D6178,0x3530,0),
 (0x69705F6C6F67696E5F6C696D69745F74696D65,0x3231363030,0),
 (0x69705F6C6F67696E5F6C696D69745F7573655F666F72776172646564,0x30,0),
 (0x6A61625F656E61626C65,0x30,0),
 (0x6A61625F686F7374,'',0),
 (0x6A61625F7061636B6167655F73697A65,0x3230,0),
 (0x6A61625F70617373776F7264,'',0),
 (0x6A61625F706F7274,0x35323232,0),
 (0x6A61625F7573655F73736C,0x30,0),
 (0x6A61625F757365726E616D65,'',0),
 (0x6C6173745F71756575655F72756E,0x30,1),
 (0x6C6461705F626173655F646E,'',0),
 (0x6C6461705F656D61696C,'',0),
 (0x6C6461705F70617373776F7264,'',0),
 (0x6C6461705F706F7274,'',0),
 (0x6C6461705F736572766572,'',0),
 (0x6C6461705F756964,'',0),
 (0x6C6461705F75736572,'',0),
 (0x6C6461705F757365725F66696C746572,'',0),
 (0x6C6567656E645F736F72745F67726F75706E616D65,0x30,0),
 (0x6C696D69745F6C6F6164,0x30,0),
 (0x6C696D69745F7365617263685F6C6F6164,0x30,0),
 (0x6C6F61645F616E6F6E5F6C61737472656164,0x30,0),
 (0x6C6F61645F626972746864617973,0x31,0),
 (0x6C6F61645F6370665F6D656D6265726C697374,0x31,0),
 (0x6C6F61645F6370665F706D,0x31,0),
 (0x6C6F61645F6370665F7669657770726F66696C65,0x31,0),
 (0x6C6F61645F6370665F76696577746F706963,0x31,0),
 (0x6C6F61645F64625F6C61737472656164,0x31,0),
 (0x6C6F61645F64625F747261636B,0x31,0),
 (0x6C6F61645F6A71756572795F75726C,0x2F2F616A61782E676F6F676C65617069732E636F6D2F616A61782F6C6962732F6A71756572792F312E31312E302F6A71756572792E6D696E2E6A73,0),
 (0x6C6F61645F6A756D70626F78,0x31,0),
 (0x6C6F61645F6D6F64657261746F7273,0x31,0),
 (0x6C6F61645F6E6F74696669636174696F6E73,0x31,0),
 (0x6C6F61645F6F6E6C696E65,0x31,0),
 (0x6C6F61645F6F6E6C696E655F677565737473,0x31,0),
 (0x6C6F61645F6F6E6C696E655F74696D65,0x35,0),
 (0x6C6F61645F6F6E6C696E65747261636B,0x31,0),
 (0x6C6F61645F736561726368,0x31,0),
 (0x6C6F61645F74706C636F6D70696C65,0x30,0),
 (0x6C6F61645F756E72656164735F736561726368,0x31,0),
 (0x6C6F61645F757365725F6163746976697479,0x31,0),
 (0x6D61785F6174746163686D656E7473,0x33,0),
 (0x6D61785F6174746163686D656E74735F706D,0x31,0),
 (0x6D61785F6175746F6C6F67696E5F74696D65,0x30,0),
 (0x6D61785F66696C6573697A65,0x323632313434,0),
 (0x6D61785F66696C6573697A655F706D,0x323632313434,0),
 (0x6D61785F6C6F67696E5F617474656D707473,0x33,0),
 (0x6D61785F6E616D655F6368617273,0x3230,0),
 (0x6D61785F6E756D5F7365617263685F6B6579776F726473,0x3130,0),
 (0x6D61785F706173735F6368617273,0x313030,0),
 (0x6D61785F706F6C6C5F6F7074696F6E73,0x3130,0),
 (0x6D61785F706F73745F6368617273,0x3630303030,0),
 (0x6D61785F706F73745F666F6E745F73697A65,0x323030,0),
 (0x6D61785F706F73745F696D675F686569676874,0x30,0),
 (0x6D61785F706F73745F696D675F7769647468,0x30,0),
 (0x6D61785F706F73745F736D696C696573,0x30,0),
 (0x6D61785F706F73745F75726C73,0x30,0),
 (0x6D61785F71756F74655F6465707468,0x33,0),
 (0x6D61785F7265675F617474656D707473,0x35,0),
 (0x6D61785F7369675F6368617273,0x323535,0),
 (0x6D61785F7369675F666F6E745F73697A65,0x323030,0),
 (0x6D61785F7369675F696D675F686569676874,0x30,0),
 (0x6D61785F7369675F696D675F7769647468,0x30,0),
 (0x6D61785F7369675F736D696C696573,0x30,0),
 (0x6D61785F7369675F75726C73,0x35,0),
 (0x6D696D655F7472696767657273,0x626F64797C686561647C68746D6C7C696D677C706C61696E746578747C6120687265667C7072657C7363726970747C7461626C657C7469746C65,0),
 (0x6D696E5F6E616D655F6368617273,0x33,0),
 (0x6D696E5F706173735F6368617273,0x36,0),
 (0x6D696E5F706F73745F6368617273,0x31,0),
 (0x6D696E5F7365617263685F617574686F725F6368617273,0x33,0),
 (0x6E65775F6D656D6265725F67726F75705F64656661756C74,0x30,0),
 (0x6E65775F6D656D6265725F706F73745F6C696D6974,0x33,0),
 (0x6E65776573745F757365725F636F6C6F7572,0x414130303030,1),
 (0x6E65776573745F757365725F6964,0x32,1),
 (0x6E65776573745F757365726E616D65,0x61646D696E,1),
 (0x6E756D5F66696C6573,0x30,1),
 (0x6E756D5F706F737473,0x30,1),
 (0x6E756D5F746F70696373,0x30,1),
 (0x6E756D5F7573657273,0x31,1),
 (0x6F766572726964655F757365725F7374796C65,0x30,0),
 (0x706173735F636F6D706C6578,0x504153535F545950455F414E59,0),
 (0x706C75706C6F61645F6C6173745F6763,0x30,1),
 (0x706C75706C6F61645F73616C74,0x3466653831366638666130336438333130663232666531373836393531653465,0),
 (0x706D5F656469745F74696D65,0x30,0),
 (0x706D5F6D61785F626F786573,0x34,0),
 (0x706D5F6D61785F6D736773,0x3530,0),
 (0x706D5F6D61785F726563697069656E7473,0x30,0),
 (0x706F7374735F7065725F70616765,0x3130,0),
 (0x7072696E745F706D,0x31,0),
 (0x7175657374696F6E6E616972655F756E697175655F6964,0x64343232363962303334343338376465,0),
 (0x71756575655F696E74657276616C,0x3630,0),
 (0x72616E645F73656564,0x3037313366343337613162633136393130636432396261303364353638653932,1),
 (0x72616E645F736565645F6C6173745F757064617465,0x31343534363635303834,1),
 (0x72616E6B735F70617468,0x696D616765732F72616E6B73,0),
 (0x726561645F6E6F74696669636174696F6E5F6578706972655F64617973,0x3330,0),
 (0x726561645F6E6F74696669636174696F6E5F6763,0x3836343030,0),
 (0x726561645F6E6F74696669636174696F6E5F6C6173745F6763,0x31343534363031323632,1),
 (0x7265636F72645F6F6E6C696E655F64617465,0x31343534363030343335,1),
 (0x7265636F72645F6F6E6C696E655F7573657273,0x34,1),
 (0x726566657265725F76616C69646174696F6E,0x31,0),
 (0x726571756972655F61637469766174696F6E,0x30,0),
 (0x7363726970745F70617468,0x2F706870626233,0),
 (0x7365617263685F616E6F6E796D6F75735F696E74657276616C,0x30,0),
 (0x7365617263685F626C6F636B5F73697A65,0x323530,0),
 (0x7365617263685F6763,0x37323030,0),
 (0x7365617263685F696E646578696E675F7374617465,'',1),
 (0x7365617263685F696E74657276616C,0x30,0),
 (0x7365617263685F6C6173745F6763,0x31343534363633353935,1),
 (0x7365617263685F73746F72655F726573756C7473,0x31383030,0),
 (0x7365617263685F74797065,0x5C70687062625C7365617263685C66756C6C746578745F6E6174697665,0),
 (0x7365637572655F616C6C6F775F64656E79,0x31,0),
 (0x7365637572655F616C6C6F775F656D7074795F72656665726572,0x31,0),
 (0x7365637572655F646F776E6C6F616473,0x30,0),
 (0x7365727665725F6E616D65,0x3132372E302E302E31,0),
 (0x7365727665725F706F7274,0x3830,0),
 (0x7365727665725F70726F746F636F6C,0x687474703A2F2F,0),
 (0x73657373696F6E5F6763,0x33363030,0),
 (0x73657373696F6E5F6C6173745F6763,0x31343534363632313833,1),
 (0x73657373696F6E5F6C656E677468,0x33363030,0),
 (0x736974655F64657363,0x412073686F7274207465787420746F20646573637269626520796F757220666F72756D,0),
 (0x736974655F686F6D655F74657874,'',0),
 (0x736974655F686F6D655F75726C,'',0),
 (0x736974656E616D65,0x796F7572646F6D61696E2E636F6D,0),
 (0x736D696C6965735F70617468,0x696D616765732F736D696C696573,0),
 (0x736D696C6965735F7065725F70616765,0x3530,0),
 (0x736D74705F617574685F6D6574686F64,0x504C41494E,0),
 (0x736D74705F64656C6976657279,0x30,0),
 (0x736D74705F686F7374,'',0),
 (0x736D74705F70617373776F7264,0x53336339393972217479,0),
 (0x736D74705F706F7274,0x3235,0),
 (0x736D74705F757365726E616D65,0x6D6F68616E406369676E6F2D69742E636F6D,0),
 (0x7465616D706167655F666F72756D73,0x31,0),
 (0x7465616D706167655F6D656D6265727368697073,0x31,0),
 (0x746F706963735F7065725F70616765,0x3235,0),
 (0x74706C5F616C6C6F775F706870,0x30,0),
 (0x75706C6F61645F6469725F73697A65,0x30,1),
 (0x75706C6F61645F69636F6E735F70617468,0x696D616765732F75706C6F61645F69636F6E73,0),
 (0x75706C6F61645F70617468,0x66696C6573,0),
 (0x7573655F73797374656D5F63726F6E,0x30,0),
 (0x76657273696F6E,0x332E312E36,0),
 (0x7761726E696E67735F6578706972655F64617973,0x3930,0),
 (0x7761726E696E67735F6763,0x3134343030,0),
 (0x7761726E696E67735F6C6173745F6763,0x31343534363536313338,1);
/*!40000 ALTER TABLE `phpbb_config` ENABLE KEYS */;


--
-- Definition of table `phpbb_config_text`
--

DROP TABLE IF EXISTS `phpbb_config_text`;
CREATE TABLE `phpbb_config_text` (
  `config_name` varchar(255) COLLATE utf8_bin NOT NULL DEFAULT '',
  `config_value` mediumtext COLLATE utf8_bin NOT NULL,
  PRIMARY KEY (`config_name`)
) ENGINE=InnoDB DEFAULT CHARSET=utf8 COLLATE=utf8_bin;

--
-- Dumping data for table `phpbb_config_text`
--

/*!40000 ALTER TABLE `phpbb_config_text` DISABLE KEYS */;
INSERT INTO `phpbb_config_text` (`config_name`,`config_value`) VALUES 
 (0x636F6E746163745F61646D696E5F696E666F,''),
 (0x636F6E746163745F61646D696E5F696E666F5F6269746669656C64,''),
 (0x636F6E746163745F61646D696E5F696E666F5F666C616773,0x37),
 (0x636F6E746163745F61646D696E5F696E666F5F756964,'');
/*!40000 ALTER TABLE `phpbb_config_text` ENABLE KEYS */;


--
-- Definition of table `phpbb_confirm`
--

DROP TABLE IF EXISTS `phpbb_confirm`;
CREATE TABLE `phpbb_confirm` (
  `confirm_id` char(32) COLLATE utf8_bin NOT NULL DEFAULT '',
  `session_id` char(32) COLLATE utf8_bin NOT NULL DEFAULT '',
  `confirm_type` tinyint(3) NOT NULL DEFAULT '0',
  `code` varchar(8) COLLATE utf8_bin NOT NULL DEFAULT '',
  `seed` int(10) unsigned NOT NULL DEFAULT '0',
  `attempts` mediumint(8) unsigned NOT NULL DEFAULT '0',
  PRIMARY KEY (`session_id`,`confirm_id`),
  KEY `confirm_type` (`confirm_type`)
) ENGINE=InnoDB DEFAULT CHARSET=utf8 COLLATE=utf8_bin;

--
-- Dumping data for table `phpbb_confirm`
--

/*!40000 ALTER TABLE `phpbb_confirm` DISABLE KEYS */;
INSERT INTO `phpbb_confirm` (`confirm_id`,`session_id`,`confirm_type`,`code`,`seed`,`attempts`) VALUES 
 (0x3734663233316335323663613536633661613039316530353762356531663161,0x6538396131656331356138363462323736633633383663363738356366306130,2,0x36484B5A445851,1002187671,0);
/*!40000 ALTER TABLE `phpbb_confirm` ENABLE KEYS */;


--
-- Definition of table `phpbb_disallow`
--

DROP TABLE IF EXISTS `phpbb_disallow`;
CREATE TABLE `phpbb_disallow` (
  `disallow_id` mediumint(8) unsigned NOT NULL AUTO_INCREMENT,
  `disallow_username` varchar(255) COLLATE utf8_bin NOT NULL DEFAULT '',
  PRIMARY KEY (`disallow_id`)
) ENGINE=InnoDB DEFAULT CHARSET=utf8 COLLATE=utf8_bin;

--
-- Dumping data for table `phpbb_disallow`
--

/*!40000 ALTER TABLE `phpbb_disallow` DISABLE KEYS */;
/*!40000 ALTER TABLE `phpbb_disallow` ENABLE KEYS */;


--
-- Definition of table `phpbb_drafts`
--

DROP TABLE IF EXISTS `phpbb_drafts`;
CREATE TABLE `phpbb_drafts` (
  `draft_id` mediumint(8) unsigned NOT NULL AUTO_INCREMENT,
  `user_id` mediumint(8) unsigned NOT NULL DEFAULT '0',
  `topic_id` mediumint(8) unsigned NOT NULL DEFAULT '0',
  `forum_id` mediumint(8) unsigned NOT NULL DEFAULT '0',
  `save_time` int(11) unsigned NOT NULL DEFAULT '0',
  `draft_subject` varchar(255) COLLATE utf8_bin NOT NULL DEFAULT '',
  `draft_message` mediumtext COLLATE utf8_bin NOT NULL,
  PRIMARY KEY (`draft_id`),
  KEY `save_time` (`save_time`)
) ENGINE=InnoDB DEFAULT CHARSET=utf8 COLLATE=utf8_bin;

--
-- Dumping data for table `phpbb_drafts`
--

/*!40000 ALTER TABLE `phpbb_drafts` DISABLE KEYS */;
/*!40000 ALTER TABLE `phpbb_drafts` ENABLE KEYS */;


--
-- Definition of table `phpbb_ext`
--

DROP TABLE IF EXISTS `phpbb_ext`;
CREATE TABLE `phpbb_ext` (
  `ext_name` varchar(255) COLLATE utf8_bin NOT NULL DEFAULT '',
  `ext_active` tinyint(1) unsigned NOT NULL DEFAULT '0',
  `ext_state` text COLLATE utf8_bin NOT NULL,
  UNIQUE KEY `ext_name` (`ext_name`)
) ENGINE=InnoDB DEFAULT CHARSET=utf8 COLLATE=utf8_bin;

--
-- Dumping data for table `phpbb_ext`
--

/*!40000 ALTER TABLE `phpbb_ext` DISABLE KEYS */;
INSERT INTO `phpbb_ext` (`ext_name`,`ext_active`,`ext_state`) VALUES 
 (0x70687062626D6F64646572732F61646475736572,1,0x623A303B),
 (0x746573742F70687042424A736F6E,0,0x623A303B),
 (0x763273746563682F72657374617069,1,0x623A303B);
/*!40000 ALTER TABLE `phpbb_ext` ENABLE KEYS */;


--
-- Definition of table `phpbb_extension_groups`
--

DROP TABLE IF EXISTS `phpbb_extension_groups`;
CREATE TABLE `phpbb_extension_groups` (
  `group_id` mediumint(8) unsigned NOT NULL AUTO_INCREMENT,
  `group_name` varchar(255) COLLATE utf8_bin NOT NULL DEFAULT '',
  `cat_id` tinyint(2) NOT NULL DEFAULT '0',
  `allow_group` tinyint(1) unsigned NOT NULL DEFAULT '0',
  `download_mode` tinyint(1) unsigned NOT NULL DEFAULT '1',
  `upload_icon` varchar(255) COLLATE utf8_bin NOT NULL DEFAULT '',
  `max_filesize` int(20) unsigned NOT NULL DEFAULT '0',
  `allowed_forums` text COLLATE utf8_bin NOT NULL,
  `allow_in_pm` tinyint(1) unsigned NOT NULL DEFAULT '0',
  PRIMARY KEY (`group_id`)
) ENGINE=InnoDB AUTO_INCREMENT=10 DEFAULT CHARSET=utf8 COLLATE=utf8_bin;

--
-- Dumping data for table `phpbb_extension_groups`
--

/*!40000 ALTER TABLE `phpbb_extension_groups` DISABLE KEYS */;
INSERT INTO `phpbb_extension_groups` (`group_id`,`group_name`,`cat_id`,`allow_group`,`download_mode`,`upload_icon`,`max_filesize`,`allowed_forums`,`allow_in_pm`) VALUES 
 (1,0x494D41474553,1,1,1,'',0,'',0),
 (2,0x4152434849564553,0,1,1,'',0,'',0),
 (3,0x504C41494E5F54455854,0,0,1,'',0,'',0),
 (4,0x444F43554D454E5453,0,0,1,'',0,'',0),
 (5,0x5245414C5F4D45444941,3,0,1,'',0,'',0),
 (6,0x57494E444F57535F4D45444941,2,0,1,'',0,'',0),
 (7,0x464C4153485F46494C4553,5,0,1,'',0,'',0),
 (8,0x515549434B54494D455F4D45444941,6,0,1,'',0,'',0),
 (9,0x444F574E4C4F414441424C455F46494C4553,0,0,1,'',0,'',0);
/*!40000 ALTER TABLE `phpbb_extension_groups` ENABLE KEYS */;


--
-- Definition of table `phpbb_extensions`
--

DROP TABLE IF EXISTS `phpbb_extensions`;
CREATE TABLE `phpbb_extensions` (
  `extension_id` mediumint(8) unsigned NOT NULL AUTO_INCREMENT,
  `group_id` mediumint(8) unsigned NOT NULL DEFAULT '0',
  `extension` varchar(100) COLLATE utf8_bin NOT NULL DEFAULT '',
  PRIMARY KEY (`extension_id`)
) ENGINE=InnoDB AUTO_INCREMENT=67 DEFAULT CHARSET=utf8 COLLATE=utf8_bin;

--
-- Dumping data for table `phpbb_extensions`
--

/*!40000 ALTER TABLE `phpbb_extensions` DISABLE KEYS */;
INSERT INTO `phpbb_extensions` (`extension_id`,`group_id`,`extension`) VALUES 
 (1,1,0x676966),
 (2,1,0x706E67),
 (3,1,0x6A706567),
 (4,1,0x6A7067),
 (5,1,0x746966),
 (6,1,0x74696666),
 (7,1,0x746761),
 (8,2,0x67746172),
 (9,2,0x677A),
 (10,2,0x746172),
 (11,2,0x7A6970),
 (12,2,0x726172),
 (13,2,0x616365),
 (14,2,0x746F7272656E74),
 (15,2,0x74677A),
 (16,2,0x627A32),
 (17,2,0x377A),
 (18,3,0x747874),
 (19,3,0x63),
 (20,3,0x68),
 (21,3,0x637070),
 (22,3,0x687070),
 (23,3,0x64697A),
 (24,3,0x637376),
 (25,3,0x696E69),
 (26,3,0x6C6F67),
 (27,3,0x6A73),
 (28,3,0x786D6C),
 (29,4,0x786C73),
 (30,4,0x786C7378),
 (31,4,0x786C736D),
 (32,4,0x786C7362),
 (33,4,0x646F63),
 (34,4,0x646F6378),
 (35,4,0x646F636D),
 (36,4,0x646F74),
 (37,4,0x646F7478),
 (38,4,0x646F746D),
 (39,4,0x706466),
 (40,4,0x6169),
 (41,4,0x7073),
 (42,4,0x707074),
 (43,4,0x70707478),
 (44,4,0x7070746D),
 (45,4,0x6F6467),
 (46,4,0x6F6470),
 (47,4,0x6F6473),
 (48,4,0x6F6474),
 (49,4,0x727466),
 (50,5,0x726D),
 (51,5,0x72616D),
 (52,6,0x776D61),
 (53,6,0x776D76),
 (54,7,0x737766),
 (55,8,0x6D6F76),
 (56,8,0x6D3476),
 (57,8,0x6D3461),
 (58,8,0x6D7034),
 (59,8,0x336770),
 (60,8,0x336732),
 (61,8,0x7174),
 (62,9,0x6D706567),
 (63,9,0x6D7067),
 (64,9,0x6D7033),
 (65,9,0x6F6767),
 (66,9,0x6F676D);
/*!40000 ALTER TABLE `phpbb_extensions` ENABLE KEYS */;


--
-- Definition of table `phpbb_forums`
--

DROP TABLE IF EXISTS `phpbb_forums`;
CREATE TABLE `phpbb_forums` (
  `forum_id` mediumint(8) unsigned NOT NULL AUTO_INCREMENT,
  `parent_id` mediumint(8) unsigned NOT NULL DEFAULT '0',
  `left_id` mediumint(8) unsigned NOT NULL DEFAULT '0',
  `right_id` mediumint(8) unsigned NOT NULL DEFAULT '0',
  `forum_parents` mediumtext COLLATE utf8_bin NOT NULL,
  `forum_name` varchar(255) COLLATE utf8_bin NOT NULL DEFAULT '',
  `forum_desc` text COLLATE utf8_bin NOT NULL,
  `forum_desc_bitfield` varchar(255) COLLATE utf8_bin NOT NULL DEFAULT '',
  `forum_desc_options` int(11) unsigned NOT NULL DEFAULT '7',
  `forum_desc_uid` varchar(8) COLLATE utf8_bin NOT NULL DEFAULT '',
  `forum_link` varchar(255) COLLATE utf8_bin NOT NULL DEFAULT '',
  `forum_password` varchar(255) COLLATE utf8_bin NOT NULL DEFAULT '',
  `forum_style` mediumint(8) unsigned NOT NULL DEFAULT '0',
  `forum_image` varchar(255) COLLATE utf8_bin NOT NULL DEFAULT '',
  `forum_rules` text COLLATE utf8_bin NOT NULL,
  `forum_rules_link` varchar(255) COLLATE utf8_bin NOT NULL DEFAULT '',
  `forum_rules_bitfield` varchar(255) COLLATE utf8_bin NOT NULL DEFAULT '',
  `forum_rules_options` int(11) unsigned NOT NULL DEFAULT '7',
  `forum_rules_uid` varchar(8) COLLATE utf8_bin NOT NULL DEFAULT '',
  `forum_topics_per_page` tinyint(4) NOT NULL DEFAULT '0',
  `forum_type` tinyint(4) NOT NULL DEFAULT '0',
  `forum_status` tinyint(4) NOT NULL DEFAULT '0',
  `forum_last_post_id` mediumint(8) unsigned NOT NULL DEFAULT '0',
  `forum_last_poster_id` mediumint(8) unsigned NOT NULL DEFAULT '0',
  `forum_last_post_subject` varchar(255) COLLATE utf8_bin NOT NULL DEFAULT '',
  `forum_last_post_time` int(11) unsigned NOT NULL DEFAULT '0',
  `forum_last_poster_name` varchar(255) COLLATE utf8_bin NOT NULL DEFAULT '',
  `forum_last_poster_colour` varchar(6) COLLATE utf8_bin NOT NULL DEFAULT '',
  `forum_flags` tinyint(4) NOT NULL DEFAULT '32',
  `display_on_index` tinyint(1) unsigned NOT NULL DEFAULT '1',
  `enable_indexing` tinyint(1) unsigned NOT NULL DEFAULT '1',
  `enable_icons` tinyint(1) unsigned NOT NULL DEFAULT '1',
  `enable_prune` tinyint(1) unsigned NOT NULL DEFAULT '0',
  `prune_next` int(11) unsigned NOT NULL DEFAULT '0',
  `prune_days` mediumint(8) unsigned NOT NULL DEFAULT '0',
  `prune_viewed` mediumint(8) unsigned NOT NULL DEFAULT '0',
  `prune_freq` mediumint(8) unsigned NOT NULL DEFAULT '0',
  `display_subforum_list` tinyint(1) unsigned NOT NULL DEFAULT '1',
  `forum_options` int(20) unsigned NOT NULL DEFAULT '0',
  `enable_shadow_prune` tinyint(1) unsigned NOT NULL DEFAULT '0',
  `prune_shadow_days` mediumint(8) unsigned NOT NULL DEFAULT '7',
  `prune_shadow_freq` mediumint(8) unsigned NOT NULL DEFAULT '1',
  `prune_shadow_next` int(11) NOT NULL DEFAULT '0',
  `forum_posts_approved` mediumint(8) unsigned NOT NULL DEFAULT '0',
  `forum_posts_unapproved` mediumint(8) unsigned NOT NULL DEFAULT '0',
  `forum_posts_softdeleted` mediumint(8) unsigned NOT NULL DEFAULT '0',
  `forum_topics_approved` mediumint(8) unsigned NOT NULL DEFAULT '0',
  `forum_topics_unapproved` mediumint(8) unsigned NOT NULL DEFAULT '0',
  `forum_topics_softdeleted` mediumint(8) unsigned NOT NULL DEFAULT '0',
  PRIMARY KEY (`forum_id`),
  KEY `left_right_id` (`left_id`,`right_id`),
  KEY `forum_lastpost_id` (`forum_last_post_id`)
) ENGINE=InnoDB AUTO_INCREMENT=64 DEFAULT CHARSET=utf8 COLLATE=utf8_bin;

--
-- Dumping data for table `phpbb_forums`
--

/*!40000 ALTER TABLE `phpbb_forums` DISABLE KEYS */;
/*!40000 ALTER TABLE `phpbb_forums` ENABLE KEYS */;


--
-- Definition of table `phpbb_forums_access`
--

DROP TABLE IF EXISTS `phpbb_forums_access`;
CREATE TABLE `phpbb_forums_access` (
  `forum_id` mediumint(8) unsigned NOT NULL DEFAULT '0',
  `user_id` mediumint(8) unsigned NOT NULL DEFAULT '0',
  `session_id` char(32) COLLATE utf8_bin NOT NULL DEFAULT '',
  PRIMARY KEY (`forum_id`,`user_id`,`session_id`)
) ENGINE=InnoDB DEFAULT CHARSET=utf8 COLLATE=utf8_bin;

--
-- Dumping data for table `phpbb_forums_access`
--

/*!40000 ALTER TABLE `phpbb_forums_access` DISABLE KEYS */;
/*!40000 ALTER TABLE `phpbb_forums_access` ENABLE KEYS */;


--
-- Definition of table `phpbb_forums_track`
--

DROP TABLE IF EXISTS `phpbb_forums_track`;
CREATE TABLE `phpbb_forums_track` (
  `user_id` mediumint(8) unsigned NOT NULL DEFAULT '0',
  `forum_id` mediumint(8) unsigned NOT NULL DEFAULT '0',
  `mark_time` int(11) unsigned NOT NULL DEFAULT '0',
  PRIMARY KEY (`user_id`,`forum_id`)
) ENGINE=InnoDB DEFAULT CHARSET=utf8 COLLATE=utf8_bin;

--
-- Dumping data for table `phpbb_forums_track`
--

/*!40000 ALTER TABLE `phpbb_forums_track` DISABLE KEYS */;
/*!40000 ALTER TABLE `phpbb_forums_track` ENABLE KEYS */;


--
-- Definition of table `phpbb_forums_watch`
--

DROP TABLE IF EXISTS `phpbb_forums_watch`;
CREATE TABLE `phpbb_forums_watch` (
  `forum_id` mediumint(8) unsigned NOT NULL DEFAULT '0',
  `user_id` mediumint(8) unsigned NOT NULL DEFAULT '0',
  `notify_status` tinyint(1) unsigned NOT NULL DEFAULT '0',
  KEY `forum_id` (`forum_id`),
  KEY `user_id` (`user_id`),
  KEY `notify_stat` (`notify_status`)
) ENGINE=InnoDB DEFAULT CHARSET=utf8 COLLATE=utf8_bin;

--
-- Dumping data for table `phpbb_forums_watch`
--

/*!40000 ALTER TABLE `phpbb_forums_watch` DISABLE KEYS */;
/*!40000 ALTER TABLE `phpbb_forums_watch` ENABLE KEYS */;


--
-- Definition of table `phpbb_groups`
--

DROP TABLE IF EXISTS `phpbb_groups`;
CREATE TABLE `phpbb_groups` (
  `group_id` mediumint(8) unsigned NOT NULL AUTO_INCREMENT,
  `group_type` tinyint(4) NOT NULL DEFAULT '1',
  `group_founder_manage` tinyint(1) unsigned NOT NULL DEFAULT '0',
  `group_skip_auth` tinyint(1) unsigned NOT NULL DEFAULT '0',
  `group_name` varchar(255) COLLATE utf8_bin NOT NULL DEFAULT '',
  `group_desc` text COLLATE utf8_bin NOT NULL,
  `group_desc_bitfield` varchar(255) COLLATE utf8_bin NOT NULL DEFAULT '',
  `group_desc_options` int(11) unsigned NOT NULL DEFAULT '7',
  `group_desc_uid` varchar(8) COLLATE utf8_bin NOT NULL DEFAULT '',
  `group_display` tinyint(1) unsigned NOT NULL DEFAULT '0',
  `group_avatar` varchar(255) COLLATE utf8_bin NOT NULL DEFAULT '',
  `group_avatar_type` varchar(255) COLLATE utf8_bin NOT NULL DEFAULT '',
  `group_avatar_width` smallint(4) unsigned NOT NULL DEFAULT '0',
  `group_avatar_height` smallint(4) unsigned NOT NULL DEFAULT '0',
  `group_rank` mediumint(8) unsigned NOT NULL DEFAULT '0',
  `group_colour` varchar(6) COLLATE utf8_bin NOT NULL DEFAULT '',
  `group_sig_chars` mediumint(8) unsigned NOT NULL DEFAULT '0',
  `group_receive_pm` tinyint(1) unsigned NOT NULL DEFAULT '0',
  `group_message_limit` mediumint(8) unsigned NOT NULL DEFAULT '0',
  `group_legend` mediumint(8) unsigned NOT NULL DEFAULT '0',
  `group_max_recipients` mediumint(8) unsigned NOT NULL DEFAULT '0',
  PRIMARY KEY (`group_id`),
  KEY `group_legend_name` (`group_legend`,`group_name`)
) ENGINE=InnoDB AUTO_INCREMENT=115 DEFAULT CHARSET=utf8 COLLATE=utf8_bin;

--
-- Dumping data for table `phpbb_groups`
--

/*!40000 ALTER TABLE `phpbb_groups` DISABLE KEYS */;
INSERT INTO `phpbb_groups` (`group_id`,`group_type`,`group_founder_manage`,`group_skip_auth`,`group_name`,`group_desc`,`group_desc_bitfield`,`group_desc_options`,`group_desc_uid`,`group_display`,`group_avatar`,`group_avatar_type`,`group_avatar_width`,`group_avatar_height`,`group_rank`,`group_colour`,`group_sig_chars`,`group_receive_pm`,`group_message_limit`,`group_legend`,`group_max_recipients`) VALUES 
 (1,3,0,0,0x475545535453,'','',7,'',0,'','',0,0,0,'',0,0,0,0,5),
 (2,3,0,0,0x52454749535445524544,'','',7,'',0,'','',0,0,0,'',0,0,0,0,5),
 (3,3,0,0,0x524547495354455245445F434F505041,'','',7,'',0,'','',0,0,0,'',0,0,0,0,5),
 (4,3,0,0,0x474C4F42414C5F4D4F44455241544F5253,'','',7,'',0,'','',0,0,0,0x303041413030,0,0,0,2,0),
 (5,3,1,0,0x41444D494E4953545241544F5253,'','',7,'',0,'','',0,0,0,0x414130303030,0,0,0,1,0),
 (6,3,0,0,0x424F5453,'','',7,'',0,'','',0,0,0,0x394538444137,0,0,0,0,5),
 (7,3,0,0,0x4E45574C595F52454749535445524544,'','',7,'',0,'','',0,0,0,'',0,0,0,0,5);
/*!40000 ALTER TABLE `phpbb_groups` ENABLE KEYS */;


--
-- Definition of table `phpbb_icons`
--

DROP TABLE IF EXISTS `phpbb_icons`;
CREATE TABLE `phpbb_icons` (
  `icons_id` mediumint(8) unsigned NOT NULL AUTO_INCREMENT,
  `icons_url` varchar(255) COLLATE utf8_bin NOT NULL DEFAULT '',
  `icons_width` tinyint(4) NOT NULL DEFAULT '0',
  `icons_height` tinyint(4) NOT NULL DEFAULT '0',
  `icons_order` mediumint(8) unsigned NOT NULL DEFAULT '0',
  `display_on_posting` tinyint(1) unsigned NOT NULL DEFAULT '1',
  PRIMARY KEY (`icons_id`),
  KEY `display_on_posting` (`display_on_posting`)
) ENGINE=InnoDB AUTO_INCREMENT=11 DEFAULT CHARSET=utf8 COLLATE=utf8_bin;

--
-- Dumping data for table `phpbb_icons`
--

/*!40000 ALTER TABLE `phpbb_icons` DISABLE KEYS */;
INSERT INTO `phpbb_icons` (`icons_id`,`icons_url`,`icons_width`,`icons_height`,`icons_order`,`display_on_posting`) VALUES 
 (1,0x6D6973632F666972652E676966,16,16,1,1),
 (2,0x736D696C652F726564666163652E676966,16,16,9,1),
 (3,0x736D696C652F6D72677265656E2E676966,16,16,10,1),
 (4,0x6D6973632F68656172742E676966,16,16,4,1),
 (5,0x6D6973632F737461722E676966,16,16,2,1),
 (6,0x6D6973632F726164696F6163746976652E676966,16,16,3,1),
 (7,0x6D6973632F7468696E6B696E672E676966,16,16,5,1),
 (8,0x736D696C652F696E666F2E676966,16,16,8,1),
 (9,0x736D696C652F7175657374696F6E2E676966,16,16,6,1),
 (10,0x736D696C652F616C6572742E676966,16,16,7,1);
/*!40000 ALTER TABLE `phpbb_icons` ENABLE KEYS */;


--
-- Definition of table `phpbb_lang`
--

DROP TABLE IF EXISTS `phpbb_lang`;
CREATE TABLE `phpbb_lang` (
  `lang_id` tinyint(4) NOT NULL AUTO_INCREMENT,
  `lang_iso` varchar(30) COLLATE utf8_bin NOT NULL DEFAULT '',
  `lang_dir` varchar(30) COLLATE utf8_bin NOT NULL DEFAULT '',
  `lang_english_name` varchar(100) COLLATE utf8_bin NOT NULL DEFAULT '',
  `lang_local_name` varchar(255) COLLATE utf8_bin NOT NULL DEFAULT '',
  `lang_author` varchar(255) COLLATE utf8_bin NOT NULL DEFAULT '',
  PRIMARY KEY (`lang_id`),
  KEY `lang_iso` (`lang_iso`)
) ENGINE=InnoDB AUTO_INCREMENT=2 DEFAULT CHARSET=utf8 COLLATE=utf8_bin;

--
-- Dumping data for table `phpbb_lang`
--

/*!40000 ALTER TABLE `phpbb_lang` DISABLE KEYS */;
INSERT INTO `phpbb_lang` (`lang_id`,`lang_iso`,`lang_dir`,`lang_english_name`,`lang_local_name`,`lang_author`) VALUES 
 (1,0x656E,0x656E,0x4272697469736820456E676C697368,0x4272697469736820456E676C697368,0x7068704242204C696D69746564);
/*!40000 ALTER TABLE `phpbb_lang` ENABLE KEYS */;


--
-- Definition of table `phpbb_log`
--

DROP TABLE IF EXISTS `phpbb_log`;
CREATE TABLE `phpbb_log` (
  `log_id` mediumint(8) unsigned NOT NULL AUTO_INCREMENT,
  `log_type` tinyint(4) NOT NULL DEFAULT '0',
  `user_id` mediumint(8) unsigned NOT NULL DEFAULT '0',
  `forum_id` mediumint(8) unsigned NOT NULL DEFAULT '0',
  `topic_id` mediumint(8) unsigned NOT NULL DEFAULT '0',
  `reportee_id` mediumint(8) unsigned NOT NULL DEFAULT '0',
  `log_ip` varchar(40) COLLATE utf8_bin NOT NULL DEFAULT '',
  `log_time` int(11) unsigned NOT NULL DEFAULT '0',
  `log_operation` text COLLATE utf8_bin NOT NULL,
  `log_data` mediumtext COLLATE utf8_bin NOT NULL,
  PRIMARY KEY (`log_id`),
  KEY `log_type` (`log_type`),
  KEY `forum_id` (`forum_id`),
  KEY `topic_id` (`topic_id`),
  KEY `reportee_id` (`reportee_id`),
  KEY `user_id` (`user_id`)
) ENGINE=InnoDB AUTO_INCREMENT=376 DEFAULT CHARSET=utf8 COLLATE=utf8_bin;

--
-- Dumping data for table `phpbb_log`
--

/*!40000 ALTER TABLE `phpbb_log` DISABLE KEYS */;
INSERT INTO `phpbb_log` (`log_id`,`log_type`,`user_id`,`forum_id`,`topic_id`,`reportee_id`,`log_ip`,`log_time`,`log_operation`,`log_data`) VALUES 
 (1,2,2,0,0,0,0x3132372E302E302E31,1450524294,0x4C4F475F4552524F525F454D41494C,0x613A313A7B693A303B733A3331373A223C7374726F6E673E454D41494C2F5048502F6D61696C28293C2F7374726F6E673E3C6272202F3E3C656D3E2F7068706262332F696E7374616C6C2F696E6465782E7068703C2F656D3E3C6272202F3E3C6272202F3E4572726E6F20323A206D61696C28293A204661696C656420746F20636F6E6E65637420746F206D61696C736572766572206174202671756F743B6C6F63616C686F73742671756F743B20706F72742032352C2076657269667920796F7572202671756F743B534D54502671756F743B20616E64202671756F743B736D74705F706F72742671756F743B2073657474696E6720696E207068702E696E69206F722075736520696E695F7365742829206174205B524F4F545D2F696E636C756465732F66756E6374696F6E735F6D657373656E6765722E706870206C696E6520313732353C6272202F3E223B7D),
 (2,0,2,0,0,0,0x3132372E302E302E31,1450524294,0x4C4F475F494E5354414C4C5F494E5354414C4C4544,0x613A313A7B693A303B733A353A22332E312E36223B7D),
 (3,0,2,0,0,0,0x3132372E302E302E31,1451717028,0x4C4F475F41444D494E5F415554485F53554343455353,''),
 (4,0,2,0,0,0,0x3132372E302E302E31,1451717275,0x4C4F475F47524F55505F43524541544544,0x613A313A7B693A303B733A31313A2254657374205363686F6F6C223B7D),
 (5,0,2,0,0,0,0x3132372E302E302E31,1451717470,0x4C4F475F41434C5F44454C5F41444D494E5F474C4F42414C5F415F,0x613A313A7B693A303B733A31313A2254657374205363686F6F6C223B7D),
 (6,0,2,0,0,0,0x3132372E302E302E31,1451717722,0x4C4F475F464F52554D5F414444,0x613A313A7B693A303B733A31313A2254657374205363686F6F6C223B7D),
 (7,0,2,0,0,0,0x3132372E302E302E31,1451717826,0x4C4F475F464F52554D5F414444,0x613A313A7B693A303B733A393A2254657374546F706963223B7D),
 (8,0,2,0,0,0,0x3132372E302E302E31,1451717981,0x4C4F475F464F52554D5F45444954,0x613A313A7B693A303B733A393A2254657374546F706963223B7D),
 (9,0,2,0,0,0,0x3132372E302E302E31,1451718145,0x4C4F475F464F52554D5F53594E43,0x613A313A7B693A303B733A393A2254657374546F706963223B7D),
 (10,0,2,0,0,0,0x3132372E302E302E31,1451718822,0x4C4F475F41434C5F4144445F464F52554D5F4C4F43414C5F465F,0x613A323A7B693A303B733A31313A2254657374205363686F6F6C223B693A313B733A39363A223C7370616E20636C6173733D22736570223E476C6F62616C206D6F64657261746F72733C2F7370616E3E2C203C7370616E20636C6173733D22736570223E41646D696E6973747261746F72733C2F7370616E3E2C2054657374205363686F6F6C223B7D),
 (11,0,2,0,0,0,0x3132372E302E302E31,1451720522,0x4C4F475F41434C5F44454C5F464F52554D5F4C4F43414C5F465F,0x613A323A7B693A303B733A31313A2254657374205363686F6F6C223B693A313B733A33393A223C7370616E20636C6173733D22736570223E41646D696E6973747261746F72733C2F7370616E3E223B7D),
 (12,0,2,0,0,0,0x3132372E302E302E31,1451725864,0x4C4F475F41444D494E5F415554485F53554343455353,''),
 (13,0,2,0,0,0,0x3132372E302E302E31,1451727328,0x4C4F475F4D4F44554C455F414444,0x613A313A7B693A303B733A31323A224143505F4144445F55534552223B7D),
 (14,0,2,0,0,0,0x3132372E302E302E31,1451727329,0x4C4F475F4558545F454E41424C45,0x613A313A7B693A303B733A32303A2270687062626D6F64646572732F61646475736572223B7D),
 (15,0,2,0,0,0,0x3132372E302E302E31,1451727427,0x4C4F475F55534552535F4144444544,0x613A323A7B693A303B733A31313A2254657374205363686F6F6C223B693A313B733A31313A226D6F68616E636865656D61223B7D),
 (16,0,2,0,0,0,0x3132372E302E302E31,1451727427,0x4C4F475F555345525F4144444544,0x613A313A7B693A303B733A31313A226D6F68616E636865656D61223B7D),
 (17,2,2,0,0,0,0x3132372E302E302E31,1451727429,0x4C4F475F4552524F525F454D41494C,0x613A313A7B693A303B733A3331333A223C7374726F6E673E454D41494C2F5048502F6D61696C28293C2F7374726F6E673E3C6272202F3E3C656D3E2F7068706262332F61646D2F696E6465782E7068703C2F656D3E3C6272202F3E3C6272202F3E4572726E6F20323A206D61696C28293A204661696C656420746F20636F6E6E65637420746F206D61696C736572766572206174202671756F743B6C6F63616C686F73742671756F743B20706F72742032352C2076657269667920796F7572202671756F743B534D54502671756F743B20616E64202671756F743B736D74705F706F72742671756F743B2073657474696E6720696E207068702E696E69206F722075736520696E695F7365742829206174205B524F4F545D2F696E636C756465732F66756E6374696F6E735F6D657373656E6765722E706870206C696E6520313732353C6272202F3E223B7D),
 (18,0,2,0,0,0,0x3132372E302E302E31,1451728276,0x4C4F475F47524F55505F43524541544544,0x613A313A7B693A303B733A31363A2254657374205363686F6F6C2055736572223B7D),
 (19,0,2,0,0,0,0x3132372E302E302E31,1451728310,0x4C4F475F47524F55505F52454D4F5645,0x613A323A7B693A303B733A31313A2254657374205363686F6F6C223B693A313B733A31313A226D6F68616E636865656D61223B7D),
 (20,0,2,0,0,0,0x3132372E302E302E31,1451728339,0x4C4F475F55534552535F4144444544,0x613A323A7B693A303B733A31363A2254657374205363686F6F6C2055736572223B693A313B733A31313A226D6F68616E636865656D61223B7D),
 (22,0,2,0,0,0,0x3132372E302E302E31,1451728379,0x4C4F475F555345525F555345525F555044415445,0x613A313A7B693A303B733A31313A226D6F68616E636865656D61223B7D),
 (23,0,2,0,0,0,0x3132372E302E302E31,1451728513,0x4C4F475F41434C5F4144445F464F52554D5F4C4F43414C5F465F,0x613A323A7B693A303B733A393A2254657374546F706963223B693A313B733A31363A2254657374205363686F6F6C2055736572223B7D),
 (24,0,2,0,0,0,0x3132372E302E302E31,1451728534,0x4C4F475F41434C5F4144445F464F52554D5F4C4F43414C5F465F,0x613A323A7B693A303B733A393A2254657374546F706963223B693A313B733A31313A2254657374205363686F6F6C223B7D),
 (25,0,2,0,0,0,0x3132372E302E302E31,1451728604,0x4C4F475F464F52554D5F45444954,0x613A313A7B693A303B733A31313A2254657374205363686F6F6C223B7D),
 (26,0,2,0,0,0,0x3132372E302E302E31,1451728658,0x4C4F475F41434C5F4144445F464F52554D5F4C4F43414C5F465F,0x613A323A7B693A303B733A31313A2254657374205363686F6F6C223B693A313B733A31363A2254657374205363686F6F6C2055736572223B7D),
 (27,0,2,0,0,0,0x3132372E302E302E31,1451729115,0x4C4F475F465F524F4C455F414444,0x613A313A7B693A303B733A32373A2254657374205363686F6F6C205374616E6461726420416363657373223B7D),
 (28,0,2,0,0,0,0x3132372E302E302E31,1451729487,0x4C4F475F465F524F4C455F45444954,0x613A313A7B693A303B733A32363A2254657374205363686F6F6C205465616368657220416363657373223B7D),
 (29,0,2,0,0,0,0x3132372E302E302E31,1451729557,0x4C4F475F465F524F4C455F414444,0x613A313A7B693A303B733A32363A2254657374205363686F6F6C2053747564656E7420416363657373223B7D),
 (30,0,2,0,0,0,0x3132372E302E302E31,1451729624,0x4C4F475F555345525F4144444544,0x613A313A7B693A303B733A31323A226D6F68616E636865656D6131223B7D),
 (31,2,2,0,0,0,0x3132372E302E302E31,1451729626,0x4C4F475F4552524F525F454D41494C,0x613A313A7B693A303B733A3331333A223C7374726F6E673E454D41494C2F5048502F6D61696C28293C2F7374726F6E673E3C6272202F3E3C656D3E2F7068706262332F61646D2F696E6465782E7068703C2F656D3E3C6272202F3E3C6272202F3E4572726E6F20323A206D61696C28293A204661696C656420746F20636F6E6E65637420746F206D61696C736572766572206174202671756F743B6C6F63616C686F73742671756F743B20706F72742032352C2076657269667920796F7572202671756F743B534D54502671756F743B20616E64202671756F743B736D74705F706F72742671756F743B2073657474696E6720696E207068702E696E69206F722075736520696E695F7365742829206174205B524F4F545D2F696E636C756465732F66756E6374696F6E735F6D657373656E6765722E706870206C696E6520313732353C6272202F3E223B7D),
 (32,0,2,0,0,0,0x3132372E302E302E31,1451729681,0x4C4F475F47524F55505F55504441544544,0x613A313A7B693A303B733A31393A2254657374205363686F6F6C2054656163686572223B7D),
 (33,0,2,0,0,0,0x3132372E302E302E31,1451729717,0x4C4F475F47524F55505F43524541544544,0x613A313A7B693A303B733A31393A2254657374205363686F6F6C2053747564656E74223B7D),
 (34,0,2,0,0,0,0x3132372E302E302E31,1451729735,0x4C4F475F55534552535F4144444544,0x613A323A7B693A303B733A31393A2254657374205363686F6F6C2053747564656E74223B693A313B733A31323A226D6F68616E636865656D6131223B7D),
 (35,0,2,0,0,0,0x3132372E302E302E31,1451729784,0x4C4F475F41434C5F4144445F47524F55505F4C4F43414C5F465F,0x613A323A7B693A303B733A32323A2254657374205363686F6F6C2C2054657374546F706963223B693A313B733A31393A2254657374205363686F6F6C2053747564656E74223B7D),
 (36,0,2,0,0,0,0x3132372E302E302E31,1451730006,0x4C4F475F464F52554D5F414444,0x613A313A7B693A303B733A31333A2254657374205363686F6F6C2032223B7D),
 (37,0,2,0,0,0,0x3132372E302E302E31,1451730058,0x4C4F475F47524F55505F43524541544544,0x613A313A7B693A303B733A31323A2254657374205363686F6F6C32223B7D),
 (38,0,2,0,0,0,0x3132372E302E302E31,1451730084,0x4C4F475F47524F55505F43524541544544,0x613A313A7B693A303B733A32303A2254657374205363686F6F6C322054656163686572223B7D),
 (39,0,2,0,0,0,0x3132372E302E302E31,1451730110,0x4C4F475F47524F55505F43524541544544,0x613A313A7B693A303B733A32303A2254657374205363686F6F6C322053747564656E74223B7D),
 (40,0,2,0,0,0,0x3132372E302E302E31,1451730172,0x4C4F475F465F524F4C455F414444,0x613A313A7B693A303B733A32373A2254657374205363686F6F6C32205465616368657220416363657373223B7D),
 (41,0,2,0,0,0,0x3132372E302E302E31,1451730204,0x4C4F475F465F524F4C455F414444,0x613A313A7B693A303B733A32373A2254657374205363686F6F6C322053747564656E7420416363657373223B7D),
 (42,0,2,0,0,0,0x3132372E302E302E31,1451730264,0x4C4F475F55534552535F4144444544,0x613A323A7B693A303B733A32303A2254657374205363686F6F6C322054656163686572223B693A313B733A31323A226D6F68616E636865656D6132223B7D),
 (43,0,2,0,0,0,0x3132372E302E302E31,1451730264,0x4C4F475F555345525F4144444544,0x613A313A7B693A303B733A31323A226D6F68616E636865656D6132223B7D),
 (44,2,2,0,0,0,0x3132372E302E302E31,1451730265,0x4C4F475F4552524F525F454D41494C,0x613A313A7B693A303B733A3331333A223C7374726F6E673E454D41494C2F5048502F6D61696C28293C2F7374726F6E673E3C6272202F3E3C656D3E2F7068706262332F61646D2F696E6465782E7068703C2F656D3E3C6272202F3E3C6272202F3E4572726E6F20323A206D61696C28293A204661696C656420746F20636F6E6E65637420746F206D61696C736572766572206174202671756F743B6C6F63616C686F73742671756F743B20706F72742032352C2076657269667920796F7572202671756F743B534D54502671756F743B20616E64202671756F743B736D74705F706F72742671756F743B2073657474696E6720696E207068702E696E69206F722075736520696E695F7365742829206174205B524F4F545D2F696E636C756465732F66756E6374696F6E735F6D657373656E6765722E706870206C696E6520313732353C6272202F3E223B7D),
 (45,0,2,0,0,0,0x3132372E302E302E31,1451730322,0x4C4F475F55534552535F4144444544,0x613A323A7B693A303B733A32303A2254657374205363686F6F6C322053747564656E74223B693A313B733A31323A226D6F68616E636865656D6133223B7D),
 (46,0,2,0,0,0,0x3132372E302E302E31,1451730322,0x4C4F475F555345525F4144444544,0x613A313A7B693A303B733A31323A226D6F68616E636865656D6133223B7D),
 (47,2,2,0,0,0,0x3132372E302E302E31,1451730323,0x4C4F475F4552524F525F454D41494C,0x613A313A7B693A303B733A3331333A223C7374726F6E673E454D41494C2F5048502F6D61696C28293C2F7374726F6E673E3C6272202F3E3C656D3E2F7068706262332F61646D2F696E6465782E7068703C2F656D3E3C6272202F3E3C6272202F3E4572726E6F20323A206D61696C28293A204661696C656420746F20636F6E6E65637420746F206D61696C736572766572206174202671756F743B6C6F63616C686F73742671756F743B20706F72742032352C2076657269667920796F7572202671756F743B534D54502671756F743B20616E64202671756F743B736D74705F706F72742671756F743B2073657474696E6720696E207068702E696E69206F722075736520696E695F7365742829206174205B524F4F545D2F696E636C756465732F66756E6374696F6E735F6D657373656E6765722E706870206C696E6520313732353C6272202F3E223B7D),
 (48,0,2,0,0,0,0x3132372E302E302E31,1451730400,0x4C4F475F41434C5F44454C5F464F52554D5F4C4F43414C5F465F,0x613A323A7B693A303B733A31313A2254657374205363686F6F6C223B693A313B733A35363A2254657374205363686F6F6C322C2054657374205363686F6F6C3220546561636865722C2054657374205363686F6F6C322053747564656E74223B7D),
 (49,0,2,0,0,0,0x3132372E302E302E31,1451730420,0x4C4F475F41434C5F44454C5F464F52554D5F4C4F43414C5F465F,0x613A323A7B693A303B733A393A2254657374546F706963223B693A313B733A35363A2254657374205363686F6F6C322C2054657374205363686F6F6C3220546561636865722C2054657374205363686F6F6C322053747564656E74223B7D),
 (50,0,2,0,0,0,0x3132372E302E302E31,1451730474,0x4C4F475F41434C5F4144445F464F52554D5F4C4F43414C5F465F,0x613A323A7B693A303B733A31333A2254657374205363686F6F6C2032223B693A313B733A35363A2254657374205363686F6F6C322C2054657374205363686F6F6C3220546561636865722C2054657374205363686F6F6C322053747564656E74223B7D),
 (51,0,2,0,0,0,0x3132372E302E302E31,1451730497,0x4C4F475F41434C5F4144445F464F52554D5F4C4F43414C5F465F,0x613A323A7B693A303B733A31333A2254657374205363686F6F6C2032223B693A313B733A31323A2254657374205363686F6F6C32223B7D),
 (52,0,2,0,0,0,0x3132372E302E302E31,1451730553,0x4C4F475F464F52554D5F414444,0x613A313A7B693A303B733A31323A2254657374203220466F72756D223B7D),
 (53,0,2,0,0,0,0x3132372E302E302E31,1451730554,0x4C4F475F464F52554D5F434F504945445F5045524D495353494F4E53,0x613A323A7B693A303B733A31333A2254657374205363686F6F6C2032223B693A313B733A31323A2254657374203220466F72756D223B7D),
 (54,0,2,0,0,0,0x3132372E302E302E31,1451730916,0x4C4F475F464F52554D5F414444,0x613A313A7B693A303B733A32313A22546573742052656164204F6E6C7920466F72756D73223B7D),
 (55,0,2,0,0,0,0x3132372E302E302E31,1451731022,0x4C4F475F465F524F4C455F414444,0x613A313A7B693A303B733A32323A2254657374205363686F6F6C3220524F20416363657373223B7D),
 (56,0,2,0,0,0,0x3132372E302E302E31,1451731131,0x4C4F475F41434C5F4144445F464F52554D5F4C4F43414C5F465F,0x613A323A7B693A303B733A32313A22546573742052656164204F6E6C7920466F72756D73223B693A313B733A35363A2254657374205363686F6F6C322C2054657374205363686F6F6C3220546561636865722C2054657374205363686F6F6C322053747564656E74223B7D),
 (57,0,2,0,0,0,0x3132372E302E302E31,1451733414,0x4C4F475F41434C5F4144445F464F52554D5F4C4F43414C5F465F,0x613A323A7B693A303B733A32323A2254657374205363686F6F6C2C2054657374546F706963223B693A313B733A33393A223C7370616E20636C6173733D22736570223E41646D696E6973747261746F72733C2F7370616E3E223B7D),
 (58,0,2,0,0,0,0x3132372E302E302E31,1451733434,0x4C4F475F41434C5F44454C5F464F52554D5F4C4F43414C5F465F,0x613A323A7B693A303B733A32323A2254657374205363686F6F6C2C2054657374546F706963223B693A313B733A34323A223C7370616E20636C6173733D22736570223E476C6F62616C206D6F64657261746F72733C2F7370616E3E223B7D),
 (59,0,2,0,0,0,0x3132372E302E302E31,1451733473,0x4C4F475F41434C5F4144445F464F52554D5F4C4F43414C5F465F,0x613A323A7B693A303B733A35303A2254657374205363686F6F6C20322C2054657374203220466F72756D2C20546573742052656164204F6E6C7920466F72756D73223B693A313B733A33393A223C7370616E20636C6173733D22736570223E41646D696E6973747261746F72733C2F7370616E3E223B7D),
 (60,0,2,0,0,0,0x3132372E302E302E31,1452331335,0x4C4F475F41444D494E5F415554485F53554343455353,''),
 (61,0,2,0,0,0,0x3132372E302E302E31,1452331370,0x4C4F475F41444D494E5F415554485F53554343455353,''),
 (62,0,2,0,0,0,0x3132372E302E302E31,1452331387,0x4C4F475F4558545F454E41424C45,0x613A313A7B693A303B733A31353A22763273746563682F72657374617069223B7D),
 (63,0,2,0,0,0,0x3132372E302E302E31,1452333388,0x4C4F475F4558545F44495341424C45,0x613A313A7B693A303B733A31353A22763273746563682F72657374617069223B7D),
 (64,0,2,0,0,0,0x3132372E302E302E31,1452333878,0x4C4F475F4558545F454E41424C45,0x613A313A7B693A303B733A31343A22746573742F70687042424A736F6E223B7D),
 (65,0,2,0,0,0,0x3132372E302E302E31,1452336047,0x4C4F475F4558545F44495341424C45,0x613A313A7B693A303B733A31343A22746573742F70687042424A736F6E223B7D),
 (66,0,2,0,0,0,0x3132372E302E302E31,1452336063,0x4C4F475F4558545F454E41424C45,0x613A313A7B693A303B733A31353A22763273746563682F72657374617069223B7D),
 (67,0,2,0,0,0,0x3132372E302E302E31,1452340204,0x4C4F475F41444D494E5F415554485F53554343455353,''),
 (68,0,2,0,0,0,0x3132372E302E302E31,1452340587,0x4C4F475F41434C5F5452414E534645525F5045524D495353494F4E53,0x613A313A7B693A303B733A31313A226D6F68616E636865656D61223B7D),
 (69,0,2,0,0,0,0x3132372E302E302E31,1452340605,0x4C4F475F41434C5F524553544F52455F5045524D495353494F4E53,0x613A313A7B693A303B733A31313A226D6F68616E636865656D61223B7D),
 (70,0,1,0,0,0,'',1452426571,0x4C4F475F464F52554D5F414444,0x613A313A7B693A303B733A31333A2256697368616C205363686F6F6C223B7D),
 (71,0,1,0,0,0,'',1452426789,0x4C4F475F464F52554D5F414444,0x613A313A7B693A303B733A323A223130223B7D),
 (72,0,2,0,0,0,0x3132372E302E302E31,1452427286,0x4C4F475F41444D494E5F415554485F53554343455353,''),
 (73,0,2,0,0,0,0x3132372E302E302E31,1452432056,0x4C4F475F41444D494E5F415554485F53554343455353,''),
 (74,0,1,0,0,0,'',1453020719,0x4C4F475F47524F55505F43524541544544,0x613A313A7B693A303B733A31383A224D6F68616E205363686F6F6C2047726F7570223B7D),
 (75,0,1,0,0,0,'',1453020719,0x4C4F475F47524F55505F43524541544544,0x613A313A7B693A303B733A32363A224D6F68616E205363686F6F6C20546561636865722047726F7570223B7D),
 (76,0,1,0,0,0,'',1453020719,0x4C4F475F47524F55505F43524541544544,0x613A313A7B693A303B733A32373A224D6F68616E205363686F6F6C2053747564656E74732047726F7570223B7D),
 (77,0,1,0,0,0,'',1453028391,0x4C4F475F47524F55505F43524541544544,0x613A313A7B693A303B733A32313A224D6F68616E205363686F6F6C20524F2047726F7570223B7D),
 (78,0,1,0,0,0,'',1453028391,0x4C4F475F47524F55505F43524541544544,0x613A313A7B693A303B733A32363A224D6F68616E205363686F6F6C20546561636865722047726F7570223B7D),
 (79,0,1,0,0,0,'',1453028391,0x4C4F475F47524F55505F43524541544544,0x613A313A7B693A303B733A32373A224D6F68616E205363686F6F6C2053747564656E74732047726F7570223B7D),
 (80,0,1,0,0,0,'',1453029192,0x4C4F475F47524F55505F43524541544544,0x613A313A7B693A303B733A32313A224D6F68616E205363686F6F6C20524F2047726F7570223B7D),
 (81,0,1,0,0,0,'',1453029192,0x4C4F475F47524F55505F43524541544544,0x613A313A7B693A303B733A32363A224D6F68616E205363686F6F6C20546561636865722047726F7570223B7D),
 (82,0,1,0,0,0,'',1453029193,0x4C4F475F47524F55505F43524541544544,0x613A313A7B693A303B733A32373A224D6F68616E205363686F6F6C2053747564656E74732047726F7570223B7D),
 (83,0,1,0,0,0,'',1453029794,0x4C4F475F47524F55505F43524541544544,0x613A313A7B693A303B733A32313A224D6F68616E205363686F6F6C20524F2047726F7570223B7D),
 (84,0,1,0,0,0,'',1453029794,0x4C4F475F47524F55505F43524541544544,0x613A313A7B693A303B733A32363A224D6F68616E205363686F6F6C20546561636865722047726F7570223B7D),
 (85,0,1,0,0,0,'',1453029794,0x4C4F475F47524F55505F43524541544544,0x613A313A7B693A303B733A32373A224D6F68616E205363686F6F6C2053747564656E74732047726F7570223B7D),
 (86,0,1,0,0,0,'',1453034540,0x4C4F475F464F52554D5F414444,0x613A313A7B693A303B733A31333A224D6F68616E32205363686F6F6C223B7D),
 (87,0,2,0,0,0,0x3132372E302E302E31,1453034663,0x4C4F475F41444D494E5F415554485F53554343455353,''),
 (88,0,2,0,0,0,0x3132372E302E302E31,1453034745,0x4C4F475F41434C5F4144445F47524F55505F4C4F43414C5F465F,0x613A323A7B693A303B733A31333A224D6F68616E32205363686F6F6C223B693A313B733A32323A224D6F68616E32205363686F6F6C20524F2047726F7570223B7D),
 (89,0,2,0,0,0,0x3132372E302E302E31,1453034776,0x4C4F475F41434C5F4144445F47524F55505F4C4F43414C5F465F,0x613A323A7B693A303B733A31333A224D6F68616E32205363686F6F6C223B693A313B733A32373A224D6F68616E32205363686F6F6C20546561636865722047726F7570223B7D),
 (90,0,1,0,0,0,'',1453034987,0x4C4F475F464F52554D5F414444,0x613A313A7B693A303B733A31313A224B425049205363686F6F6C223B7D),
 (91,0,1,0,0,0,'',1453036030,0x4C4F475F464F52554D5F414444,0x613A313A7B693A303B733A373A2247726164652031223B7D),
 (92,0,1,0,0,0,'',1453036067,0x4C4F475F464F52554D5F414444,0x613A313A7B693A303B733A373A2247726164652031223B7D),
 (93,0,1,0,0,0,'',1453036122,0x4C4F475F464F52554D5F414444,0x613A313A7B693A303B733A373A2247726164652031223B7D),
 (94,0,1,0,0,0,'',1453036237,0x4C4F475F464F52554D5F414444,0x613A313A7B693A303B733A373A2247726164652031223B7D),
 (95,0,1,0,0,0,'',1453036293,0x4C4F475F464F52554D5F414444,0x613A313A7B693A303B733A373A2247726164652031223B7D),
 (96,0,2,0,0,0,0x3132372E302E302E31,1453036417,0x4C4F475F41444D494E5F415554485F53554343455353,''),
 (97,0,2,0,0,0,0x3132372E302E302E31,1453036453,0x4C4F475F41434C5F4144445F464F52554D5F4C4F43414C5F465F,0x613A323A7B693A303B733A31313A224B425049205363686F6F6C223B693A313B733A33393A223C7370616E20636C6173733D22736570223E41646D696E6973747261746F72733C2F7370616E3E223B7D),
 (98,0,1,0,0,0,'',1454239088,0x4C4F475F464F52554D5F414444,0x613A313A7B693A303B733A373A2247726164652031223B7D),
 (99,0,1,0,0,0,'',1454240084,0x4C4F475F464F52554D5F414444,0x613A313A7B693A303B733A373A2247726164652031223B7D),
 (100,0,1,0,0,0,'',1454240115,0x4C4F475F464F52554D5F414444,0x613A313A7B693A303B733A373A2247726164652031223B7D),
 (101,0,1,0,0,0,'',1454240217,0x4C4F475F464F52554D5F414444,0x613A313A7B693A303B733A373A2247726164652031223B7D),
 (102,0,1,0,0,0,'',1454246593,0x4C4F475F464F52554D5F414444,0x613A313A7B693A303B733A31323A224B425049205363686F6F6C53223B7D),
 (103,0,1,0,0,0,'',1454246785,0x4C4F475F464F52554D5F414444,0x613A313A7B693A303B733A31323A224B425049205363686F6F6C53223B7D),
 (104,0,1,0,0,0,'',1454247002,0x4C4F475F464F52554D5F414444,0x613A313A7B693A303B733A31323A224B425049205363686F6F6C53223B7D),
 (105,0,1,0,0,0,'',1454250330,0x4C4F475F464F52554D5F414444,0x613A313A7B693A303B733A31323A226E6577207363686F6F6C3136223B7D),
 (106,0,1,0,0,0,'',1454250485,0x4C4F475F464F52554D5F414444,0x613A313A7B693A303B733A31323A226E6577207363686F6F6C3137223B7D),
 (107,0,1,0,0,0,'',1454252866,0x4C4F475F464F52554D5F414444,0x613A313A7B693A303B733A373A2247726164652031223B7D),
 (108,0,1,0,0,0,'',1454254771,0x4C4F475F464F52554D5F414444,0x613A313A7B693A303B733A373A2247726164652031223B7D),
 (109,0,1,0,0,0,'',1454255073,0x4C4F475F55534552535F4144444544,0x613A323A7B693A303B733A32383A226E6577207363686F6F6C3137477261646520312052522047726F7570223B693A313B733A31363A226E616D653140646F6D61696E2E636F6D223B7D),
 (110,0,1,0,0,0,'',1454255128,0x4C4F475F47524F55505F52454D4F5645,0x613A323A7B693A303B733A32383A226E6577207363686F6F6C3137477261646520312052522047726F7570223B693A313B733A31363A226E616D653140646F6D61696E2E636F6D223B7D),
 (111,0,1,0,0,0,'',1454255190,0x4C4F475F55534552535F4144444544,0x613A323A7B693A303B733A32383A226E6577207363686F6F6C3137477261646520312052522047726F7570223B693A313B733A31363A226E616D653140646F6D61696E2E636F6D223B7D),
 (112,0,1,0,0,0,'',1454337604,0x4C4F475F464F52554D5F414444,0x613A313A7B693A303B733A373A2247726164652031223B7D),
 (113,0,1,0,0,0,'',1454340106,0x4C4F475F464F52554D5F414444,0x613A313A7B693A303B733A31313A2244696C697020466F72756D223B7D),
 (114,0,1,0,0,0,'',1454340138,0x4C4F475F464F52554D5F414444,0x613A313A7B693A303B733A31313A2244696C697020466F72756D223B7D),
 (115,0,1,0,0,0,'',1454340151,0x4C4F475F464F52554D5F414444,0x613A313A7B693A303B733A31313A2244696C697020466F72756D223B7D),
 (116,0,1,0,0,0,'',1454340159,0x4C4F475F464F52554D5F414444,0x613A313A7B693A303B733A31313A2244696C697020466F72756D223B7D),
 (117,0,1,0,0,0,'',1454340297,0x4C4F475F464F52554D5F414444,0x613A313A7B693A303B733A31313A224B425049205363686F6F6C223B7D),
 (118,0,1,0,0,0,'',1454340369,0x4C4F475F464F52554D5F414444,0x613A313A7B693A303B733A31313A2244696C697020466F72756D223B7D),
 (119,0,1,0,0,0,'',1454341322,0x4C4F475F464F52554D5F414444,0x613A313A7B693A303B733A31313A224B425049205363686F6F6C223B7D),
 (120,0,1,0,0,0,'',1454343580,0x4C4F475F464F52554D5F414444,0x613A313A7B693A303B733A373A224169726F6C6932223B7D),
 (121,0,1,0,0,0,'',1454344374,0x4C4F475F464F52554D5F414444,0x613A313A7B693A303B733A31343A224169726F6C69203220466F72756D223B7D),
 (122,0,1,0,0,0,'',1454396379,0x4C4F475F55534552535F4144444544,0x613A323A7B693A303B733A31363A224169726F6C693220524F2047726F7570223B693A313B733A31373A227368617368326140676D61696C2E636F6D223B7D),
 (123,0,1,0,0,0,'',1454396531,0x4C4F475F55534552535F4144444544,0x613A323A7B693A303B733A31363A224169726F6C693220524F2047726F7570223B693A313B733A31303A22434343434043432E4343223B7D),
 (124,0,1,0,0,0,'',1454396613,0x4C4F475F464F52554D5F414444,0x613A313A7B693A303B733A31383A224169726F6C69203220326E6420466F72756D223B7D),
 (125,0,1,0,0,0,'',1454397007,0x4C4F475F55534552535F4144444544,0x613A323A7B693A303B733A31363A224169726F6C693220524F2047726F7570223B693A313B733A393A226565314065652E6565223B7D),
 (126,0,1,0,0,0,'',1454397620,0x4C4F475F55534552535F4144444544,0x613A323A7B693A303B733A31363A224169726F6C693220524F2047726F7570223B693A313B733A31353A2273686173687140676D61696C2E6373223B7D),
 (127,0,1,0,0,0,'',1454397748,0x4C4F475F55534552535F4144444544,0x613A323A7B693A303B733A31363A224169726F6C693220524F2047726F7570223B693A313B733A31343A227564697440676D61696C2E636F6D223B7D),
 (128,0,1,0,0,0,'',1454397752,0x4C4F475F55534552535F4144444544,0x613A323A7B693A303B733A31363A224169726F6C693220524F2047726F7570223B693A313B733A31363A226D616E69736840676D61696C2E636F6D223B7D),
 (129,0,1,0,0,0,'',1454397757,0x4C4F475F55534552535F4144444544,0x613A323A7B693A303B733A31363A224169726F6C693220524F2047726F7570223B693A313B733A31343A22616E756A407961686F6F2E636F6D223B7D),
 (130,0,1,0,0,0,'',1454397763,0x4C4F475F55534552535F4144444544,0x613A323A7B693A303B733A31363A224169726F6C693220524F2047726F7570223B693A313B733A31353A2273687765746140676D61692E636F6D223B7D),
 (131,0,1,0,0,0,'',1454397766,0x4C4F475F55534552535F4144444544,0x613A323A7B693A303B733A31363A224169726F6C693220524F2047726F7570223B693A313B733A31343A227072616D6F64407961682E636F6D223B7D),
 (132,0,1,0,0,0,'',1454409522,0x4C4F475F55534552535F4144444544,0x613A323A7B693A303B733A31363A224169726F6C693220524F2047726F7570223B693A313B733A32303A224D4D4D6D4D4D373134353940716669782E636F6D223B7D),
 (133,0,1,0,0,0,'',1454409687,0x4C4F475F55534552535F4144444544,0x613A323A7B693A303B733A31363A224169726F6C693220524F2047726F7570223B693A313B733A32353A2244656570616B48616A6172653735383240716669782E636F6D223B7D),
 (134,0,1,0,0,0,'',1454409690,0x4C4F475F55534552535F4144444544,0x613A323A7B693A303B733A31363A224169726F6C693220524F2047726F7570223B693A313B733A32363A225368756268616D536861726D613735383240716669782E636F6D223B7D),
 (135,0,1,0,0,0,'',1454409693,0x4C4F475F55534552535F4144444544,0x613A323A7B693A303B733A31363A224169726F6C693220524F2047726F7570223B693A313B733A32363A225072616E616C695368696E64653735383240716669782E636F6D223B7D),
 (136,0,1,0,0,0,'',1454409697,0x4C4F475F55534552535F4144444544,0x613A323A7B693A303B733A31363A224169726F6C693220524F2047726F7570223B693A313B733A32363A2250726979616E6B6144657361693735383240716669782E636F6D223B7D),
 (137,0,1,0,0,0,'',1454428018,0x4C4F475F464F52554D5F414444,0x613A313A7B693A303B733A393A224169726F6C69313233223B7D),
 (138,0,1,0,0,0,'',1454429094,0x4C4F475F464F52554D5F414444,0x613A313A7B693A303B733A383A224169726F6C693132223B7D),
 (139,0,1,0,0,0,'',1454429095,0x4C4F475F55534552535F4144444544,0x613A323A7B693A303B733A31373A224169726F6C69313220524F2047726F7570223B693A313B733A393A2264644064642E636F6D223B7D),
 (140,0,1,0,0,0,'',1454481410,0x4C4F475F464F52554D5F414444,0x613A313A7B693A303B733A383A22436865636B696E67223B7D),
 (141,0,1,0,0,0,'',1454481677,0x4C4F475F464F52554D5F414444,0x613A313A7B693A303B733A383A224D7920466F72756D223B7D),
 (142,0,1,0,0,0,'',1454491329,0x4C4F475F464F52554D5F414444,0x613A313A7B693A303B733A32313A22436865636B204C696E6B205573657220466F72756D223B7D),
 (143,0,1,0,0,0,'',1454491494,0x4C4F475F55534552535F4144444544,0x613A323A7B693A303B733A33373A224169726F6C6932436865636B204C696E6B205573657220466F72756D2052522047726F7570223B693A313B733A3135343A224D4D4D6D4D4D373134353940716669782E636F6D2C2044656570616B48616A6172653735383240716669782E636F6D2C205368756268616D536861726D613735383240716669782E636F6D2C205072616E616C695368696E64653735383240716669782E636F6D2C2050726979616E6B6144657361693735383240716669782E636F6D2C2044444444444444373931333140716669782E636F6D223B7D),
 (144,0,1,0,0,0,'',1454491540,0x4C4F475F464F52554D5F414444,0x613A313A7B693A303B733A32323A22436865636B204C696E6B205573657220466F72756D31223B7D),
 (145,0,1,0,0,0,'',1454491542,0x4C4F475F55534552535F4144444544,0x613A323A7B693A303B733A33383A224169726F6C6932436865636B204C696E6B205573657220466F72756D312052522047726F7570223B693A313B733A3135343A224D4D4D6D4D4D373134353940716669782E636F6D2C2044656570616B48616A6172653735383240716669782E636F6D2C205368756268616D536861726D613735383240716669782E636F6D2C205072616E616C695368696E64653735383240716669782E636F6D2C2050726979616E6B6144657361693735383240716669782E636F6D2C2044444444444444373931333140716669782E636F6D223B7D),
 (146,0,1,0,0,0,'',1454491737,0x4C4F475F464F52554D5F414444,0x613A313A7B693A303B733A33323A22436865636B20616761696E206C696E6B2075736572207769746820666F72756D223B7D),
 (147,0,1,0,0,0,'',1454491738,0x4C4F475F55534552535F4144444544,0x613A323A7B693A303B733A34383A224169726F6C6932436865636B20616761696E206C696E6B2075736572207769746820666F72756D2052522047726F7570223B693A313B733A3135343A224D4D4D6D4D4D373134353940716669782E636F6D2C2044656570616B48616A6172653735383240716669782E636F6D2C205368756268616D536861726D613735383240716669782E636F6D2C205072616E616C695368696E64653735383240716669782E636F6D2C2050726979616E6B6144657361693735383240716669782E636F6D2C2044444444444444373931333140716669782E636F6D223B7D),
 (148,0,1,0,0,0,'',1454503355,0x4C4F475F464F52554D5F414444,0x613A313A7B693A303B733A31353A224E657720466F72756D20436865636B223B7D),
 (149,0,1,0,0,0,'',1454503356,0x4C4F475F55534552535F4144444544,0x613A323A7B693A303B733A33313A224169726F6C69324E657720466F72756D20436865636B2052522047726F7570223B693A313B733A37353A224D4D4D6D4D4D373134353940716669782E636F6D2C2044656570616B48616A6172653735383240716669782E636F6D2C205368756268616D536861726D613735383240716669782E636F6D223B7D),
 (150,0,1,0,0,0,'',1454503730,0x4C4F475F464F52554D5F414444,0x613A313A7B693A303B733A393A22536172617377617469223B7D),
 (151,0,1,0,0,0,'',1454504909,0x4C4F475F464F52554D5F414444,0x613A313A7B693A303B733A393A22536172617377617469223B7D),
 (152,0,1,0,0,0,'',1454504910,0x4C4F475F55534552535F4144444544,0x613A323A7B693A303B733A32373A225361726173776174695361726173776174692052522047726F7570223B693A313B733A3131333A2244656570616B48616A617265323934353440716669782E636F6D2C205368756268616D536861726D61323934353440716669782E636F6D2C205072616E616C695368696E6465323934353440716669782E636F6D2C2050726979616E6B614465736169323934353440716669782E636F6D223B7D),
 (153,0,1,0,0,0,'',1454505082,0x4C4F475F55534552535F4144444544,0x613A323A7B693A303B733A31383A2253617261737761746920524F2047726F7570223B693A313B733A31363A227465616368657240716669782E636F6D223B7D),
 (154,0,1,0,0,0,'',1454505151,0x4C4F475F55534552535F4144444544,0x613A323A7B693A303B733A32373A225361726173776174695361726173776174692052522047726F7570223B693A313B733A31363A227465616368657240716669782E636F6D223B7D),
 (155,0,1,0,0,0,'',1454505725,0x4C4F475F47524F55505F52454D4F5645,0x613A323A7B693A303B733A32373A225361726173776174695361726173776174692052522047726F7570223B693A313B733A31363A227465616368657240716669782E636F6D223B7D),
 (156,0,1,0,0,0,'',1454505777,0x4C4F475F55534552535F4144444544,0x613A323A7B693A303B733A32373A225361726173776174695361726173776174692052522047726F7570223B693A313B733A31363A227465616368657240716669782E636F6D223B7D),
 (157,0,1,0,0,0,'',1454505875,0x4C4F475F55534552535F4144444544,0x613A323A7B693A303B733A31383A2253617261737761746920524F2047726F7570223B693A313B733A31393A226464315465616368657240716669782E636F6D223B7D),
 (158,0,1,0,0,0,'',1454506002,0x4C4F475F55534552535F4144444544,0x613A323A7B693A303B733A32373A225361726173776174695361726173776174692052522047726F7570223B693A313B733A31393A226464315465616368657240716669782E636F6D223B7D),
 (159,0,1,0,0,0,'',1454512205,0x4C4F475F464F52554D5F414444,0x613A313A7B693A303B733A31303A225465737420466F72756D223B7D),
 (160,0,1,0,0,0,'',1454512223,0x4C4F475F464F52554D5F414444,0x613A313A7B693A303B733A31303A225465737420466F72756D223B7D),
 (161,0,1,0,0,0,'',1454512225,0x4C4F475F55534552535F4144444544,0x613A323A7B693A303B733A32393A22536172617377617469205465737420466F72756D2052522047726F7570223B693A313B733A3135323A2244656570616B48616A617265323934353440716669782E636F6D2C205368756268616D536861726D61323934353440716669782E636F6D2C205072616E616C695368696E6465323934353440716669782E636F6D2C2050726979616E6B614465736169323934353440716669782E636F6D2C207465616368657240716669782E636F6D2C206464315465616368657240716669782E636F6D223B7D),
 (162,0,1,0,0,0,'',1454512534,0x4C4F475F464F52554D5F414444,0x613A313A7B693A303B733A373A224272616E636831223B7D),
 (163,0,1,0,0,0,'',1454512609,0x4C4F475F464F52554D5F414444,0x613A313A7B693A303B733A373A224272616E636832223B7D),
 (164,0,1,0,0,0,'',1454512881,0x4C4F475F464F52554D5F414444,0x613A313A7B693A303B733A31343A224272616E6368203220666F72756D223B7D),
 (165,0,1,0,0,0,'',1454512882,0x4C4F475F55534552535F4144444544,0x613A323A7B693A303B733A33313A224272616E636832204272616E6368203220666F72756D2052522047726F7570223B693A313B733A34353A22746561636865723140716669782E636F6D2C2053747564656E744144444444333538373940716669782E636F6D223B7D),
 (166,0,2,0,0,0,0x3132372E302E302E31,1454512964,0x4C4F475F41444D494E5F415554485F53554343455353,''),
 (167,0,2,0,0,0,0x3132372E302E302E31,1454513040,0x4C4F475F41434C5F4144445F47524F55505F4C4F43414C5F465F,0x613A323A7B693A303B733A32333A224272616E6368322C204272616E6368203220666F72756D223B693A313B733A33313A224272616E636832204272616E6368203220666F72756D2052522047726F7570223B7D),
 (168,0,2,0,0,0,0x3132372E302E302E31,1454513093,0x4C4F475F41434C5F4144445F47524F55505F4C4F43414C5F465F,0x613A323A7B693A303B733A32333A224272616E6368322C204272616E6368203220666F72756D223B693A313B733A31363A224272616E6368322052572047726F7570223B7D),
 (169,0,1,0,0,0,'',1454513220,0x4C4F475F464F52554D5F414444,0x613A313A7B693A303B733A383A224272616E63682033223B7D),
 (170,0,1,0,0,0,'',1454513380,0x4C4F475F464F52554D5F414444,0x613A313A7B693A303B733A333A22547279223B7D),
 (171,0,1,0,0,0,'',1454513382,0x4C4F475F55534552535F4144444544,0x613A323A7B693A303B733A32313A224272616E63682033205472792052522047726F7570223B693A313B733A32373A2253747564656E74206244444444353333393840716669782E636F6D223B7D),
 (172,0,2,0,0,0,0x3132372E302E302E31,1454513452,0x4C4F475F41444D494E5F415554485F53554343455353,''),
 (173,0,1,0,0,0,'',1454513955,0x4C4F475F464F52554D5F414444,0x613A313A7B693A303B733A363A22444444444444223B7D),
 (174,0,1,0,0,0,'',1454513957,0x4C4F475F55534552535F4144444544,0x613A323A7B693A303B733A32343A224272616E63682033204444444444442052522047726F7570223B693A313B733A32373A2253747564656E74206244444444353333393840716669782E636F6D223B7D),
 (175,0,2,0,0,0,0x3132372E302E302E31,1454513997,0x4C4F475F41434C5F4144445F47524F55505F4C4F43414C5F465F,0x613A323A7B693A303B733A31333A224272616E636820332C20547279223B693A313B733A32343A224272616E63682033204444444444442052522047726F7570223B7D),
 (176,0,2,0,0,0,0x3132372E302E302E31,1454514027,0x4C4F475F41434C5F4144445F47524F55505F4C4F43414C5F465F,0x613A323A7B693A303B733A31333A224272616E636820332C20547279223B693A313B733A32343A224272616E63682033204444444444442052522047726F7570223B7D),
 (177,0,2,0,0,0,0x3132372E302E302E31,1454514278,0x4C4F475F41434C5F5452414E534645525F5045524D495353494F4E53,0x613A313A7B693A303B733A32373A2253747564656E74206244444444353333393840716669782E636F6D223B7D),
 (178,0,2,0,0,0,0x3132372E302E302E31,1454514300,0x4C4F475F41434C5F524553544F52455F5045524D495353494F4E53,0x613A313A7B693A303B733A32373A2253747564656E74206244444444353333393840716669782E636F6D223B7D),
 (179,0,2,0,0,0,0x3132372E302E302E31,1454514366,0x4C4F475F41434C5F4144445F47524F55505F4C4F43414C5F465F,0x613A323A7B693A303B733A32313A224272616E636820332C205472792C20444444444444223B693A313B733A31373A224272616E636820332052572047726F7570223B7D),
 (180,0,2,0,0,0,0x3132372E302E302E31,1454514419,0x4C4F475F465F524F4C455F45444954,0x613A313A7B693A303B733A31343A224C696D6974656420416363657373223B7D),
 (181,0,2,0,0,0,0x3132372E302E302E31,1454514439,0x4C4F475F465F524F4C455F45444954,0x613A313A7B693A303B733A31353A225374616E6461726420416363657373223B7D),
 (182,0,2,0,0,0,0x3132372E302E302E31,1454514470,0x4C4F475F41434C5F5452414E534645525F5045524D495353494F4E53,0x613A313A7B693A303B733A32373A2253747564656E74206244444444353333393840716669782E636F6D223B7D),
 (183,0,1,0,0,0,'',1454514745,0x4C4F475F464F52554D5F414444,0x613A313A7B693A303B733A373A224D79466F72756D223B7D),
 (184,0,1,0,0,0,'',1454514747,0x4C4F475F55534552535F4144444544,0x613A323A7B693A303B733A32353A224272616E63682033204D79466F72756D2052522047726F7570223B693A313B733A32373A2253747564656E74206244444444353333393840716669782E636F6D223B7D),
 (185,0,2,0,0,0,0x3132372E302E302E31,1454514821,0x4C4F475F41434C5F4144445F47524F55505F4C4F43414C5F465F,0x613A323A7B693A303B733A32313A224272616E636820332C205472792C20444444444444223B693A313B733A32353A224272616E63682033204D79466F72756D2052522047726F7570223B7D),
 (186,0,2,0,0,0,0x3132372E302E302E31,1454514836,0x4C4F475F41434C5F5452414E534645525F5045524D495353494F4E53,0x613A313A7B693A303B733A32373A2253747564656E74206244444444353333393840716669782E636F6D223B7D),
 (187,0,2,0,0,0,0x3132372E302E302E31,1454514879,0x4C4F475F41434C5F524553544F52455F5045524D495353494F4E53,0x613A313A7B693A303B733A32373A2253747564656E74206244444444353333393840716669782E636F6D223B7D),
 (188,0,2,0,0,0,0x3132372E302E302E31,1454515064,0x4C4F475F41434C5F4144445F47524F55505F4C4F43414C5F465F,0x613A323A7B693A303B733A33303A224272616E636820332C205472792C204444444444442C204D79466F72756D223B693A313B733A32353A224272616E63682033204D79466F72756D2052522047726F7570223B7D),
 (189,0,1,0,0,0,'',1454565636,0x4C4F475F47524F55505F52454D4F5645,0x613A323A7B693A303B733A33313A224272616E636832204272616E6368203220666F72756D2052522047726F7570223B693A313B733A31373A22746561636865723140716669782E636F6D223B7D),
 (190,0,1,0,0,0,'',1454565649,0x4C4F475F55534552535F4144444544,0x613A323A7B693A303B733A33313A224272616E636832204272616E6368203220666F72756D2052522047726F7570223B693A313B733A31373A22746561636865723140716669782E636F6D223B7D),
 (191,0,1,0,0,0,'',1454598193,0x4C4F475F464F52554D5F414444,0x613A313A7B693A303B733A31313A2244454D4F204272616E6368223B7D),
 (192,0,1,0,0,0,'',1454598857,0x4C4F475F464F52554D5F414444,0x613A313A7B693A303B733A31333A2244454D4F204272616E63682032223B7D),
 (193,0,1,0,0,0,'',1454653014,0x4C4F475F464F52554D5F414444,0x613A313A7B693A303B733A31353A224D79204669727374204272616E6368223B7D),
 (194,0,1,0,0,0,'',1454653326,0x4C4F475F464F52554D5F414444,0x613A313A7B693A303B733A373A2242616E64726132223B7D),
 (195,0,1,0,0,0,'',1454653907,0x4C4F475F464F52554D5F414444,0x613A313A7B693A303B733A32393A2231207465616368657220616E6420312073747564656E7420666F72756D223B7D),
 (196,0,1,0,0,0,'',1454653908,0x4C4F475F55534552535F4144444544,0x613A323A7B693A303B733A35343A224D79204669727374204272616E63682031207465616368657220616E6420312073747564656E7420666F72756D2052522047726F7570223B693A313B733A34343A225368756268616D536861726D61363638333040716669782E636F6D2C20726167686140676D61696C2E636F6D223B7D),
 (197,0,1,0,0,0,'',1454654649,0x4C4F475F55534552535F4144444544,0x613A323A7B693A303B733A35343A224D79204669727374204272616E63682031207465616368657220616E6420312073747564656E7420666F72756D2052522047726F7570223B693A313B733A36383A2244656570616B48616A617265363638333040716669782E636F6D2C2073747564656E745353313137353540716669782E636F6D2C207368696C6140676D61696C2E636F6D223B7D),
 (198,0,1,0,0,0,'',1454654650,0x4C4F475F47524F55505F52454D4F5645,0x613A323A7B693A303B733A35343A224D79204669727374204272616E63682031207465616368657220616E6420312073747564656E7420666F72756D2052522047726F7570223B693A313B733A31353A22726167686140676D61696C2E636F6D223B7D),
 (199,0,1,0,0,0,'',1454654729,0x4C4F475F464F52554D5F414444,0x613A313A7B693A303B733A32393A2231207465616368657220616E6420332073747564656E7420666F72756D223B7D),
 (200,0,1,0,0,0,'',1454654731,0x4C4F475F55534552535F4144444544,0x613A323A7B693A303B733A35343A224D79204669727374204272616E63682031207465616368657220616E6420332073747564656E7420666F72756D2052522047726F7570223B693A313B733A39373A2244656570616B48616A617265363638333040716669782E636F6D2C205368756268616D536861726D61363638333040716669782E636F6D2C2073747564656E745353313137353540716669782E636F6D2C207368696C6140676D61696C2E636F6D223B7D),
 (201,0,1,0,0,0,'',1454654756,0x4C4F475F55534552535F4144444544,0x613A323A7B693A303B733A35343A224D79204669727374204272616E63682031207465616368657220616E6420332073747564656E7420666F72756D2052522047726F7570223B693A313B733A31353A22726167686140676D61696C2E636F6D223B7D),
 (202,0,1,0,0,0,'',1454654757,0x4C4F475F47524F55505F52454D4F5645,0x613A323A7B693A303B733A35343A224D79204669727374204272616E63682031207465616368657220616E6420332073747564656E7420666F72756D2052522047726F7570223B693A313B733A36383A2244656570616B48616A617265363638333040716669782E636F6D2C2073747564656E745353313137353540716669782E636F6D2C207368696C6140676D61696C2E636F6D223B7D),
 (203,0,1,0,0,0,'',1454654833,0x4C4F475F47524F55505F52454D4F5645,0x613A323A7B693A303B733A35343A224D79204669727374204272616E63682031207465616368657220616E6420312073747564656E7420666F72756D2052522047726F7570223B693A313B733A38303A2244656570616B48616A617265363638333040716669782E636F6D2C205368756268616D536861726D61363638333040716669782E636F6D2C2073747564656E745353313137353540716669782E636F6D223B7D),
 (204,0,1,0,0,0,'',1454654910,0x4C4F475F47524F55505F52454D4F5645,0x613A323A7B693A303B733A35343A224D79204669727374204272616E63682031207465616368657220616E6420332073747564656E7420666F72756D2052522047726F7570223B693A313B733A31353A22726167686140676D61696C2E636F6D223B7D),
 (205,3,2,0,0,2,0x3A3A31,1454662332,0x4C4F475F555345525F4E45575F50415353574F5244,0x613A313A7B693A303B733A353A2261646D696E223B7D),
 (206,3,2,0,0,2,0x3A3A31,1454662371,0x4C4F475F555345525F5550444154455F454D41494C,0x613A333A7B693A303B733A353A2261646D696E223B693A313B733A31383A226D6F68616E406369676E6F2D69742E636F6D223B693A323B733A32353A2276697368616C2E73616D616E7440763273746563682E636F6D223B7D),
 (207,0,2,0,0,0,0x3A3A31,1454662505,0x4C4F475F41444D494E5F415554485F53554343455353,''),
 (208,0,2,0,0,0,0x3A3A31,1454662606,0x4C4F475F464F52554D5F44454C5F464F52554D53,0x613A313A7B693A303B733A31393A22596F75722066697273742063617465676F7279223B7D),
 (209,0,2,0,0,0,0x3A3A31,1454662617,0x4C4F475F464F52554D5F44454C5F464F52554D53,0x613A313A7B693A303B733A31313A2254657374205363686F6F6C223B7D),
 (210,0,2,0,0,0,0x3A3A31,1454662643,0x4C4F475F464F52554D5F44454C5F464F52554D53,0x613A313A7B693A303B733A31333A2254657374205363686F6F6C2032223B7D),
 (211,0,2,0,0,0,0x3A3A31,1454662651,0x4C4F475F464F52554D5F44454C5F464F52554D53,0x613A313A7B693A303B733A31333A2256697368616C205363686F6F6C223B7D),
 (212,0,2,0,0,0,0x3A3A31,1454662662,0x4C4F475F464F52554D5F44454C5F464F52554D,0x613A313A7B693A303B733A31333A224D6F68616E32205363686F6F6C223B7D),
 (213,0,2,0,0,0,0x3A3A31,1454662881,0x4C4F475F464F52554D5F44454C5F464F52554D53,0x613A313A7B693A303B733A31313A224B425049205363686F6F6C223B7D),
 (214,0,2,0,0,0,0x3A3A31,1454662917,0x4C4F475F464F52554D5F44454C5F464F52554D,0x613A313A7B693A303B733A31323A224B425049205363686F6F6C53223B7D),
 (215,0,2,0,0,0,0x3A3A31,1454662926,0x4C4F475F464F52554D5F44454C5F464F52554D,0x613A313A7B693A303B733A31323A224B425049205363686F6F6C53223B7D),
 (216,0,2,0,0,0,0x3A3A31,1454662935,0x4C4F475F464F52554D5F44454C5F464F52554D,0x613A313A7B693A303B733A31323A224B425049205363686F6F6C53223B7D),
 (217,0,2,0,0,0,0x3A3A31,1454662943,0x4C4F475F464F52554D5F44454C5F464F52554D,0x613A313A7B693A303B733A31323A226E6577207363686F6F6C3136223B7D),
 (218,0,2,0,0,0,0x3A3A31,1454662953,0x4C4F475F464F52554D5F44454C5F464F52554D53,0x613A313A7B693A303B733A31323A226E6577207363686F6F6C3137223B7D),
 (219,0,2,0,0,0,0x3A3A31,1454662962,0x4C4F475F464F52554D5F44454C5F464F52554D53,0x613A313A7B693A303B733A31313A224B425049205363686F6F6C223B7D),
 (220,0,2,0,0,0,0x3A3A31,1454662970,0x4C4F475F464F52554D5F44454C5F464F52554D,0x613A313A7B693A303B733A31313A224B425049205363686F6F6C223B7D),
 (221,0,2,0,0,0,0x3A3A31,1454662993,0x4C4F475F464F52554D5F44454C5F464F52554D53,0x613A313A7B693A303B733A373A224169726F6C6932223B7D),
 (222,0,2,0,0,0,0x3A3A31,1454663001,0x4C4F475F464F52554D5F44454C5F464F52554D,0x613A313A7B693A303B733A393A224169726F6C69313233223B7D),
 (223,0,2,0,0,0,0x3A3A31,1454663010,0x4C4F475F464F52554D5F44454C5F464F52554D,0x613A313A7B693A303B733A383A224169726F6C693132223B7D),
 (224,0,2,0,0,0,0x3A3A31,1454663020,0x4C4F475F464F52554D5F44454C5F464F52554D,0x613A313A7B693A303B733A383A22436865636B696E67223B7D),
 (225,0,2,0,0,0,0x3A3A31,1454663028,0x4C4F475F464F52554D5F44454C5F464F52554D53,0x613A313A7B693A303B733A393A22536172617377617469223B7D),
 (226,0,2,0,0,0,0x3A3A31,1454663035,0x4C4F475F464F52554D5F44454C5F464F52554D,0x613A313A7B693A303B733A373A224272616E636831223B7D),
 (227,0,2,0,0,0,0x3A3A31,1454663044,0x4C4F475F464F52554D5F44454C5F464F52554D53,0x613A313A7B693A303B733A373A224272616E636832223B7D),
 (228,0,2,0,0,0,0x3A3A31,1454663053,0x4C4F475F464F52554D5F44454C5F464F52554D53,0x613A313A7B693A303B733A383A224272616E63682033223B7D),
 (229,0,2,0,0,0,0x3A3A31,1454663060,0x4C4F475F464F52554D5F44454C5F464F52554D,0x613A313A7B693A303B733A31313A2244454D4F204272616E6368223B7D),
 (230,0,2,0,0,0,0x3A3A31,1454663068,0x4C4F475F464F52554D5F44454C5F464F52554D,0x613A313A7B693A303B733A31333A2244454D4F204272616E63682032223B7D),
 (231,0,2,0,0,0,0x3A3A31,1454663076,0x4C4F475F464F52554D5F44454C5F464F52554D53,0x613A313A7B693A303B733A31353A224D79204669727374204272616E6368223B7D),
 (232,0,2,0,0,0,0x3A3A31,1454663085,0x4C4F475F464F52554D5F44454C5F464F52554D,0x613A313A7B693A303B733A373A2242616E64726132223B7D),
 (233,0,2,0,0,0,0x3A3A31,1454663485,0x4C4F475F555345525F44454C45544544,0x613A313A7B693A303B733A31313A226D6F68616E636865656D61223B7D),
 (234,0,2,0,0,0,0x3A3A31,1454663526,0x4C4F475F555345525F44454C45544544,0x613A313A7B693A303B733A31323A226D6F68616E636865656D6131223B7D),
 (235,0,2,0,0,0,0x3A3A31,1454663544,0x4C4F475F555345525F44454C45544544,0x613A313A7B693A303B733A31323A226D6F68616E636865656D6132223B7D),
 (236,0,2,0,0,0,0x3A3A31,1454663569,0x4C4F475F555345525F44454C45544544,0x613A313A7B693A303B733A31323A226D6F68616E636865656D6133223B7D),
 (237,0,2,0,0,0,0x3A3A31,1454663585,0x4C4F475F555345525F44454C45544544,0x613A313A7B693A303B733A31333A226D6F68616E636865656D613132223B7D),
 (238,0,2,0,0,0,0x3A3A31,1454663614,0x4C4F475F555345525F44454C45544544,0x613A313A7B693A303B733A393A226D31406D312E636F6D223B7D),
 (239,0,2,0,0,0,0x3A3A31,1454663630,0x4C4F475F555345525F44454C45544544,0x613A313A7B693A303B733A393A226D32406D322E636F6D223B7D),
 (240,0,2,0,0,0,0x3A3A31,1454663647,0x4C4F475F555345525F44454C45544544,0x613A313A7B693A303B733A393A226D33406D332E636F6D223B7D),
 (241,0,2,0,0,0,0x3A3A31,1454663663,0x4C4F475F555345525F44454C45544544,0x613A313A7B693A303B733A393A226D34406D342E636F6D223B7D),
 (242,0,2,0,0,0,0x3A3A31,1454663679,0x4C4F475F555345525F44454C45544544,0x613A313A7B693A303B733A31353A226E616D6540646F6D61696E2E636F6D223B7D),
 (243,0,2,0,0,0,0x3A3A31,1454663695,0x4C4F475F555345525F44454C45544544,0x613A313A7B693A303B733A31363A226E616D653140646F6D61696E2E636F6D223B7D),
 (244,0,2,0,0,0,0x3A3A31,1454663713,0x4C4F475F555345525F44454C45544544,0x613A313A7B693A303B733A31363A226E616D653240646F6D61696E2E636F6D223B7D),
 (245,0,2,0,0,0,0x3A3A31,1454663729,0x4C4F475F555345525F44454C45544544,0x613A313A7B693A303B733A31363A226E616D653340646F6D61696E2E636F6D223B7D),
 (246,0,2,0,0,0,0x3A3A31,1454663745,0x4C4F475F555345525F44454C45544544,0x613A313A7B693A303B733A31363A226E616D653440646F6D61696E2E636F6D223B7D),
 (247,0,2,0,0,0,0x3A3A31,1454663761,0x4C4F475F555345525F44454C45544544,0x613A313A7B693A303B733A31363A2273686173686140676D61696C2E636F6D223B7D),
 (248,0,2,0,0,0,0x3A3A31,1454663777,0x4C4F475F555345525F44454C45544544,0x613A313A7B693A303B733A31373A227368617368613140676D61696C2E636F6D223B7D),
 (249,0,2,0,0,0,0x3A3A31,1454663795,0x4C4F475F555345525F44454C45544544,0x613A313A7B693A303B733A32303A227368617368616E6B617140676D61696C2E636F6D223B7D),
 (250,0,2,0,0,0,0x3A3A31,1454663812,0x4C4F475F555345525F44454C45544544,0x613A313A7B693A303B733A31323A2264646464406464642E636363223B7D),
 (251,0,2,0,0,0,0x3A3A31,1454663829,0x4C4F475F555345525F44454C45544544,0x613A313A7B693A303B733A31373A227368617368356140676D61696C2E636F6D223B7D),
 (252,0,2,0,0,0,0x3A3A31,1454663847,0x4C4F475F555345525F44454C45544544,0x613A313A7B693A303B733A31373A227368617368326140676D61696C2E636F6D223B7D),
 (253,0,2,0,0,0,0x3A3A31,1454663863,0x4C4F475F555345525F44454C45544544,0x613A313A7B693A303B733A31303A22434343434043432E4343223B7D),
 (254,0,2,0,0,0,0x3A3A31,1454663882,0x4C4F475F555345525F44454C45544544,0x613A313A7B693A303B733A393A226565314065652E6565223B7D),
 (255,0,2,0,0,0,0x3A3A31,1454663897,0x4C4F475F555345525F44454C45544544,0x613A313A7B693A303B733A31353A2273686173687140676D61696C2E6373223B7D),
 (256,0,2,0,0,0,0x3A3A31,1454663914,0x4C4F475F555345525F44454C45544544,0x613A313A7B693A303B733A31343A227564697440676D61696C2E636F6D223B7D),
 (257,0,2,0,0,0,0x3A3A31,1454663931,0x4C4F475F555345525F44454C45544544,0x613A313A7B693A303B733A31363A226D616E69736840676D61696C2E636F6D223B7D),
 (258,0,2,0,0,0,0x3A3A31,1454663946,0x4C4F475F555345525F44454C45544544,0x613A313A7B693A303B733A31343A22616E756A407961686F6F2E636F6D223B7D),
 (259,0,2,0,0,0,0x3A3A31,1454663962,0x4C4F475F555345525F44454C45544544,0x613A313A7B693A303B733A31353A2273687765746140676D61692E636F6D223B7D),
 (260,0,2,0,0,0,0x3A3A31,1454663978,0x4C4F475F555345525F44454C45544544,0x613A313A7B693A303B733A31343A227072616D6F64407961682E636F6D223B7D),
 (261,0,2,0,0,0,0x3A3A31,1454663994,0x4C4F475F555345525F44454C45544544,0x613A313A7B693A303B733A32303A224D4D4D6D4D4D373134353940716669782E636F6D223B7D),
 (262,0,2,0,0,0,0x3A3A31,1454664011,0x4C4F475F555345525F44454C45544544,0x613A313A7B693A303B733A32353A2244656570616B48616A6172653735383240716669782E636F6D223B7D),
 (263,0,2,0,0,0,0x3A3A31,1454664041,0x4C4F475F555345525F44454C45544544,0x613A313A7B693A303B733A32363A225368756268616D536861726D613735383240716669782E636F6D223B7D),
 (264,0,2,0,0,0,0x3A3A31,1454664059,0x4C4F475F555345525F44454C45544544,0x613A313A7B693A303B733A32363A225072616E616C695368696E64653735383240716669782E636F6D223B7D),
 (265,0,2,0,0,0,0x3A3A31,1454664086,0x4C4F475F555345525F44454C45544544,0x613A313A7B693A303B733A32363A2250726979616E6B6144657361693735383240716669782E636F6D223B7D),
 (266,0,2,0,0,0,0x3A3A31,1454664104,0x4C4F475F555345525F44454C45544544,0x613A313A7B693A303B733A393A2264644064642E636F6D223B7D),
 (267,0,2,0,0,0,0x3A3A31,1454664123,0x4C4F475F555345525F44454C45544544,0x613A313A7B693A303B733A32313A2244444444444444373931333140716669782E636F6D223B7D),
 (268,0,2,0,0,0,0x3A3A31,1454664139,0x4C4F475F555345525F44454C45544544,0x613A313A7B693A303B733A32363A2244656570616B48616A617265323934353440716669782E636F6D223B7D),
 (269,0,2,0,0,0,0x3A3A31,1454664158,0x4C4F475F555345525F44454C45544544,0x613A313A7B693A303B733A32373A225368756268616D536861726D61323934353440716669782E636F6D223B7D),
 (270,0,2,0,0,0,0x3A3A31,1454664174,0x4C4F475F555345525F44454C45544544,0x613A313A7B693A303B733A32373A225072616E616C695368696E6465323934353440716669782E636F6D223B7D),
 (271,0,2,0,0,0,0x3A3A31,1454664192,0x4C4F475F555345525F44454C45544544,0x613A313A7B693A303B733A32373A2250726979616E6B614465736169323934353440716669782E636F6D223B7D),
 (272,0,2,0,0,0,0x3A3A31,1454664210,0x4C4F475F555345525F44454C45544544,0x613A313A7B693A303B733A31363A227465616368657240716669782E636F6D223B7D),
 (273,0,2,0,0,0,0x3A3A31,1454664224,0x4C4F475F555345525F44454C45544544,0x613A313A7B693A303B733A31393A226464315465616368657240716669782E636F6D223B7D),
 (274,0,2,0,0,0,0x3A3A31,1454664238,0x4C4F475F555345525F44454C45544544,0x613A313A7B693A303B733A32323A227465737454657374373931383940716669782E636F6D223B7D),
 (275,0,2,0,0,0,0x3A3A31,1454664253,0x4C4F475F555345525F44454C45544544,0x613A313A7B693A303B733A31373A22746561636865723140716669782E636F6D223B7D),
 (276,0,2,0,0,0,0x3A3A31,1454664269,0x4C4F475F555345525F44454C45544544,0x613A313A7B693A303B733A32363A2253747564656E744144444444333538373940716669782E636F6D223B7D),
 (277,0,2,0,0,0,0x3A3A31,1454664286,0x4C4F475F555345525F44454C45544544,0x613A313A7B693A303B733A32373A2253747564656E74206244444444353333393840716669782E636F6D223B7D),
 (278,0,2,0,0,0,0x3A3A31,1454664300,0x4C4F475F555345525F44454C45544544,0x613A313A7B693A303B733A31323A2244656D6F4064656D6F2E6465223B7D),
 (279,0,2,0,0,0,0x3A3A31,1454664316,0x4C4F475F555345525F44454C45544544,0x613A313A7B693A303B733A31353A2264696C69706F40716669782E636F6D223B7D),
 (280,0,2,0,0,0,0x3A3A31,1454664331,0x4C4F475F555345525F44454C45544544,0x613A313A7B693A303B733A32363A2244656570616B48616A617265363638333040716669782E636F6D223B7D),
 (281,0,2,0,0,0,0x3A3A31,1454664346,0x4C4F475F555345525F44454C45544544,0x613A313A7B693A303B733A32373A225368756268616D536861726D61363638333040716669782E636F6D223B7D),
 (282,0,2,0,0,0,0x3A3A31,1454664360,0x4C4F475F555345525F44454C45544544,0x613A313A7B693A303B733A32333A2273747564656E745353313137353540716669782E636F6D223B7D),
 (283,0,2,0,0,0,0x3A3A31,1454664377,0x4C4F475F555345525F44454C45544544,0x613A313A7B693A303B733A31353A22726167686140676D61696C2E636F6D223B7D),
 (284,0,2,0,0,0,0x3A3A31,1454664391,0x4C4F475F555345525F44454C45544544,0x613A313A7B693A303B733A31353A227368696C6140676D61696C2E636F6D223B7D),
 (285,0,2,0,0,0,0x3A3A31,1454664406,0x4C4F475F555345525F44454C45544544,0x613A313A7B693A303B733A32303A22746561636865724071666978746573742E636F6D223B7D),
 (286,0,2,0,0,0,0x3A3A31,1454664531,0x4C4F475F555345525F44454C5F504F535453,0x613A313A7B693A303B733A353A2261646D696E223B7D),
 (287,0,2,0,0,0,0x3A3A31,1454664579,0x4C4F475F47524F55505F44454C455445,0x613A313A7B693A303B733A393A2220524F2047726F7570223B7D),
 (288,0,2,0,0,0,0x3A3A31,1454664586,0x4C4F475F47524F55505F44454C455445,0x613A313A7B693A303B733A393A222052572047726F7570223B7D),
 (289,0,2,0,0,0,0x3A3A31,1454664591,0x4C4F475F47524F55505F44454C455445,0x613A313A7B693A303B733A393A2220524F2047726F7570223B7D),
 (290,0,2,0,0,0,0x3A3A31,1454664596,0x4C4F475F47524F55505F44454C455445,0x613A313A7B693A303B733A31353A222053747564656E74732047726F7570223B7D),
 (291,0,2,0,0,0,0x3A3A31,1454664603,0x4C4F475F47524F55505F44454C455445,0x613A313A7B693A303B733A31343A2220546561636865722047726F7570223B7D),
 (292,0,2,0,0,0,0x3A3A31,1454664608,0x4C4F475F47524F55505F44454C455445,0x613A313A7B693A303B733A31373A224169726F6C69313220524F2047726F7570223B7D),
 (293,0,2,0,0,0,0x3A3A31,1454664613,0x4C4F475F47524F55505F44454C455445,0x613A313A7B693A303B733A31373A224169726F6C6931322052572047726F7570223B7D),
 (294,0,2,0,0,0,0x3A3A31,1454664618,0x4C4F475F47524F55505F44454C455445,0x613A313A7B693A303B733A31383A224169726F6C6931323320524F2047726F7570223B7D),
 (295,0,2,0,0,0,0x3A3A31,1454664623,0x4C4F475F47524F55505F44454C455445,0x613A313A7B693A303B733A31383A224169726F6C693132332052572047726F7570223B7D),
 (296,0,2,0,0,0,0x3A3A31,1454664628,0x4C4F475F47524F55505F44454C455445,0x613A313A7B693A303B733A31363A224169726F6C693220524F2047726F7570223B7D),
 (297,0,2,0,0,0,0x3A3A31,1454664633,0x4C4F475F47524F55505F44454C455445,0x613A313A7B693A303B733A31363A224169726F6C69322052572047726F7570223B7D),
 (298,0,2,0,0,0,0x3A3A31,1454664638,0x4C4F475F47524F55505F44454C455445,0x613A313A7B693A303B733A33343A224169726F6C69324169726F6C69203220326E6420466F72756D2052522047726F7570223B7D),
 (299,0,2,0,0,0,0x3A3A31,1454664644,0x4C4F475F47524F55505F44454C455445,0x613A313A7B693A303B733A33303A224169726F6C69324169726F6C69203220466F72756D2052522047726F7570223B7D),
 (300,0,2,0,0,0,0x3A3A31,1454664650,0x4C4F475F47524F55505F44454C455445,0x613A313A7B693A303B733A33373A224169726F6C6932436865636B204C696E6B205573657220466F72756D2052522047726F7570223B7D),
 (301,0,2,0,0,0,0x3A3A31,1454664657,0x4C4F475F47524F55505F44454C455445,0x613A313A7B693A303B733A33383A224169726F6C6932436865636B204C696E6B205573657220466F72756D312052522047726F7570223B7D),
 (302,0,2,0,0,0,0x3A3A31,1454664664,0x4C4F475F47524F55505F44454C455445,0x613A313A7B693A303B733A34383A224169726F6C6932436865636B20616761696E206C696E6B2075736572207769746820666F72756D2052522047726F7570223B7D),
 (303,0,2,0,0,0,0x3A3A31,1454664669,0x4C4F475F47524F55505F44454C455445,0x613A313A7B693A303B733A32343A224169726F6C69324D7920466F72756D2052522047726F7570223B7D),
 (304,0,2,0,0,0,0x3A3A31,1454664674,0x4C4F475F47524F55505F44454C455445,0x613A313A7B693A303B733A33313A224169726F6C69324E657720466F72756D20436865636B2052522047726F7570223B7D),
 (305,0,2,0,0,0,0x3A3A31,1454664680,0x4C4F475F47524F55505F44454C455445,0x613A313A7B693A303B733A31343A2241727261792052522047726F7570223B7D),
 (306,0,2,0,0,0,0x3A3A31,1454664685,0x4C4F475F47524F55505F44454C455445,0x613A313A7B693A303B733A31343A2241727261792052522047726F7570223B7D),
 (307,0,2,0,0,0,0x3A3A31,1454664690,0x4C4F475F47524F55505F44454C455445,0x613A313A7B693A303B733A31343A2241727261792052522047726F7570223B7D),
 (308,0,2,0,0,0,0x3A3A31,1454664695,0x4C4F475F47524F55505F44454C455445,0x613A313A7B693A303B733A31343A2241727261792052522047726F7570223B7D),
 (309,0,2,0,0,0,0x3A3A31,1454664700,0x4C4F475F47524F55505F44454C455445,0x613A313A7B693A303B733A31363A2242616E6472613220524F2047726F7570223B7D),
 (310,0,2,0,0,0,0x3A3A31,1454664705,0x4C4F475F47524F55505F44454C455445,0x613A313A7B693A303B733A31363A2242616E647261322052572047726F7570223B7D),
 (311,0,2,0,0,0,0x3A3A31,1454664710,0x4C4F475F47524F55505F44454C455445,0x613A313A7B693A303B733A32343A224272616E63682033204444444444442052522047726F7570223B7D),
 (312,0,2,0,0,0,0x3A3A31,1454664715,0x4C4F475F47524F55505F44454C455445,0x613A313A7B693A303B733A32353A224272616E63682033204D79466F72756D2052522047726F7570223B7D),
 (313,0,2,0,0,0,0x3A3A31,1454664720,0x4C4F475F47524F55505F44454C455445,0x613A313A7B693A303B733A31373A224272616E6368203320524F2047726F7570223B7D),
 (314,0,2,0,0,0,0x3A3A31,1454664726,0x4C4F475F47524F55505F44454C455445,0x613A313A7B693A303B733A31373A224272616E636820332052572047726F7570223B7D),
 (315,0,2,0,0,0,0x3A3A31,1454664731,0x4C4F475F47524F55505F44454C455445,0x613A313A7B693A303B733A32313A224272616E63682033205472792052522047726F7570223B7D),
 (316,0,2,0,0,0,0x3A3A31,1454664738,0x4C4F475F47524F55505F44454C455445,0x613A313A7B693A303B733A31363A224272616E63683120524F2047726F7570223B7D),
 (317,0,2,0,0,0,0x3A3A31,1454664743,0x4C4F475F47524F55505F44454C455445,0x613A313A7B693A303B733A31363A224272616E6368312052572047726F7570223B7D),
 (318,0,2,0,0,0,0x3A3A31,1454664748,0x4C4F475F47524F55505F44454C455445,0x613A313A7B693A303B733A33313A224272616E636832204272616E6368203220666F72756D2052522047726F7570223B7D),
 (319,0,2,0,0,0,0x3A3A31,1454664753,0x4C4F475F47524F55505F44454C455445,0x613A313A7B693A303B733A31363A224272616E63683220524F2047726F7570223B7D),
 (320,0,2,0,0,0,0x3A3A31,1454664758,0x4C4F475F47524F55505F44454C455445,0x613A313A7B693A303B733A31363A224272616E6368322052572047726F7570223B7D),
 (321,0,2,0,0,0,0x3A3A31,1454664768,0x4C4F475F47524F55505F44454C455445,0x613A313A7B693A303B733A31373A22436865636B696E6720524F2047726F7570223B7D),
 (322,0,2,0,0,0,0x3A3A31,1454664777,0x4C4F475F47524F55505F44454C455445,0x613A313A7B693A303B733A31373A22436865636B696E672052572047726F7570223B7D),
 (323,0,2,0,0,0,0x3A3A31,1454664820,0x4C4F475F47524F55505F44454C455445,0x613A313A7B693A303B733A32323A2244454D4F204272616E6368203220524F2047726F7570223B7D),
 (324,0,2,0,0,0,0x3A3A31,1454664825,0x4C4F475F47524F55505F44454C455445,0x613A313A7B693A303B733A32323A2244454D4F204272616E636820322052572047726F7570223B7D),
 (325,0,2,0,0,0,0x3A3A31,1454664830,0x4C4F475F47524F55505F44454C455445,0x613A313A7B693A303B733A32303A2244454D4F204272616E636820524F2047726F7570223B7D),
 (326,0,2,0,0,0,0x3A3A31,1454664835,0x4C4F475F47524F55505F44454C455445,0x613A313A7B693A303B733A32303A2244454D4F204272616E63682052572047726F7570223B7D),
 (327,0,2,0,0,0,0x3A3A31,1454664840,0x4C4F475F47524F55505F44454C455445,0x613A313A7B693A303B733A31363A224772616465203120524F2047726F7570223B7D),
 (328,0,2,0,0,0,0x3A3A31,1454664844,0x4C4F475F47524F55505F44454C455445,0x613A313A7B693A303B733A32323A22477261646520312053747564656E74732047726F7570223B7D),
 (329,0,2,0,0,0,0x3A3A31,1454664850,0x4C4F475F47524F55505F44454C455445,0x613A313A7B693A303B733A32313A224772616465203120546561636865722047726F7570223B7D),
 (330,0,2,0,0,0,0x3A3A31,1454664855,0x4C4F475F47524F55505F44454C455445,0x613A313A7B693A303B733A32303A224B425049205363686F6F6C20524F2047726F7570223B7D),
 (331,0,2,0,0,0,0x3A3A31,1454664861,0x4C4F475F47524F55505F44454C455445,0x613A313A7B693A303B733A32303A224B425049205363686F6F6C20524F2047726F7570223B7D),
 (332,0,2,0,0,0,0x3A3A31,1454664865,0x4C4F475F47524F55505F44454C455445,0x613A313A7B693A303B733A32303A224B425049205363686F6F6C20524F2047726F7570223B7D),
 (333,0,2,0,0,0,0x3A3A31,1454664870,0x4C4F475F47524F55505F44454C455445,0x613A313A7B693A303B733A32303A224B425049205363686F6F6C2052572047726F7570223B7D),
 (334,0,2,0,0,0,0x3A3A31,1454664875,0x4C4F475F47524F55505F44454C455445,0x613A313A7B693A303B733A32303A224B425049205363686F6F6C2052572047726F7570223B7D),
 (335,0,2,0,0,0,0x3A3A31,1454664880,0x4C4F475F47524F55505F44454C455445,0x613A313A7B693A303B733A32363A224B425049205363686F6F6C2053747564656E74732047726F7570223B7D),
 (336,0,2,0,0,0,0x3A3A31,1454664885,0x4C4F475F47524F55505F44454C455445,0x613A313A7B693A303B733A32353A224B425049205363686F6F6C20546561636865722047726F7570223B7D),
 (337,0,2,0,0,0,0x3A3A31,1454664891,0x4C4F475F47524F55505F44454C455445,0x613A313A7B693A303B733A33313A224B425049205363686F6F6C44696C697020466F72756D2052522047726F7570223B7D),
 (338,0,2,0,0,0,0x3A3A31,1454664895,0x4C4F475F47524F55505F44454C455445,0x613A313A7B693A303B733A32313A224B425049205363686F6F6C5320524F2047726F7570223B7D),
 (339,0,2,0,0,0,0x3A3A31,1454664901,0x4C4F475F47524F55505F44454C455445,0x613A313A7B693A303B733A32313A224B425049205363686F6F6C5320524F2047726F7570223B7D),
 (340,0,2,0,0,0,0x3A3A31,1454664906,0x4C4F475F47524F55505F44454C455445,0x613A313A7B693A303B733A32313A224B425049205363686F6F6C5320524F2047726F7570223B7D),
 (341,0,2,0,0,0,0x3A3A31,1454664910,0x4C4F475F47524F55505F44454C455445,0x613A313A7B693A303B733A32313A224B425049205363686F6F6C532052572047726F7570223B7D),
 (342,0,2,0,0,0,0x3A3A31,1454664916,0x4C4F475F47524F55505F44454C455445,0x613A313A7B693A303B733A32313A224B425049205363686F6F6C532052572047726F7570223B7D),
 (343,0,2,0,0,0,0x3A3A31,1454664920,0x4C4F475F47524F55505F44454C455445,0x613A313A7B693A303B733A32313A224B425049205363686F6F6C532052572047726F7570223B7D),
 (344,0,2,0,0,0,0x3A3A31,1454664925,0x4C4F475F47524F55505F44454C455445,0x613A313A7B693A303B733A32323A224D6F68616E32205363686F6F6C20524F2047726F7570223B7D),
 (345,0,2,0,0,0,0x3A3A31,1454664930,0x4C4F475F47524F55505F44454C455445,0x613A313A7B693A303B733A32323A224D6F68616E32205363686F6F6C20524F2047726F7570223B7D),
 (346,0,2,0,0,0,0x3A3A31,1454664936,0x4C4F475F47524F55505F44454C455445,0x613A313A7B693A303B733A32383A224D6F68616E32205363686F6F6C2053747564656E74732047726F7570223B7D),
 (347,0,2,0,0,0,0x3A3A31,1454664940,0x4C4F475F47524F55505F44454C455445,0x613A313A7B693A303B733A32383A224D6F68616E32205363686F6F6C2053747564656E74732047726F7570223B7D),
 (348,0,2,0,0,0,0x3A3A31,1454664946,0x4C4F475F47524F55505F44454C455445,0x613A313A7B693A303B733A32373A224D6F68616E32205363686F6F6C20546561636865722047726F7570223B7D),
 (349,0,2,0,0,0,0x3A3A31,1454664951,0x4C4F475F47524F55505F44454C455445,0x613A313A7B693A303B733A32373A224D6F68616E32205363686F6F6C20546561636865722047726F7570223B7D),
 (350,0,2,0,0,0,0x3A3A31,1454664958,0x4C4F475F47524F55505F44454C455445,0x613A313A7B693A303B733A35343A224D79204669727374204272616E63682031207465616368657220616E6420312073747564656E7420666F72756D2052522047726F7570223B7D),
 (351,0,2,0,0,0,0x3A3A31,1454664963,0x4C4F475F47524F55505F44454C455445,0x613A313A7B693A303B733A35343A224D79204669727374204272616E63682031207465616368657220616E6420332073747564656E7420666F72756D2052522047726F7570223B7D),
 (352,0,2,0,0,0,0x3A3A31,1454664970,0x4C4F475F47524F55505F44454C455445,0x613A313A7B693A303B733A32343A224D79204669727374204272616E636820524F2047726F7570223B7D),
 (353,0,2,0,0,0,0x3A3A31,1454664975,0x4C4F475F47524F55505F44454C455445,0x613A313A7B693A303B733A32343A224D79204669727374204272616E63682052572047726F7570223B7D),
 (354,0,2,0,0,0,0x3A3A31,1454664980,0x4C4F475F47524F55505F44454C455445,0x613A313A7B693A303B733A31383A2253617261737761746920524F2047726F7570223B7D),
 (355,0,2,0,0,0,0x3A3A31,1454664985,0x4C4F475F47524F55505F44454C455445,0x613A313A7B693A303B733A31383A225361726173776174692052572047726F7570223B7D),
 (356,0,2,0,0,0,0x3A3A31,1454664991,0x4C4F475F47524F55505F44454C455445,0x613A313A7B693A303B733A32393A22536172617377617469205465737420466F72756D2052522047726F7570223B7D),
 (357,0,2,0,0,0,0x3A3A31,1454664996,0x4C4F475F47524F55505F44454C455445,0x613A313A7B693A303B733A32393A22536172617377617469205465737420466F72756D2052522047726F7570223B7D),
 (358,0,2,0,0,0,0x3A3A31,1454665000,0x4C4F475F47524F55505F44454C455445,0x613A313A7B693A303B733A32373A225361726173776174695361726173776174692052522047726F7570223B7D),
 (359,0,2,0,0,0,0x3A3A31,1454665004,0x4C4F475F47524F55505F44454C455445,0x613A313A7B693A303B733A31393A2254657374205363686F6F6C2053747564656E74223B7D),
 (360,0,2,0,0,0,0x3A3A31,1454665009,0x4C4F475F47524F55505F44454C455445,0x613A313A7B693A303B733A31393A2254657374205363686F6F6C2054656163686572223B7D),
 (361,0,2,0,0,0,0x3A3A31,1454665013,0x4C4F475F47524F55505F44454C455445,0x613A313A7B693A303B733A31323A2254657374205363686F6F6C32223B7D),
 (362,0,2,0,0,0,0x3A3A31,1454665020,0x4C4F475F47524F55505F44454C455445,0x613A313A7B693A303B733A32303A2254657374205363686F6F6C322053747564656E74223B7D),
 (363,0,2,0,0,0,0x3A3A31,1454665027,0x4C4F475F47524F55505F44454C455445,0x613A313A7B693A303B733A32303A2254657374205363686F6F6C322054656163686572223B7D),
 (364,0,2,0,0,0,0x3A3A31,1454665032,0x4C4F475F47524F55505F44454C455445,0x613A313A7B693A303B733A33393A22596F75722066697273742063617465676F727944696C697020466F72756D2052522047726F7570223B7D);
INSERT INTO `phpbb_log` (`log_id`,`log_type`,`user_id`,`forum_id`,`topic_id`,`reportee_id`,`log_ip`,`log_time`,`log_operation`,`log_data`) VALUES 
 (365,0,2,0,0,0,0x3A3A31,1454665037,0x4C4F475F47524F55505F44454C455445,0x613A313A7B693A303B733A33393A22596F75722066697273742063617465676F727944696C697020466F72756D2052522047726F7570223B7D),
 (366,0,2,0,0,0,0x3A3A31,1454665042,0x4C4F475F47524F55505F44454C455445,0x613A313A7B693A303B733A33393A22596F75722066697273742063617465676F727944696C697020466F72756D2052522047726F7570223B7D),
 (367,0,2,0,0,0,0x3A3A31,1454665046,0x4C4F475F47524F55505F44454C455445,0x613A313A7B693A303B733A33393A22596F75722066697273742063617465676F727944696C697020466F72756D2052522047726F7570223B7D),
 (368,0,2,0,0,0,0x3A3A31,1454665050,0x4C4F475F47524F55505F44454C455445,0x613A313A7B693A303B733A32313A226E6577207363686F6F6C313620524F2047726F7570223B7D),
 (369,0,2,0,0,0,0x3A3A31,1454665056,0x4C4F475F47524F55505F44454C455445,0x613A313A7B693A303B733A32313A226E6577207363686F6F6C31362052572047726F7570223B7D),
 (370,0,2,0,0,0,0x3A3A31,1454665061,0x4C4F475F47524F55505F44454C455445,0x613A313A7B693A303B733A32313A226E6577207363686F6F6C313720524F2047726F7570223B7D),
 (371,0,2,0,0,0,0x3A3A31,1454665066,0x4C4F475F47524F55505F44454C455445,0x613A313A7B693A303B733A32313A226E6577207363686F6F6C31372052572047726F7570223B7D),
 (372,0,2,0,0,0,0x3A3A31,1454665071,0x4C4F475F47524F55505F44454C455445,0x613A313A7B693A303B733A32383A226E6577207363686F6F6C3137477261646520312052522047726F7570223B7D),
 (373,0,2,0,0,0,0x3A3A31,1454665075,0x4C4F475F47524F55505F44454C455445,0x613A313A7B693A303B733A32383A226E6577207363686F6F6C3137477261646520312052522047726F7570223B7D),
 (374,0,2,0,0,0,0x3A3A31,1454665082,0x4C4F475F47524F55505F44454C455445,0x613A313A7B693A303B733A32383A226E6577207363686F6F6C3137477261646520312052522047726F7570223B7D),
 (375,0,2,0,0,0,0x3A3A31,1454665087,0x4C4F475F47524F55505F44454C455445,0x613A313A7B693A303B733A31313A2254657374205363686F6F6C223B7D);
/*!40000 ALTER TABLE `phpbb_log` ENABLE KEYS */;


--
-- Definition of table `phpbb_login_attempts`
--

DROP TABLE IF EXISTS `phpbb_login_attempts`;
CREATE TABLE `phpbb_login_attempts` (
  `attempt_ip` varchar(40) COLLATE utf8_bin NOT NULL DEFAULT '',
  `attempt_browser` varchar(150) COLLATE utf8_bin NOT NULL DEFAULT '',
  `attempt_forwarded_for` varchar(255) COLLATE utf8_bin NOT NULL DEFAULT '',
  `attempt_time` int(11) unsigned NOT NULL DEFAULT '0',
  `user_id` mediumint(8) unsigned NOT NULL DEFAULT '0',
  `username` varchar(255) COLLATE utf8_bin NOT NULL DEFAULT '0',
  `username_clean` varchar(255) COLLATE utf8_bin NOT NULL DEFAULT '0',
  KEY `att_ip` (`attempt_ip`,`attempt_time`),
  KEY `att_for` (`attempt_forwarded_for`,`attempt_time`),
  KEY `att_time` (`attempt_time`),
  KEY `user_id` (`user_id`)
) ENGINE=InnoDB DEFAULT CHARSET=utf8 COLLATE=utf8_bin;

--
-- Dumping data for table `phpbb_login_attempts`
--

/*!40000 ALTER TABLE `phpbb_login_attempts` DISABLE KEYS */;
/*!40000 ALTER TABLE `phpbb_login_attempts` ENABLE KEYS */;


--
-- Definition of table `phpbb_migrations`
--

DROP TABLE IF EXISTS `phpbb_migrations`;
CREATE TABLE `phpbb_migrations` (
  `migration_name` varchar(255) COLLATE utf8_bin NOT NULL DEFAULT '',
  `migration_depends_on` text COLLATE utf8_bin NOT NULL,
  `migration_schema_done` tinyint(1) unsigned NOT NULL DEFAULT '0',
  `migration_data_done` tinyint(1) unsigned NOT NULL DEFAULT '0',
  `migration_data_state` text COLLATE utf8_bin NOT NULL,
  `migration_start_time` int(11) unsigned NOT NULL DEFAULT '0',
  `migration_end_time` int(11) unsigned NOT NULL DEFAULT '0',
  PRIMARY KEY (`migration_name`)
) ENGINE=InnoDB DEFAULT CHARSET=utf8 COLLATE=utf8_bin;

--
-- Dumping data for table `phpbb_migrations`
--

/*!40000 ALTER TABLE `phpbb_migrations` DISABLE KEYS */;
INSERT INTO `phpbb_migrations` (`migration_name`,`migration_depends_on`,`migration_schema_done`,`migration_data_done`,`migration_data_state`,`migration_start_time`,`migration_end_time`) VALUES 
 (0x5C70687062625C64625C6D6967726174696F6E5C646174615C763330785C6C6F63616C5F75726C5F6262636F6465,0x613A313A7B693A303B733A34383A225C70687062625C64625C6D6967726174696F6E5C646174615C763330785C72656C656173655F335F305F31325F726331223B7D,1,1,'',1450524294,1450524294),
 (0x5C70687062625C64625C6D6967726174696F6E5C646174615C763330785C72656C656173655F335F305F30,0x613A303A7B7D,1,1,'',1450524294,1450524294),
 (0x5C70687062625C64625C6D6967726174696F6E5C646174615C763330785C72656C656173655F335F305F31,0x613A313A7B693A303B733A34373A225C70687062625C64625C6D6967726174696F6E5C646174615C763330785C72656C656173655F335F305F315F726331223B7D,1,1,'',1450524294,1450524294),
 (0x5C70687062625C64625C6D6967726174696F6E5C646174615C763330785C72656C656173655F335F305F3130,0x613A313A7B693A303B733A34383A225C70687062625C64625C6D6967726174696F6E5C646174615C763330785C72656C656173655F335F305F31305F726333223B7D,1,1,'',1450524294,1450524294),
 (0x5C70687062625C64625C6D6967726174696F6E5C646174615C763330785C72656C656173655F335F305F31305F726331,0x613A313A7B693A303B733A34333A225C70687062625C64625C6D6967726174696F6E5C646174615C763330785C72656C656173655F335F305F39223B7D,1,1,'',1450524294,1450524294),
 (0x5C70687062625C64625C6D6967726174696F6E5C646174615C763330785C72656C656173655F335F305F31305F726332,0x613A313A7B693A303B733A34383A225C70687062625C64625C6D6967726174696F6E5C646174615C763330785C72656C656173655F335F305F31305F726331223B7D,1,1,'',1450524294,1450524294),
 (0x5C70687062625C64625C6D6967726174696F6E5C646174615C763330785C72656C656173655F335F305F31305F726333,0x613A313A7B693A303B733A34383A225C70687062625C64625C6D6967726174696F6E5C646174615C763330785C72656C656173655F335F305F31305F726332223B7D,1,1,'',1450524294,1450524294),
 (0x5C70687062625C64625C6D6967726174696F6E5C646174615C763330785C72656C656173655F335F305F3131,0x613A313A7B693A303B733A34383A225C70687062625C64625C6D6967726174696F6E5C646174615C763330785C72656C656173655F335F305F31315F726332223B7D,1,1,'',1450524294,1450524294),
 (0x5C70687062625C64625C6D6967726174696F6E5C646174615C763330785C72656C656173655F335F305F31315F726331,0x613A313A7B693A303B733A34343A225C70687062625C64625C6D6967726174696F6E5C646174615C763330785C72656C656173655F335F305F3130223B7D,1,1,'',1450524294,1450524294),
 (0x5C70687062625C64625C6D6967726174696F6E5C646174615C763330785C72656C656173655F335F305F31315F726332,0x613A313A7B693A303B733A34383A225C70687062625C64625C6D6967726174696F6E5C646174615C763330785C72656C656173655F335F305F31315F726331223B7D,1,1,'',1450524294,1450524294),
 (0x5C70687062625C64625C6D6967726174696F6E5C646174615C763330785C72656C656173655F335F305F3132,0x613A313A7B693A303B733A34383A225C70687062625C64625C6D6967726174696F6E5C646174615C763330785C72656C656173655F335F305F31325F726333223B7D,1,1,'',1450524294,1450524294),
 (0x5C70687062625C64625C6D6967726174696F6E5C646174615C763330785C72656C656173655F335F305F31325F726331,0x613A313A7B693A303B733A34343A225C70687062625C64625C6D6967726174696F6E5C646174615C763330785C72656C656173655F335F305F3131223B7D,1,1,'',1450524295,1450524295),
 (0x5C70687062625C64625C6D6967726174696F6E5C646174615C763330785C72656C656173655F335F305F31325F726332,0x613A313A7B693A303B733A34383A225C70687062625C64625C6D6967726174696F6E5C646174615C763330785C72656C656173655F335F305F31325F726331223B7D,1,1,'',1450524295,1450524295),
 (0x5C70687062625C64625C6D6967726174696F6E5C646174615C763330785C72656C656173655F335F305F31325F726333,0x613A313A7B693A303B733A34383A225C70687062625C64625C6D6967726174696F6E5C646174615C763330785C72656C656173655F335F305F31325F726332223B7D,1,1,'',1450524295,1450524295),
 (0x5C70687062625C64625C6D6967726174696F6E5C646174615C763330785C72656C656173655F335F305F3133,0x613A313A7B693A303B733A34383A225C70687062625C64625C6D6967726174696F6E5C646174615C763330785C72656C656173655F335F305F31335F726331223B7D,1,1,'',1450524295,1450524295),
 (0x5C70687062625C64625C6D6967726174696F6E5C646174615C763330785C72656C656173655F335F305F31335F706C31,0x613A313A7B693A303B733A34343A225C70687062625C64625C6D6967726174696F6E5C646174615C763330785C72656C656173655F335F305F3133223B7D,1,1,'',1450524295,1450524295),
 (0x5C70687062625C64625C6D6967726174696F6E5C646174615C763330785C72656C656173655F335F305F31335F726331,0x613A313A7B693A303B733A34343A225C70687062625C64625C6D6967726174696F6E5C646174615C763330785C72656C656173655F335F305F3132223B7D,1,1,'',1450524295,1450524295),
 (0x5C70687062625C64625C6D6967726174696F6E5C646174615C763330785C72656C656173655F335F305F3134,0x613A313A7B693A303B733A34383A225C70687062625C64625C6D6967726174696F6E5C646174615C763330785C72656C656173655F335F305F31345F726331223B7D,1,1,'',1450524295,1450524295),
 (0x5C70687062625C64625C6D6967726174696F6E5C646174615C763330785C72656C656173655F335F305F31345F726331,0x613A313A7B693A303B733A34343A225C70687062625C64625C6D6967726174696F6E5C646174615C763330785C72656C656173655F335F305F3133223B7D,1,1,'',1450524295,1450524295),
 (0x5C70687062625C64625C6D6967726174696F6E5C646174615C763330785C72656C656173655F335F305F315F726331,0x613A313A7B693A303B733A34333A225C70687062625C64625C6D6967726174696F6E5C646174615C763330785C72656C656173655F335F305F30223B7D,1,1,'',1450524295,1450524295),
 (0x5C70687062625C64625C6D6967726174696F6E5C646174615C763330785C72656C656173655F335F305F32,0x613A313A7B693A303B733A34373A225C70687062625C64625C6D6967726174696F6E5C646174615C763330785C72656C656173655F335F305F325F726332223B7D,1,1,'',1450524295,1450524295),
 (0x5C70687062625C64625C6D6967726174696F6E5C646174615C763330785C72656C656173655F335F305F325F726331,0x613A313A7B693A303B733A34333A225C70687062625C64625C6D6967726174696F6E5C646174615C763330785C72656C656173655F335F305F31223B7D,1,1,'',1450524295,1450524295),
 (0x5C70687062625C64625C6D6967726174696F6E5C646174615C763330785C72656C656173655F335F305F325F726332,0x613A313A7B693A303B733A34373A225C70687062625C64625C6D6967726174696F6E5C646174615C763330785C72656C656173655F335F305F325F726331223B7D,1,1,'',1450524295,1450524295),
 (0x5C70687062625C64625C6D6967726174696F6E5C646174615C763330785C72656C656173655F335F305F33,0x613A313A7B693A303B733A34373A225C70687062625C64625C6D6967726174696F6E5C646174615C763330785C72656C656173655F335F305F335F726331223B7D,1,1,'',1450524295,1450524295),
 (0x5C70687062625C64625C6D6967726174696F6E5C646174615C763330785C72656C656173655F335F305F335F726331,0x613A313A7B693A303B733A34333A225C70687062625C64625C6D6967726174696F6E5C646174615C763330785C72656C656173655F335F305F32223B7D,1,1,'',1450524295,1450524295),
 (0x5C70687062625C64625C6D6967726174696F6E5C646174615C763330785C72656C656173655F335F305F34,0x613A313A7B693A303B733A34373A225C70687062625C64625C6D6967726174696F6E5C646174615C763330785C72656C656173655F335F305F345F726331223B7D,1,1,'',1450524295,1450524295),
 (0x5C70687062625C64625C6D6967726174696F6E5C646174615C763330785C72656C656173655F335F305F345F726331,0x613A313A7B693A303B733A34333A225C70687062625C64625C6D6967726174696F6E5C646174615C763330785C72656C656173655F335F305F33223B7D,1,1,'',1450524295,1450524295),
 (0x5C70687062625C64625C6D6967726174696F6E5C646174615C763330785C72656C656173655F335F305F35,0x613A313A7B693A303B733A35323A225C70687062625C64625C6D6967726174696F6E5C646174615C763330785C72656C656173655F335F305F355F7263317061727432223B7D,1,1,'',1450524295,1450524295),
 (0x5C70687062625C64625C6D6967726174696F6E5C646174615C763330785C72656C656173655F335F305F355F726331,0x613A313A7B693A303B733A34333A225C70687062625C64625C6D6967726174696F6E5C646174615C763330785C72656C656173655F335F305F34223B7D,1,1,'',1450524295,1450524295),
 (0x5C70687062625C64625C6D6967726174696F6E5C646174615C763330785C72656C656173655F335F305F355F7263317061727432,0x613A313A7B693A303B733A34373A225C70687062625C64625C6D6967726174696F6E5C646174615C763330785C72656C656173655F335F305F355F726331223B7D,1,1,'',1450524296,1450524296),
 (0x5C70687062625C64625C6D6967726174696F6E5C646174615C763330785C72656C656173655F335F305F36,0x613A313A7B693A303B733A34373A225C70687062625C64625C6D6967726174696F6E5C646174615C763330785C72656C656173655F335F305F365F726334223B7D,1,1,'',1450524296,1450524296),
 (0x5C70687062625C64625C6D6967726174696F6E5C646174615C763330785C72656C656173655F335F305F365F726331,0x613A313A7B693A303B733A34333A225C70687062625C64625C6D6967726174696F6E5C646174615C763330785C72656C656173655F335F305F35223B7D,1,1,'',1450524296,1450524296),
 (0x5C70687062625C64625C6D6967726174696F6E5C646174615C763330785C72656C656173655F335F305F365F726332,0x613A313A7B693A303B733A34373A225C70687062625C64625C6D6967726174696F6E5C646174615C763330785C72656C656173655F335F305F365F726331223B7D,1,1,'',1450524296,1450524296),
 (0x5C70687062625C64625C6D6967726174696F6E5C646174615C763330785C72656C656173655F335F305F365F726333,0x613A313A7B693A303B733A34373A225C70687062625C64625C6D6967726174696F6E5C646174615C763330785C72656C656173655F335F305F365F726332223B7D,1,1,'',1450524296,1450524296),
 (0x5C70687062625C64625C6D6967726174696F6E5C646174615C763330785C72656C656173655F335F305F365F726334,0x613A313A7B693A303B733A34373A225C70687062625C64625C6D6967726174696F6E5C646174615C763330785C72656C656173655F335F305F365F726333223B7D,1,1,'',1450524296,1450524296),
 (0x5C70687062625C64625C6D6967726174696F6E5C646174615C763330785C72656C656173655F335F305F37,0x613A313A7B693A303B733A34373A225C70687062625C64625C6D6967726174696F6E5C646174615C763330785C72656C656173655F335F305F375F726332223B7D,1,1,'',1450524296,1450524296),
 (0x5C70687062625C64625C6D6967726174696F6E5C646174615C763330785C72656C656173655F335F305F375F706C31,0x613A313A7B693A303B733A34333A225C70687062625C64625C6D6967726174696F6E5C646174615C763330785C72656C656173655F335F305F37223B7D,1,1,'',1450524296,1450524296),
 (0x5C70687062625C64625C6D6967726174696F6E5C646174615C763330785C72656C656173655F335F305F375F726331,0x613A313A7B693A303B733A34333A225C70687062625C64625C6D6967726174696F6E5C646174615C763330785C72656C656173655F335F305F36223B7D,1,1,'',1450524296,1450524296),
 (0x5C70687062625C64625C6D6967726174696F6E5C646174615C763330785C72656C656173655F335F305F375F726332,0x613A313A7B693A303B733A34373A225C70687062625C64625C6D6967726174696F6E5C646174615C763330785C72656C656173655F335F305F375F726331223B7D,1,1,'',1450524296,1450524296),
 (0x5C70687062625C64625C6D6967726174696F6E5C646174615C763330785C72656C656173655F335F305F38,0x613A313A7B693A303B733A34373A225C70687062625C64625C6D6967726174696F6E5C646174615C763330785C72656C656173655F335F305F385F726331223B7D,1,1,'',1450524296,1450524296),
 (0x5C70687062625C64625C6D6967726174696F6E5C646174615C763330785C72656C656173655F335F305F385F726331,0x613A313A7B693A303B733A34373A225C70687062625C64625C6D6967726174696F6E5C646174615C763330785C72656C656173655F335F305F375F706C31223B7D,1,1,'',1450524296,1450524296),
 (0x5C70687062625C64625C6D6967726174696F6E5C646174615C763330785C72656C656173655F335F305F39,0x613A313A7B693A303B733A34373A225C70687062625C64625C6D6967726174696F6E5C646174615C763330785C72656C656173655F335F305F395F726334223B7D,1,1,'',1450524296,1450524296),
 (0x5C70687062625C64625C6D6967726174696F6E5C646174615C763330785C72656C656173655F335F305F395F726331,0x613A313A7B693A303B733A34333A225C70687062625C64625C6D6967726174696F6E5C646174615C763330785C72656C656173655F335F305F38223B7D,1,1,'',1450524296,1450524296),
 (0x5C70687062625C64625C6D6967726174696F6E5C646174615C763330785C72656C656173655F335F305F395F726332,0x613A313A7B693A303B733A34373A225C70687062625C64625C6D6967726174696F6E5C646174615C763330785C72656C656173655F335F305F395F726331223B7D,1,1,'',1450524296,1450524296),
 (0x5C70687062625C64625C6D6967726174696F6E5C646174615C763330785C72656C656173655F335F305F395F726333,0x613A313A7B693A303B733A34373A225C70687062625C64625C6D6967726174696F6E5C646174615C763330785C72656C656173655F335F305F395F726332223B7D,1,1,'',1450524296,1450524296),
 (0x5C70687062625C64625C6D6967726174696F6E5C646174615C763330785C72656C656173655F335F305F395F726334,0x613A313A7B693A303B733A34373A225C70687062625C64625C6D6967726174696F6E5C646174615C763330785C72656C656173655F335F305F395F726333223B7D,1,1,'',1450524296,1450524296),
 (0x5C70687062625C64625C6D6967726174696F6E5C646174615C763331305C6163705F7072756E655F75736572735F6D6F64756C65,0x613A313A7B693A303B733A33353A225C70687062625C64625C6D6967726174696F6E5C646174615C763331305C6265746131223B7D,1,1,'',1450524296,1450524296),
 (0x5C70687062625C64625C6D6967726174696F6E5C646174615C763331305C6163705F7374796C655F636F6D706F6E656E74735F6D6F64756C65,0x613A313A7B693A303B733A33333A225C70687062625C64625C6D6967726174696F6E5C646174615C763331305C646576223B7D,1,1,'',1450524297,1450524297),
 (0x5C70687062625C64625C6D6967726174696F6E5C646174615C763331305C616C6C6F775F63646E,0x613A313A7B693A303B733A34333A225C70687062625C64625C6D6967726174696F6E5C646174615C763331305C6A71756572795F757064617465223B7D,1,1,'',1450524297,1450524297),
 (0x5C70687062625C64625C6D6967726174696F6E5C646174615C763331305C616C70686131,0x613A31383A7B693A303B733A34363A225C70687062625C64625C6D6967726174696F6E5C646174615C763330785C6C6F63616C5F75726C5F6262636F6465223B693A313B733A34343A225C70687062625C64625C6D6967726174696F6E5C646174615C763330785C72656C656173655F335F305F3132223B693A323B733A35373A225C70687062625C64625C6D6967726174696F6E5C646174615C763331305C6163705F7374796C655F636F6D706F6E656E74735F6D6F64756C65223B693A333B733A33393A225C70687062625C64625C6D6967726174696F6E5C646174615C763331305C616C6C6F775F63646E223B693A343B733A34393A225C70687062625C64625C6D6967726174696F6E5C646174615C763331305C617574685F70726F76696465725F6F61757468223B693A353B733A33373A225C70687062625C64625C6D6967726174696F6E5C646174615C763331305C61766174617273223B693A363B733A34303A225C70687062625C64625C6D6967726174696F6E5C646174615C763331305C626F617264696E646578223B693A373B733A34343A225C70687062625C64625C6D6967726174696F6E5C646174615C763331305C636F6E6669675F64625F74657874223B693A383B733A34353A225C70687062625C64625C6D6967726174696F6E5C646174615C763331305C666F72676F745F70617373776F7264223B693A393B733A34313A225C70687062625C64625C6D6967726174696F6E5C646174615C763331305C6D6F645F72657772697465223B693A31303B733A34393A225C70687062625C64625C6D6967726174696F6E5C646174615C763331305C6D7973716C5F66756C6C746578745F64726F70223B693A31313B733A34303A225C70687062625C64625C6D6967726174696F6E5C646174615C763331305C6E616D65737061636573223B693A31323B733A34383A225C70687062625C64625C6D6967726174696F6E5C646174615C763331305C6E6F74696669636174696F6E735F63726F6E223B693A31333B733A36303A225C70687062625C64625C6D6967726174696F6E5C646174615C763331305C6E6F74696669636174696F6E5F6F7074696F6E735F7265636F6E76657274223B693A31343B733A33383A225C70687062625C64625C6D6967726174696F6E5C646174615C763331305C706C75706C6F6164223B693A31353B733A35313A225C70687062625C64625C6D6967726174696F6E5C646174615C763331305C7369676E61747572655F6D6F64756C655F61757468223B693A31363B733A35323A225C70687062625C64625C6D6967726174696F6E5C646174615C763331305C736F667464656C6574655F6D63705F6D6F64756C6573223B693A31373B733A33383A225C70687062625C64625C6D6967726174696F6E5C646174615C763331305C7465616D70616765223B7D,1,1,'',1450524297,1450524297),
 (0x5C70687062625C64625C6D6967726174696F6E5C646174615C763331305C616C70686132,0x613A323A7B693A303B733A33363A225C70687062625C64625C6D6967726174696F6E5C646174615C763331305C616C70686131223B693A313B733A35313A225C70687062625C64625C6D6967726174696F6E5C646174615C763331305C6E6F74696669636174696F6E735F63726F6E5F7032223B7D,1,1,'',1450524297,1450524297),
 (0x5C70687062625C64625C6D6967726174696F6E5C646174615C763331305C616C70686133,0x613A343A7B693A303B733A33363A225C70687062625C64625C6D6967726174696F6E5C646174615C763331305C616C70686132223B693A313B733A34323A225C70687062625C64625C6D6967726174696F6E5C646174615C763331305C6176617461725F7479706573223B693A323B733A33393A225C70687062625C64625C6D6967726174696F6E5C646174615C763331305C70617373776F726473223B693A333B733A34383A225C70687062625C64625C6D6967726174696F6E5C646174615C763331305C70726F66696C656669656C645F7479706573223B7D,1,1,'',1450524297,1450524297),
 (0x5C70687062625C64625C6D6967726174696F6E5C646174615C763331305C617574685F70726F76696465725F6F61757468,0x613A303A7B7D,1,1,'',1450524297,1450524297),
 (0x5C70687062625C64625C6D6967726174696F6E5C646174615C763331305C617574685F70726F76696465725F6F6175746832,0x613A313A7B693A303B733A34393A225C70687062625C64625C6D6967726174696F6E5C646174615C763331305C617574685F70726F76696465725F6F61757468223B7D,1,1,'',1450524297,1450524297),
 (0x5C70687062625C64625C6D6967726174696F6E5C646174615C763331305C6176617461725F7479706573,0x613A323A7B693A303B733A33333A225C70687062625C64625C6D6967726174696F6E5C646174615C763331305C646576223B693A313B733A33373A225C70687062625C64625C6D6967726174696F6E5C646174615C763331305C61766174617273223B7D,1,1,'',1450524297,1450524297),
 (0x5C70687062625C64625C6D6967726174696F6E5C646174615C763331305C61766174617273,0x613A313A7B693A303B733A34343A225C70687062625C64625C6D6967726174696F6E5C646174615C763330785C72656C656173655F335F305F3131223B7D,1,1,'',1450524297,1450524297),
 (0x5C70687062625C64625C6D6967726174696F6E5C646174615C763331305C6265746131,0x613A373A7B693A303B733A33363A225C70687062625C64625C6D6967726174696F6E5C646174615C763331305C616C70686133223B693A313B733A34323A225C70687062625C64625C6D6967726174696F6E5C646174615C763331305C70617373776F7264735F7032223B693A323B733A35323A225C70687062625C64625C6D6967726174696F6E5C646174615C763331305C706F7374677265735F66756C6C746578745F64726F70223B693A333B733A36333A225C70687062625C64625C6D6967726174696F6E5C646174615C763331305C70726F66696C656669656C645F6368616E67655F6C6F61645F73657474696E6773223B693A343B733A35313A225C70687062625C64625C6D6967726174696F6E5C646174615C763331305C70726F66696C656669656C645F6C6F636174696F6E223B693A353B733A35343A225C70687062625C64625C6D6967726174696F6E5C646174615C763331305C736F66745F64656C6574655F6D6F645F636F6E7665727432223B693A363B733A34383A225C70687062625C64625C6D6967726174696F6E5C646174615C763331305C7563705F706F707570706D5F6D6F64756C65223B7D,1,1,'',1450524297,1450524297),
 (0x5C70687062625C64625C6D6967726174696F6E5C646174615C763331305C6265746132,0x613A333A7B693A303B733A33353A225C70687062625C64625C6D6967726174696F6E5C646174615C763331305C6265746131223B693A313B733A35323A225C70687062625C64625C6D6967726174696F6E5C646174615C763331305C6163705F7072756E655F75736572735F6D6F64756C65223B693A323B733A35393A225C70687062625C64625C6D6967726174696F6E5C646174615C763331305C70726F66696C656669656C645F6C6F636174696F6E5F636C65616E7570223B7D,1,1,'',1450524297,1450524297),
 (0x5C70687062625C64625C6D6967726174696F6E5C646174615C763331305C6265746133,0x613A363A7B693A303B733A33353A225C70687062625C64625C6D6967726174696F6E5C646174615C763331305C6265746132223B693A313B733A35303A225C70687062625C64625C6D6967726174696F6E5C646174615C763331305C617574685F70726F76696465725F6F6175746832223B693A323B733A34383A225C70687062625C64625C6D6967726174696F6E5C646174615C763331305C626F6172645F636F6E746163745F6E616D65223B693A333B733A34343A225C70687062625C64625C6D6967726174696F6E5C646174615C763331305C6A71756572795F75706461746532223B693A343B733A35303A225C70687062625C64625C6D6967726174696F6E5C646174615C763331305C6C6976655F73656172636865735F636F6E666967223B693A353B733A34393A225C70687062625C64625C6D6967726174696F6E5C646174615C763331305C7072756E655F736861646F775F746F70696373223B7D,1,1,'',1450524297,1450524297),
 (0x5C70687062625C64625C6D6967726174696F6E5C646174615C763331305C6265746134,0x613A333A7B693A303B733A33353A225C70687062625C64625C6D6967726174696F6E5C646174615C763331305C6265746133223B693A313B733A36393A225C70687062625C64625C6D6967726174696F6E5C646174615C763331305C657874656E73696F6E735F76657273696F6E5F636865636B5F666F7263655F756E737461626C65223B693A323B733A35383A225C70687062625C64625C6D6967726174696F6E5C646174615C763331305C72657365745F6D697373696E675F636170746368615F706C7567696E223B7D,1,1,'',1450524297,1450524297),
 (0x5C70687062625C64625C6D6967726174696F6E5C646174615C763331305C626F6172645F636F6E746163745F6E616D65,0x613A313A7B693A303B733A33353A225C70687062625C64625C6D6967726174696F6E5C646174615C763331305C6265746132223B7D,1,1,'',1450524297,1450524297),
 (0x5C70687062625C64625C6D6967726174696F6E5C646174615C763331305C626F617264696E646578,0x613A303A7B7D,1,1,'',1450524297,1450524297),
 (0x5C70687062625C64625C6D6967726174696F6E5C646174615C763331305C626F745F757064617465,0x613A313A7B693A303B733A33333A225C70687062625C64625C6D6967726174696F6E5C646174615C763331305C726336223B7D,1,1,'',1450524298,1450524298),
 (0x5C70687062625C64625C6D6967726174696F6E5C646174615C763331305C636170746368615F706C7567696E73,0x613A313A7B693A303B733A33333A225C70687062625C64625C6D6967726174696F6E5C646174615C763331305C726332223B7D,1,1,'',1450524298,1450524298),
 (0x5C70687062625C64625C6D6967726174696F6E5C646174615C763331305C636F6E6669675F64625F74657874,0x613A313A7B693A303B733A34343A225C70687062625C64625C6D6967726174696F6E5C646174615C763330785C72656C656173655F335F305F3131223B7D,1,1,'',1450524298,1450524298),
 (0x5C70687062625C64625C6D6967726174696F6E5C646174615C763331305C636F6E746163745F61646D696E5F6163705F6D6F64756C65,0x613A303A7B7D,1,1,'',1450524298,1450524298),
 (0x5C70687062625C64625C6D6967726174696F6E5C646174615C763331305C636F6E746163745F61646D696E5F666F726D,0x613A313A7B693A303B733A34343A225C70687062625C64625C6D6967726174696F6E5C646174615C763331305C636F6E6669675F64625F74657874223B7D,1,1,'',1450524298,1450524298),
 (0x5C70687062625C64625C6D6967726174696F6E5C646174615C763331305C646576,0x613A353A7B693A303B733A34303A225C70687062625C64625C6D6967726174696F6E5C646174615C763331305C657874656E73696F6E73223B693A313B733A34353A225C70687062625C64625C6D6967726174696F6E5C646174615C763331305C7374796C655F7570646174655F7032223B693A323B733A34313A225C70687062625C64625C6D6967726174696F6E5C646174615C763331305C74696D657A6F6E655F7032223B693A333B733A35323A225C70687062625C64625C6D6967726174696F6E5C646174615C763331305C7265706F727465645F706F7374735F646973706C6179223B693A343B733A34363A225C70687062625C64625C6D6967726174696F6E5C646174615C763331305C6D6967726174696F6E735F7461626C65223B7D,1,1,'',1450524298,1450524298),
 (0x5C70687062625C64625C6D6967726174696F6E5C646174615C763331305C657874656E73696F6E73,0x613A313A7B693A303B733A34343A225C70687062625C64625C6D6967726174696F6E5C646174615C763330785C72656C656173655F335F305F3131223B7D,1,1,'',1450524298,1450524298),
 (0x5C70687062625C64625C6D6967726174696F6E5C646174615C763331305C657874656E73696F6E735F76657273696F6E5F636865636B5F666F7263655F756E737461626C65,0x613A313A7B693A303B733A33333A225C70687062625C64625C6D6967726174696F6E5C646174615C763331305C646576223B7D,1,1,'',1450524298,1450524298),
 (0x5C70687062625C64625C6D6967726174696F6E5C646174615C763331305C666F72676F745F70617373776F7264,0x613A313A7B693A303B733A34343A225C70687062625C64625C6D6967726174696F6E5C646174615C763330785C72656C656173655F335F305F3131223B7D,1,1,'',1450524298,1450524298),
 (0x5C70687062625C64625C6D6967726174696F6E5C646174615C763331305C676F6C64,0x613A323A7B693A303B733A33333A225C70687062625C64625C6D6967726174696F6E5C646174615C763331305C726336223B693A313B733A34303A225C70687062625C64625C6D6967726174696F6E5C646174615C763331305C626F745F757064617465223B7D,1,1,'',1450524298,1450524298),
 (0x5C70687062625C64625C6D6967726174696F6E5C646174615C763331305C6A71756572795F757064617465,0x613A313A7B693A303B733A33333A225C70687062625C64625C6D6967726174696F6E5C646174615C763331305C646576223B7D,1,1,'',1450524298,1450524298),
 (0x5C70687062625C64625C6D6967726174696F6E5C646174615C763331305C6A71756572795F75706461746532,0x613A313A7B693A303B733A34333A225C70687062625C64625C6D6967726174696F6E5C646174615C763331305C6A71756572795F757064617465223B7D,1,1,'',1450524298,1450524298),
 (0x5C70687062625C64625C6D6967726174696F6E5C646174615C763331305C6C6976655F73656172636865735F636F6E666967,0x613A303A7B7D,1,1,'',1450524298,1450524298),
 (0x5C70687062625C64625C6D6967726174696F6E5C646174615C763331305C6D6967726174696F6E735F7461626C65,0x613A303A7B7D,1,1,'',1450524298,1450524298),
 (0x5C70687062625C64625C6D6967726174696F6E5C646174615C763331305C6D6F645F72657772697465,0x613A313A7B693A303B733A33333A225C70687062625C64625C6D6967726174696F6E5C646174615C763331305C646576223B7D,1,1,'',1450524298,1450524298),
 (0x5C70687062625C64625C6D6967726174696F6E5C646174615C763331305C6D7973716C5F66756C6C746578745F64726F70,0x613A313A7B693A303B733A33333A225C70687062625C64625C6D6967726174696F6E5C646174615C763331305C646576223B7D,1,1,'',1450524298,1450524298),
 (0x5C70687062625C64625C6D6967726174696F6E5C646174615C763331305C6E616D65737061636573,0x613A313A7B693A303B733A33333A225C70687062625C64625C6D6967726174696F6E5C646174615C763331305C646576223B7D,1,1,'',1450524298,1450524298),
 (0x5C70687062625C64625C6D6967726174696F6E5C646174615C763331305C6E6F74696669636174696F6E5F6F7074696F6E735F7265636F6E76657274,0x613A313A7B693A303B733A35343A225C70687062625C64625C6D6967726174696F6E5C646174615C763331305C6E6F74696669636174696F6E735F736368656D615F666978223B7D,1,1,'',1450524299,1450524299),
 (0x5C70687062625C64625C6D6967726174696F6E5C646174615C763331305C6E6F74696669636174696F6E73,0x613A313A7B693A303B733A33333A225C70687062625C64625C6D6967726174696F6E5C646174615C763331305C646576223B7D,1,1,'',1450524298,1450524298),
 (0x5C70687062625C64625C6D6967726174696F6E5C646174615C763331305C6E6F74696669636174696F6E735F63726F6E,0x613A313A7B693A303B733A34333A225C70687062625C64625C6D6967726174696F6E5C646174615C763331305C6E6F74696669636174696F6E73223B7D,1,1,'',1450524299,1450524299),
 (0x5C70687062625C64625C6D6967726174696F6E5C646174615C763331305C6E6F74696669636174696F6E735F63726F6E5F7032,0x613A313A7B693A303B733A34383A225C70687062625C64625C6D6967726174696F6E5C646174615C763331305C6E6F74696669636174696F6E735F63726F6E223B7D,1,1,'',1450524299,1450524299),
 (0x5C70687062625C64625C6D6967726174696F6E5C646174615C763331305C6E6F74696669636174696F6E735F736368656D615F666978,0x613A313A7B693A303B733A34333A225C70687062625C64625C6D6967726174696F6E5C646174615C763331305C6E6F74696669636174696F6E73223B7D,1,1,'',1450524299,1450524299),
 (0x5C70687062625C64625C6D6967726174696F6E5C646174615C763331305C6E6F74696669636174696F6E735F7573655F66756C6C5F6E616D65,0x613A313A7B693A303B733A33333A225C70687062625C64625C6D6967726174696F6E5C646174615C763331305C726333223B7D,1,1,'',1450524299,1450524299),
 (0x5C70687062625C64625C6D6967726174696F6E5C646174615C763331305C70617373776F726473,0x613A313A7B693A303B733A34343A225C70687062625C64625C6D6967726174696F6E5C646174615C763330785C72656C656173655F335F305F3131223B7D,1,1,'',1450524299,1450524299),
 (0x5C70687062625C64625C6D6967726174696F6E5C646174615C763331305C70617373776F7264735F636F6E766572745F7031,0x613A313A7B693A303B733A34323A225C70687062625C64625C6D6967726174696F6E5C646174615C763331305C70617373776F7264735F7032223B7D,1,1,'',1450524299,1450524299),
 (0x5C70687062625C64625C6D6967726174696F6E5C646174615C763331305C70617373776F7264735F636F6E766572745F7032,0x613A313A7B693A303B733A35303A225C70687062625C64625C6D6967726174696F6E5C646174615C763331305C70617373776F7264735F636F6E766572745F7031223B7D,1,1,'',1450524299,1450524299),
 (0x5C70687062625C64625C6D6967726174696F6E5C646174615C763331305C70617373776F7264735F7032,0x613A313A7B693A303B733A33393A225C70687062625C64625C6D6967726174696F6E5C646174615C763331305C70617373776F726473223B7D,1,1,'',1450524299,1450524299),
 (0x5C70687062625C64625C6D6967726174696F6E5C646174615C763331305C706C75706C6F6164,0x613A313A7B693A303B733A33333A225C70687062625C64625C6D6967726174696F6E5C646174615C763331305C646576223B7D,1,1,'',1450524299,1450524299),
 (0x5C70687062625C64625C6D6967726174696F6E5C646174615C763331305C706F7374677265735F66756C6C746578745F64726F70,0x613A313A7B693A303B733A33333A225C70687062625C64625C6D6967726174696F6E5C646174615C763331305C646576223B7D,1,1,'',1450524299,1450524299),
 (0x5C70687062625C64625C6D6967726174696F6E5C646174615C763331305C70726F66696C656669656C645F616F6C,0x613A313A7B693A303B733A35363A225C70687062625C64625C6D6967726174696F6E5C646174615C763331305C70726F66696C656669656C645F7961686F6F5F636C65616E7570223B7D,1,1,'',1450524299,1450524299),
 (0x5C70687062625C64625C6D6967726174696F6E5C646174615C763331305C70726F66696C656669656C645F616F6C5F636C65616E7570,0x613A313A7B693A303B733A34363A225C70687062625C64625C6D6967726174696F6E5C646174615C763331305C70726F66696C656669656C645F616F6C223B7D,1,1,'',1450524299,1450524299),
 (0x5C70687062625C64625C6D6967726174696F6E5C646174615C763331305C70726F66696C656669656C645F6368616E67655F6C6F61645F73657474696E6773,0x613A313A7B693A303B733A35343A225C70687062625C64625C6D6967726174696F6E5C646174615C763331305C70726F66696C656669656C645F616F6C5F636C65616E7570223B7D,1,1,'',1450524299,1450524299),
 (0x5C70687062625C64625C6D6967726174696F6E5C646174615C763331305C70726F66696C656669656C645F636C65616E7570,0x613A323A7B693A303B733A35323A225C70687062625C64625C6D6967726174696F6E5C646174615C763331305C70726F66696C656669656C645F696E74657265737473223B693A313B733A35333A225C70687062625C64625C6D6967726174696F6E5C646174615C763331305C70726F66696C656669656C645F6F636375706174696F6E223B7D,1,1,'',1450524299,1450524299),
 (0x5C70687062625C64625C6D6967726174696F6E5C646174615C763331305C70726F66696C656669656C645F636F6E746163745F6669656C64,0x613A313A7B693A303B733A35363A225C70687062625C64625C6D6967726174696F6E5C646174615C763331305C70726F66696C656669656C645F6F6E5F6D656D6265726C697374223B7D,1,1,'',1450524299,1450524299),
 (0x5C70687062625C64625C6D6967726174696F6E5C646174615C763331305C70726F66696C656669656C645F66616365626F6F6B,0x613A333A7B693A303B733A35363A225C70687062625C64625C6D6967726174696F6E5C646174615C763331305C70726F66696C656669656C645F636F6E746163745F6669656C64223B693A313B733A35353A225C70687062625C64625C6D6967726174696F6E5C646174615C763331305C70726F66696C656669656C645F73686F775F6E6F76616C7565223B693A323B733A34383A225C70687062625C64625C6D6967726174696F6E5C646174615C763331305C70726F66696C656669656C645F7479706573223B7D,1,1,'',1450524299,1450524299),
 (0x5C70687062625C64625C6D6967726174696F6E5C646174615C763331305C70726F66696C656669656C645F6669656C645F76616C69646174696F6E5F6C656E677468,0x613A313A7B693A303B733A33333A225C70687062625C64625C6D6967726174696F6E5C646174615C763331305C726333223B7D,1,1,'',1450524300,1450524300),
 (0x5C70687062625C64625C6D6967726174696F6E5C646174615C763331305C70726F66696C656669656C645F676F6F676C65706C7573,0x613A333A7B693A303B733A35363A225C70687062625C64625C6D6967726174696F6E5C646174615C763331305C70726F66696C656669656C645F636F6E746163745F6669656C64223B693A313B733A35353A225C70687062625C64625C6D6967726174696F6E5C646174615C763331305C70726F66696C656669656C645F73686F775F6E6F76616C7565223B693A323B733A34383A225C70687062625C64625C6D6967726174696F6E5C646174615C763331305C70726F66696C656669656C645F7479706573223B7D,1,1,'',1450524300,1450524300),
 (0x5C70687062625C64625C6D6967726174696F6E5C646174615C763331305C70726F66696C656669656C645F696371,0x613A313A7B693A303B733A35363A225C70687062625C64625C6D6967726174696F6E5C646174615C763331305C70726F66696C656669656C645F636F6E746163745F6669656C64223B7D,1,1,'',1450524300,1450524300),
 (0x5C70687062625C64625C6D6967726174696F6E5C646174615C763331305C70726F66696C656669656C645F6963715F636C65616E7570,0x613A313A7B693A303B733A34363A225C70687062625C64625C6D6967726174696F6E5C646174615C763331305C70726F66696C656669656C645F696371223B7D,1,1,'',1450524300,1450524300),
 (0x5C70687062625C64625C6D6967726174696F6E5C646174615C763331305C70726F66696C656669656C645F696E74657265737473,0x613A323A7B693A303B733A34383A225C70687062625C64625C6D6967726174696F6E5C646174615C763331305C70726F66696C656669656C645F7479706573223B693A313B733A35353A225C70687062625C64625C6D6967726174696F6E5C646174615C763331305C70726F66696C656669656C645F73686F775F6E6F76616C7565223B7D,1,1,'',1450524300,1450524300),
 (0x5C70687062625C64625C6D6967726174696F6E5C646174615C763331305C70726F66696C656669656C645F6C6F636174696F6E,0x613A323A7B693A303B733A34383A225C70687062625C64625C6D6967726174696F6E5C646174615C763331305C70726F66696C656669656C645F7479706573223B693A313B733A35363A225C70687062625C64625C6D6967726174696F6E5C646174615C763331305C70726F66696C656669656C645F6F6E5F6D656D6265726C697374223B7D,1,1,'',1450524300,1450524300),
 (0x5C70687062625C64625C6D6967726174696F6E5C646174615C763331305C70726F66696C656669656C645F6C6F636174696F6E5F636C65616E7570,0x613A313A7B693A303B733A35313A225C70687062625C64625C6D6967726174696F6E5C646174615C763331305C70726F66696C656669656C645F6C6F636174696F6E223B7D,1,1,'',1450524300,1450524300),
 (0x5C70687062625C64625C6D6967726174696F6E5C646174615C763331305C70726F66696C656669656C645F6F636375706174696F6E,0x613A313A7B693A303B733A35323A225C70687062625C64625C6D6967726174696F6E5C646174615C763331305C70726F66696C656669656C645F696E74657265737473223B7D,1,1,'',1450524300,1450524300),
 (0x5C70687062625C64625C6D6967726174696F6E5C646174615C763331305C70726F66696C656669656C645F6F6E5F6D656D6265726C697374,0x613A313A7B693A303B733A35303A225C70687062625C64625C6D6967726174696F6E5C646174615C763331305C70726F66696C656669656C645F636C65616E7570223B7D,1,1,'',1450524300,1450524300),
 (0x5C70687062625C64625C6D6967726174696F6E5C646174615C763331305C70726F66696C656669656C645F73686F775F6E6F76616C7565,0x613A313A7B693A303B733A34383A225C70687062625C64625C6D6967726174696F6E5C646174615C763331305C70726F66696C656669656C645F7479706573223B7D,1,1,'',1450524300,1450524300),
 (0x5C70687062625C64625C6D6967726174696F6E5C646174615C763331305C70726F66696C656669656C645F736B797065,0x613A333A7B693A303B733A35363A225C70687062625C64625C6D6967726174696F6E5C646174615C763331305C70726F66696C656669656C645F636F6E746163745F6669656C64223B693A313B733A35353A225C70687062625C64625C6D6967726174696F6E5C646174615C763331305C70726F66696C656669656C645F73686F775F6E6F76616C7565223B693A323B733A34383A225C70687062625C64625C6D6967726174696F6E5C646174615C763331305C70726F66696C656669656C645F7479706573223B7D,1,1,'',1450524300,1450524300),
 (0x5C70687062625C64625C6D6967726174696F6E5C646174615C763331305C70726F66696C656669656C645F74776974746572,0x613A333A7B693A303B733A35363A225C70687062625C64625C6D6967726174696F6E5C646174615C763331305C70726F66696C656669656C645F636F6E746163745F6669656C64223B693A313B733A35353A225C70687062625C64625C6D6967726174696F6E5C646174615C763331305C70726F66696C656669656C645F73686F775F6E6F76616C7565223B693A323B733A34383A225C70687062625C64625C6D6967726174696F6E5C646174615C763331305C70726F66696C656669656C645F7479706573223B7D,1,1,'',1450524300,1450524300),
 (0x5C70687062625C64625C6D6967726174696F6E5C646174615C763331305C70726F66696C656669656C645F7479706573,0x613A313A7B693A303B733A33363A225C70687062625C64625C6D6967726174696F6E5C646174615C763331305C616C70686132223B7D,1,1,'',1450524300,1450524300),
 (0x5C70687062625C64625C6D6967726174696F6E5C646174615C763331305C70726F66696C656669656C645F77656273697465,0x613A323A7B693A303B733A35363A225C70687062625C64625C6D6967726174696F6E5C646174615C763331305C70726F66696C656669656C645F6F6E5F6D656D6265726C697374223B693A313B733A35343A225C70687062625C64625C6D6967726174696F6E5C646174615C763331305C70726F66696C656669656C645F6963715F636C65616E7570223B7D,1,1,'',1450524300,1450524300),
 (0x5C70687062625C64625C6D6967726174696F6E5C646174615C763331305C70726F66696C656669656C645F776562736974655F636C65616E7570,0x613A313A7B693A303B733A35303A225C70687062625C64625C6D6967726174696F6E5C646174615C763331305C70726F66696C656669656C645F77656273697465223B7D,1,1,'',1450524300,1450524300),
 (0x5C70687062625C64625C6D6967726174696F6E5C646174615C763331305C70726F66696C656669656C645F776C6D,0x613A313A7B693A303B733A35383A225C70687062625C64625C6D6967726174696F6E5C646174615C763331305C70726F66696C656669656C645F776562736974655F636C65616E7570223B7D,1,1,'',1450524300,1450524300),
 (0x5C70687062625C64625C6D6967726174696F6E5C646174615C763331305C70726F66696C656669656C645F776C6D5F636C65616E7570,0x613A313A7B693A303B733A34363A225C70687062625C64625C6D6967726174696F6E5C646174615C763331305C70726F66696C656669656C645F776C6D223B7D,1,1,'',1450524300,1450524300),
 (0x5C70687062625C64625C6D6967726174696F6E5C646174615C763331305C70726F66696C656669656C645F7961686F6F,0x613A313A7B693A303B733A35343A225C70687062625C64625C6D6967726174696F6E5C646174615C763331305C70726F66696C656669656C645F776C6D5F636C65616E7570223B7D,1,1,'',1450524301,1450524301),
 (0x5C70687062625C64625C6D6967726174696F6E5C646174615C763331305C70726F66696C656669656C645F7961686F6F5F636C65616E7570,0x613A313A7B693A303B733A34383A225C70687062625C64625C6D6967726174696F6E5C646174615C763331305C70726F66696C656669656C645F7961686F6F223B7D,1,1,'',1450524301,1450524301),
 (0x5C70687062625C64625C6D6967726174696F6E5C646174615C763331305C70726F66696C656669656C645F796F7574756265,0x613A333A7B693A303B733A35363A225C70687062625C64625C6D6967726174696F6E5C646174615C763331305C70726F66696C656669656C645F636F6E746163745F6669656C64223B693A313B733A35353A225C70687062625C64625C6D6967726174696F6E5C646174615C763331305C70726F66696C656669656C645F73686F775F6E6F76616C7565223B693A323B733A34383A225C70687062625C64625C6D6967726174696F6E5C646174615C763331305C70726F66696C656669656C645F7479706573223B7D,1,1,'',1450524301,1450524301),
 (0x5C70687062625C64625C6D6967726174696F6E5C646174615C763331305C7072756E655F736861646F775F746F70696373,0x613A313A7B693A303B733A33333A225C70687062625C64625C6D6967726174696F6E5C646174615C763331305C646576223B7D,1,1,'',1450524301,1450524301),
 (0x5C70687062625C64625C6D6967726174696F6E5C646174615C763331305C726331,0x613A393A7B693A303B733A33353A225C70687062625C64625C6D6967726174696F6E5C646174615C763331305C6265746134223B693A313B733A35343A225C70687062625C64625C6D6967726174696F6E5C646174615C763331305C636F6E746163745F61646D696E5F6163705F6D6F64756C65223B693A323B733A34383A225C70687062625C64625C6D6967726174696F6E5C646174615C763331305C636F6E746163745F61646D696E5F666F726D223B693A333B733A35303A225C70687062625C64625C6D6967726174696F6E5C646174615C763331305C70617373776F7264735F636F6E766572745F7032223B693A343B733A35313A225C70687062625C64625C6D6967726174696F6E5C646174615C763331305C70726F66696C656669656C645F66616365626F6F6B223B693A353B733A35333A225C70687062625C64625C6D6967726174696F6E5C646174615C763331305C70726F66696C656669656C645F676F6F676C65706C7573223B693A363B733A34383A225C70687062625C64625C6D6967726174696F6E5C646174615C763331305C70726F66696C656669656C645F736B797065223B693A373B733A35303A225C70687062625C64625C6D6967726174696F6E5C646174615C763331305C70726F66696C656669656C645F74776974746572223B693A383B733A35303A225C70687062625C64625C6D6967726174696F6E5C646174615C763331305C70726F66696C656669656C645F796F7574756265223B7D,1,1,'',1450524301,1450524301),
 (0x5C70687062625C64625C6D6967726174696F6E5C646174615C763331305C726332,0x613A313A7B693A303B733A33333A225C70687062625C64625C6D6967726174696F6E5C646174615C763331305C726331223B7D,1,1,'',1450524301,1450524301),
 (0x5C70687062625C64625C6D6967726174696F6E5C646174615C763331305C726333,0x613A353A7B693A303B733A33333A225C70687062625C64625C6D6967726174696F6E5C646174615C763331305C726332223B693A313B733A34353A225C70687062625C64625C6D6967726174696F6E5C646174615C763331305C636170746368615F706C7567696E73223B693A323B733A35333A225C70687062625C64625C6D6967726174696F6E5C646174615C763331305C72656E616D655F746F6F5F6C6F6E675F696E6465786573223B693A333B733A34313A225C70687062625C64625C6D6967726174696F6E5C646174615C763331305C7365617263685F74797065223B693A343B733A34393A225C70687062625C64625C6D6967726174696F6E5C646174615C763331305C746F7069635F736F72745F757365726E616D65223B7D,1,1,'',1450524301,1450524301),
 (0x5C70687062625C64625C6D6967726174696F6E5C646174615C763331305C726334,0x613A323A7B693A303B733A33333A225C70687062625C64625C6D6967726174696F6E5C646174615C763331305C726333223B693A313B733A35373A225C70687062625C64625C6D6967726174696F6E5C646174615C763331305C6E6F74696669636174696F6E735F7573655F66756C6C5F6E616D65223B7D,1,1,'',1450524301,1450524301),
 (0x5C70687062625C64625C6D6967726174696F6E5C646174615C763331305C726335,0x613A333A7B693A303B733A33333A225C70687062625C64625C6D6967726174696F6E5C646174615C763331305C726334223B693A313B733A36363A225C70687062625C64625C6D6967726174696F6E5C646174615C763331305C70726F66696C656669656C645F6669656C645F76616C69646174696F6E5F6C656E677468223B693A323B733A35333A225C70687062625C64625C6D6967726174696F6E5C646174615C763331305C72656D6F76655F6163705F7374796C65735F6361636865223B7D,1,1,'',1450524301,1450524301),
 (0x5C70687062625C64625C6D6967726174696F6E5C646174615C763331305C726336,0x613A313A7B693A303B733A33333A225C70687062625C64625C6D6967726174696F6E5C646174615C763331305C726335223B7D,1,1,'',1450524301,1450524301),
 (0x5C70687062625C64625C6D6967726174696F6E5C646174615C763331305C72656D6F76655F6163705F7374796C65735F6361636865,0x613A313A7B693A303B733A33333A225C70687062625C64625C6D6967726174696F6E5C646174615C763331305C726334223B7D,1,1,'',1450524301,1450524301),
 (0x5C70687062625C64625C6D6967726174696F6E5C646174615C763331305C72656E616D655F746F6F5F6C6F6E675F696E6465786573,0x613A313A7B693A303B733A34333A225C70687062625C64625C6D6967726174696F6E5C646174615C763330785C72656C656173655F335F305F30223B7D,1,1,'',1450524301,1450524301),
 (0x5C70687062625C64625C6D6967726174696F6E5C646174615C763331305C7265706F727465645F706F7374735F646973706C6179,0x613A313A7B693A303B733A34343A225C70687062625C64625C6D6967726174696F6E5C646174615C763330785C72656C656173655F335F305F3131223B7D,1,1,'',1450524301,1450524301),
 (0x5C70687062625C64625C6D6967726174696F6E5C646174615C763331305C72657365745F6D697373696E675F636170746368615F706C7567696E,0x613A313A7B693A303B733A33333A225C70687062625C64625C6D6967726174696F6E5C646174615C763331305C646576223B7D,1,1,'',1450524301,1450524301),
 (0x5C70687062625C64625C6D6967726174696F6E5C646174615C763331305C7365617263685F74797065,0x613A313A7B693A303B733A33333A225C70687062625C64625C6D6967726174696F6E5C646174615C763331305C646576223B7D,1,1,'',1450524301,1450524301),
 (0x5C70687062625C64625C6D6967726174696F6E5C646174615C763331305C7369676E61747572655F6D6F64756C655F61757468,0x613A313A7B693A303B733A33333A225C70687062625C64625C6D6967726174696F6E5C646174615C763331305C646576223B7D,1,1,'',1450524301,1450524301),
 (0x5C70687062625C64625C6D6967726174696F6E5C646174615C763331305C736F66745F64656C6574655F6D6F645F636F6E76657274,0x613A313A7B693A303B733A33363A225C70687062625C64625C6D6967726174696F6E5C646174615C763331305C616C70686133223B7D,1,1,'',1450524302,1450524302),
 (0x5C70687062625C64625C6D6967726174696F6E5C646174615C763331305C736F66745F64656C6574655F6D6F645F636F6E7665727432,0x613A313A7B693A303B733A35333A225C70687062625C64625C6D6967726174696F6E5C646174615C763331305C736F66745F64656C6574655F6D6F645F636F6E76657274223B7D,1,1,'',1450524302,1450524302),
 (0x5C70687062625C64625C6D6967726174696F6E5C646174615C763331305C736F667464656C6574655F6D63705F6D6F64756C6573,0x613A323A7B693A303B733A33333A225C70687062625C64625C6D6967726174696F6E5C646174615C763331305C646576223B693A313B733A34333A225C70687062625C64625C6D6967726174696F6E5C646174615C763331305C736F667464656C6574655F7032223B7D,1,1,'',1450524302,1450524302),
 (0x5C70687062625C64625C6D6967726174696F6E5C646174615C763331305C736F667464656C6574655F7031,0x613A313A7B693A303B733A33333A225C70687062625C64625C6D6967726174696F6E5C646174615C763331305C646576223B7D,1,1,'',1450524302,1450524302),
 (0x5C70687062625C64625C6D6967726174696F6E5C646174615C763331305C736F667464656C6574655F7032,0x613A323A7B693A303B733A33333A225C70687062625C64625C6D6967726174696F6E5C646174615C763331305C646576223B693A313B733A34333A225C70687062625C64625C6D6967726174696F6E5C646174615C763331305C736F667464656C6574655F7031223B7D,1,1,'',1450524302,1450524302),
 (0x5C70687062625C64625C6D6967726174696F6E5C646174615C763331305C7374796C655F7570646174655F7031,0x613A313A7B693A303B733A34343A225C70687062625C64625C6D6967726174696F6E5C646174615C763330785C72656C656173655F335F305F3131223B7D,1,1,'',1450524302,1450524302),
 (0x5C70687062625C64625C6D6967726174696F6E5C646174615C763331305C7374796C655F7570646174655F7032,0x613A313A7B693A303B733A34353A225C70687062625C64625C6D6967726174696F6E5C646174615C763331305C7374796C655F7570646174655F7031223B7D,1,1,'',1450524302,1450524302),
 (0x5C70687062625C64625C6D6967726174696F6E5C646174615C763331305C7465616D70616765,0x613A313A7B693A303B733A33333A225C70687062625C64625C6D6967726174696F6E5C646174615C763331305C646576223B7D,1,1,'',1450524302,1450524302),
 (0x5C70687062625C64625C6D6967726174696F6E5C646174615C763331305C74696D657A6F6E65,0x613A313A7B693A303B733A34343A225C70687062625C64625C6D6967726174696F6E5C646174615C763330785C72656C656173655F335F305F3131223B7D,1,1,'',1450524302,1450524302),
 (0x5C70687062625C64625C6D6967726174696F6E5C646174615C763331305C74696D657A6F6E655F7032,0x613A313A7B693A303B733A33383A225C70687062625C64625C6D6967726174696F6E5C646174615C763331305C74696D657A6F6E65223B7D,1,1,'',1450524302,1450524302),
 (0x5C70687062625C64625C6D6967726174696F6E5C646174615C763331305C746F7069635F736F72745F757365726E616D65,0x613A313A7B693A303B733A33333A225C70687062625C64625C6D6967726174696F6E5C646174615C763331305C646576223B7D,1,1,'',1450524302,1450524302),
 (0x5C70687062625C64625C6D6967726174696F6E5C646174615C763331305C7563705F706F707570706D5F6D6F64756C65,0x613A313A7B693A303B733A33333A225C70687062625C64625C6D6967726174696F6E5C646174615C763331305C646576223B7D,1,1,'',1450524302,1450524302),
 (0x5C70687062625C64625C6D6967726174696F6E5C646174615C763331785C6D5F736F667464656C6574655F676C6F62616C,0x613A313A7B693A303B733A33343A225C70687062625C64625C6D6967726174696F6E5C646174615C763331785C76333131223B7D,1,1,'',1450524302,1450524302),
 (0x5C70687062625C64625C6D6967726174696F6E5C646174615C763331785C706C75706C6F61645F6C6173745F67635F64796E616D6963,0x613A313A7B693A303B733A33343A225C70687062625C64625C6D6967726174696F6E5C646174615C763331785C76333132223B7D,1,1,'',1450524302,1450524302),
 (0x5C70687062625C64625C6D6967726174696F6E5C646174615C763331785C70726F66696C656669656C645F72656D6F76655F756E64657273636F72655F66726F6D5F616C706861,0x613A313A7B693A303B733A33343A225C70687062625C64625C6D6967726174696F6E5C646174615C763331785C76333131223B7D,1,1,'',1450524302,1450524302),
 (0x5C70687062625C64625C6D6967726174696F6E5C646174615C763331785C70726F66696C656669656C645F7961686F6F5F7570646174655F75726C,0x613A313A7B693A303B733A33343A225C70687062625C64625C6D6967726174696F6E5C646174615C763331785C76333132223B7D,1,1,'',1450524302,1450524302),
 (0x5C70687062625C64625C6D6967726174696F6E5C646174615C763331785C7374796C655F757064617465,0x613A313A7B693A303B733A33343A225C70687062625C64625C6D6967726174696F6E5C646174615C763331305C676F6C64223B7D,1,1,'',1450524302,1450524302),
 (0x5C70687062625C64625C6D6967726174696F6E5C646174615C763331785C7570646174655F637573746F6D5F6262636F6465735F776974685F69646E,0x613A313A7B693A303B733A33343A225C70687062625C64625C6D6967726174696F6E5C646174615C763331785C76333132223B7D,1,1,'',1450524302,1450524302),
 (0x5C70687062625C64625C6D6967726174696F6E5C646174615C763331785C76333131,0x613A323A7B693A303B733A33343A225C70687062625C64625C6D6967726174696F6E5C646174615C763331305C676F6C64223B693A313B733A34323A225C70687062625C64625C6D6967726174696F6E5C646174615C763331785C7374796C655F757064617465223B7D,1,1,'',1450524303,1450524303),
 (0x5C70687062625C64625C6D6967726174696F6E5C646174615C763331785C76333132,0x613A313A7B693A303B733A33373A225C70687062625C64625C6D6967726174696F6E5C646174615C763331785C76333132726331223B7D,1,1,'',1450524303,1450524303),
 (0x5C70687062625C64625C6D6967726174696F6E5C646174615C763331785C76333132726331,0x613A323A7B693A303B733A33343A225C70687062625C64625C6D6967726174696F6E5C646174615C763331785C76333131223B693A313B733A34393A225C70687062625C64625C6D6967726174696F6E5C646174615C763331785C6D5F736F667464656C6574655F676C6F62616C223B7D,1,1,'',1450524303,1450524303),
 (0x5C70687062625C64625C6D6967726174696F6E5C646174615C763331785C76333133,0x613A313A7B693A303B733A33373A225C70687062625C64625C6D6967726174696F6E5C646174615C763331785C76333133726332223B7D,1,1,'',1450524303,1450524303),
 (0x5C70687062625C64625C6D6967726174696F6E5C646174615C763331785C76333133726331,0x613A353A7B693A303B733A34383A225C70687062625C64625C6D6967726174696F6E5C646174615C763330785C72656C656173655F335F305F31335F726331223B693A313B733A35343A225C70687062625C64625C6D6967726174696F6E5C646174615C763331785C706C75706C6F61645F6C6173745F67635F64796E616D6963223B693A323B733A37313A225C70687062625C64625C6D6967726174696F6E5C646174615C763331785C70726F66696C656669656C645F72656D6F76655F756E64657273636F72655F66726F6D5F616C706861223B693A333B733A35393A225C70687062625C64625C6D6967726174696F6E5C646174615C763331785C70726F66696C656669656C645F7961686F6F5F7570646174655F75726C223B693A343B733A36303A225C70687062625C64625C6D6967726174696F6E5C646174615C763331785C7570646174655F637573746F6D5F6262636F6465735F776974685F69646E223B7D,1,1,'',1450524303,1450524303),
 (0x5C70687062625C64625C6D6967726174696F6E5C646174615C763331785C76333133726332,0x613A323A7B693A303B733A34383A225C70687062625C64625C6D6967726174696F6E5C646174615C763330785C72656C656173655F335F305F31335F706C31223B693A313B733A33373A225C70687062625C64625C6D6967726174696F6E5C646174615C763331785C76333133726331223B7D,1,1,'',1450524303,1450524303),
 (0x5C70687062625C64625C6D6967726174696F6E5C646174615C763331785C76333134,0x613A323A7B693A303B733A34343A225C70687062625C64625C6D6967726174696F6E5C646174615C763330785C72656C656173655F335F305F3134223B693A313B733A33373A225C70687062625C64625C6D6967726174696F6E5C646174615C763331785C76333134726332223B7D,1,1,'',1450524303,1450524303),
 (0x5C70687062625C64625C6D6967726174696F6E5C646174615C763331785C76333134726331,0x613A313A7B693A303B733A33343A225C70687062625C64625C6D6967726174696F6E5C646174615C763331785C76333133223B7D,1,1,'',1450524303,1450524303),
 (0x5C70687062625C64625C6D6967726174696F6E5C646174615C763331785C76333134726332,0x613A323A7B693A303B733A34383A225C70687062625C64625C6D6967726174696F6E5C646174615C763330785C72656C656173655F335F305F31345F726331223B693A313B733A33373A225C70687062625C64625C6D6967726174696F6E5C646174615C763331785C76333134726331223B7D,1,1,'',1450524303,1450524303),
 (0x5C70687062625C64625C6D6967726174696F6E5C646174615C763331785C76333135,0x613A313A7B693A303B733A33373A225C70687062625C64625C6D6967726174696F6E5C646174615C763331785C76333135726331223B7D,1,1,'',1450524303,1450524303),
 (0x5C70687062625C64625C6D6967726174696F6E5C646174615C763331785C76333135726331,0x613A313A7B693A303B733A33343A225C70687062625C64625C6D6967726174696F6E5C646174615C763331785C76333134223B7D,1,1,'',1450524303,1450524303),
 (0x5C70687062625C64625C6D6967726174696F6E5C646174615C763331785C76333136,0x613A313A7B693A303B733A33373A225C70687062625C64625C6D6967726174696F6E5C646174615C763331785C76333136726331223B7D,1,1,'',1450524303,1450524303),
 (0x5C70687062625C64625C6D6967726174696F6E5C646174615C763331785C76333136726331,0x613A313A7B693A303B733A33343A225C70687062625C64625C6D6967726174696F6E5C646174615C763331785C76333135223B7D,1,1,'',1450524303,1450524303),
 (0x5C70687062626D6F64646572735C616464757365725C6D6967726174696F6E735C763130305C696E7374616C6C5F76313030,0x613A313A7B693A303B733A33343A225C70687062625C64625C6D6967726174696F6E5C646174615C763331305C676F6C64223B7D,1,1,'',1451727327,1451727328),
 (0x5C70687062626D6F64646572735C616464757365725C6D6967726174696F6E735C763130315C76657273696F6E5F313031,0x613A313A7B693A303B733A35303A225C70687062626D6F64646572735C616464757365725C6D6967726174696F6E735C763130305C696E7374616C6C5F76313030223B7D,1,1,'',1451727328,1451727328),
 (0x5C70687062626D6F64646572735C616464757365725C6D6967726174696F6E735C763130325C76657273696F6E5F313032,0x613A313A7B693A303B733A34393A225C70687062626D6F64646572735C616464757365725C6D6967726174696F6E735C763130315C76657273696F6E5F313031223B7D,1,1,'',1451727328,1451727328);
/*!40000 ALTER TABLE `phpbb_migrations` ENABLE KEYS */;


--
-- Definition of table `phpbb_moderator_cache`
--

DROP TABLE IF EXISTS `phpbb_moderator_cache`;
CREATE TABLE `phpbb_moderator_cache` (
  `forum_id` mediumint(8) unsigned NOT NULL DEFAULT '0',
  `user_id` mediumint(8) unsigned NOT NULL DEFAULT '0',
  `username` varchar(255) COLLATE utf8_bin NOT NULL DEFAULT '',
  `group_id` mediumint(8) unsigned NOT NULL DEFAULT '0',
  `group_name` varchar(255) COLLATE utf8_bin NOT NULL DEFAULT '',
  `display_on_index` tinyint(1) unsigned NOT NULL DEFAULT '1',
  KEY `disp_idx` (`display_on_index`),
  KEY `forum_id` (`forum_id`)
) ENGINE=InnoDB DEFAULT CHARSET=utf8 COLLATE=utf8_bin;

--
-- Dumping data for table `phpbb_moderator_cache`
--

/*!40000 ALTER TABLE `phpbb_moderator_cache` DISABLE KEYS */;
/*!40000 ALTER TABLE `phpbb_moderator_cache` ENABLE KEYS */;


--
-- Definition of table `phpbb_modules`
--

DROP TABLE IF EXISTS `phpbb_modules`;
CREATE TABLE `phpbb_modules` (
  `module_id` mediumint(8) unsigned NOT NULL AUTO_INCREMENT,
  `module_enabled` tinyint(1) unsigned NOT NULL DEFAULT '1',
  `module_display` tinyint(1) unsigned NOT NULL DEFAULT '1',
  `module_basename` varchar(255) COLLATE utf8_bin NOT NULL DEFAULT '',
  `module_class` varchar(10) COLLATE utf8_bin NOT NULL DEFAULT '',
  `parent_id` mediumint(8) unsigned NOT NULL DEFAULT '0',
  `left_id` mediumint(8) unsigned NOT NULL DEFAULT '0',
  `right_id` mediumint(8) unsigned NOT NULL DEFAULT '0',
  `module_langname` varchar(255) COLLATE utf8_bin NOT NULL DEFAULT '',
  `module_mode` varchar(255) COLLATE utf8_bin NOT NULL DEFAULT '',
  `module_auth` varchar(255) COLLATE utf8_bin NOT NULL DEFAULT '',
  PRIMARY KEY (`module_id`),
  KEY `left_right_id` (`left_id`,`right_id`),
  KEY `module_enabled` (`module_enabled`),
  KEY `class_left_id` (`module_class`,`left_id`)
) ENGINE=InnoDB AUTO_INCREMENT=208 DEFAULT CHARSET=utf8 COLLATE=utf8_bin;

--
-- Dumping data for table `phpbb_modules`
--

/*!40000 ALTER TABLE `phpbb_modules` DISABLE KEYS */;
INSERT INTO `phpbb_modules` (`module_id`,`module_enabled`,`module_display`,`module_basename`,`module_class`,`parent_id`,`left_id`,`right_id`,`module_langname`,`module_mode`,`module_auth`) VALUES 
 (1,1,1,'',0x616370,0,1,66,0x4143505F4341545F47454E4552414C,'',''),
 (2,1,1,'',0x616370,1,4,17,0x4143505F515549434B5F414343455353,'',''),
 (3,1,1,'',0x616370,1,18,43,0x4143505F424F4152445F434F4E46494755524154494F4E,'',''),
 (4,1,1,'',0x616370,1,44,51,0x4143505F434C49454E545F434F4D4D554E49434154494F4E,'',''),
 (5,1,1,'',0x616370,1,52,65,0x4143505F5345525645525F434F4E46494755524154494F4E,'',''),
 (6,1,1,'',0x616370,0,67,86,0x4143505F4341545F464F52554D53,'',''),
 (7,1,1,'',0x616370,6,68,73,0x4143505F4D414E4147455F464F52554D53,'',''),
 (8,1,1,'',0x616370,6,74,85,0x4143505F464F52554D5F42415345445F5045524D495353494F4E53,'',''),
 (9,1,1,'',0x616370,0,87,114,0x4143505F4341545F504F5354494E47,'',''),
 (10,1,1,'',0x616370,9,88,101,0x4143505F4D45535341474553,'',''),
 (11,1,1,'',0x616370,9,102,113,0x4143505F4154544143484D454E5453,'',''),
 (12,1,1,'',0x616370,0,115,174,0x4143505F4341545F5553455247524F5550,'',''),
 (13,1,1,'',0x616370,12,116,153,0x4143505F4341545F5553455253,'',''),
 (14,1,1,'',0x616370,12,154,163,0x4143505F47524F555053,'',''),
 (15,1,1,'',0x616370,12,164,173,0x4143505F555345525F5345435552495459,'',''),
 (16,1,1,'',0x616370,0,175,224,0x4143505F4341545F5045524D495353494F4E53,'',''),
 (17,1,1,'',0x616370,16,178,187,0x4143505F474C4F42414C5F5045524D495353494F4E53,'',''),
 (18,1,1,'',0x616370,16,188,199,0x4143505F464F52554D5F42415345445F5045524D495353494F4E53,'',''),
 (19,1,1,'',0x616370,16,200,209,0x4143505F5045524D495353494F4E5F524F4C4553,'',''),
 (20,1,1,'',0x616370,16,210,223,0x4143505F5045524D495353494F4E5F4D41534B53,'',''),
 (21,1,1,'',0x616370,0,225,240,0x4143505F4341545F435553544F4D495345,'',''),
 (22,1,1,'',0x616370,21,230,235,0x4143505F5354594C455F4D414E4147454D454E54,'',''),
 (23,1,1,'',0x616370,21,226,229,0x4143505F455854454E53494F4E5F4D414E4147454D454E54,'',''),
 (24,1,1,'',0x616370,21,236,239,0x4143505F4C414E4755414745,'',''),
 (25,1,1,'',0x616370,0,241,260,0x4143505F4341545F4D41494E54454E414E4345,'',''),
 (26,1,1,'',0x616370,25,242,251,0x4143505F464F52554D5F4C4F4753,'',''),
 (27,1,1,'',0x616370,25,252,259,0x4143505F4341545F4441544142415345,'',''),
 (28,1,1,'',0x616370,0,261,284,0x4143505F4341545F53595354454D,'',''),
 (29,1,1,'',0x616370,28,262,265,0x4143505F4155544F4D4154494F4E,'',''),
 (30,1,1,'',0x616370,28,266,275,0x4143505F47454E4552414C5F5441534B53,'',''),
 (31,1,1,'',0x616370,28,276,283,0x4143505F4D4F44554C455F4D414E4147454D454E54,'',''),
 (32,1,1,'',0x616370,0,285,286,0x4143505F4341545F444F545F4D4F4453,'',''),
 (33,1,1,0x6163705F6174746163686D656E7473,0x616370,3,19,20,0x4143505F4154544143484D454E545F53455454494E4753,0x617474616368,0x61636C5F615F617474616368),
 (34,1,1,0x6163705F6174746163686D656E7473,0x616370,11,103,104,0x4143505F4154544143484D454E545F53455454494E4753,0x617474616368,0x61636C5F615F617474616368),
 (35,1,1,0x6163705F6174746163686D656E7473,0x616370,11,105,106,0x4143505F4D414E4147455F455854454E53494F4E53,0x657874656E73696F6E73,0x61636C5F615F617474616368),
 (36,1,1,0x6163705F6174746163686D656E7473,0x616370,11,107,108,0x4143505F455854454E53494F4E5F47524F555053,0x6578745F67726F757073,0x61636C5F615F617474616368),
 (37,1,1,0x6163705F6174746163686D656E7473,0x616370,11,109,110,0x4143505F4F525048414E5F4154544143484D454E5453,0x6F727068616E,0x61636C5F615F617474616368),
 (38,1,1,0x6163705F6174746163686D656E7473,0x616370,11,111,112,0x4143505F4D414E4147455F4154544143484D454E5453,0x6D616E616765,0x61636C5F615F617474616368),
 (39,1,1,0x6163705F62616E,0x616370,15,165,166,0x4143505F42414E5F454D41494C53,0x656D61696C,0x61636C5F615F62616E),
 (40,1,1,0x6163705F62616E,0x616370,15,167,168,0x4143505F42414E5F495053,0x6970,0x61636C5F615F62616E),
 (41,1,1,0x6163705F62616E,0x616370,15,169,170,0x4143505F42414E5F555345524E414D4553,0x75736572,0x61636C5F615F62616E),
 (42,1,1,0x6163705F6262636F646573,0x616370,10,89,90,0x4143505F4242434F444553,0x6262636F646573,0x61636C5F615F6262636F6465),
 (43,1,1,0x6163705F626F617264,0x616370,3,21,22,0x4143505F424F4152445F53455454494E4753,0x73657474696E6773,0x61636C5F615F626F617264),
 (44,1,1,0x6163705F626F617264,0x616370,3,23,24,0x4143505F424F4152445F4645415455524553,0x6665617475726573,0x61636C5F615F626F617264),
 (45,1,1,0x6163705F626F617264,0x616370,3,25,26,0x4143505F4156415441525F53455454494E4753,0x617661746172,0x61636C5F615F626F617264),
 (46,1,1,0x6163705F626F617264,0x616370,3,27,28,0x4143505F4D4553534147455F53455454494E4753,0x6D657373616765,0x61636C5F615F626F617264),
 (47,1,1,0x6163705F626F617264,0x616370,10,91,92,0x4143505F4D4553534147455F53455454494E4753,0x6D657373616765,0x61636C5F615F626F617264),
 (48,1,1,0x6163705F626F617264,0x616370,3,29,30,0x4143505F504F53545F53455454494E4753,0x706F7374,0x61636C5F615F626F617264),
 (49,1,1,0x6163705F626F617264,0x616370,10,93,94,0x4143505F504F53545F53455454494E4753,0x706F7374,0x61636C5F615F626F617264),
 (50,1,1,0x6163705F626F617264,0x616370,3,31,32,0x4143505F5349474E41545552455F53455454494E4753,0x7369676E6174757265,0x61636C5F615F626F617264),
 (51,1,1,0x6163705F626F617264,0x616370,3,33,34,0x4143505F464545445F53455454494E4753,0x66656564,0x61636C5F615F626F617264),
 (52,1,1,0x6163705F626F617264,0x616370,3,35,36,0x4143505F52454749535445525F53455454494E4753,0x726567697374726174696F6E,0x61636C5F615F626F617264),
 (53,1,1,0x6163705F626F617264,0x616370,4,45,46,0x4143505F415554485F53455454494E4753,0x61757468,0x61636C5F615F736572766572),
 (54,1,1,0x6163705F626F617264,0x616370,4,47,48,0x4143505F454D41494C5F53455454494E4753,0x656D61696C,0x61636C5F615F736572766572),
 (55,1,1,0x6163705F626F617264,0x616370,5,53,54,0x4143505F434F4F4B49455F53455454494E4753,0x636F6F6B6965,0x61636C5F615F736572766572),
 (56,1,1,0x6163705F626F617264,0x616370,5,55,56,0x4143505F5345525645525F53455454494E4753,0x736572766572,0x61636C5F615F736572766572),
 (57,1,1,0x6163705F626F617264,0x616370,5,57,58,0x4143505F53454355524954595F53455454494E4753,0x7365637572697479,0x61636C5F615F736572766572),
 (58,1,1,0x6163705F626F617264,0x616370,5,59,60,0x4143505F4C4F41445F53455454494E4753,0x6C6F6164,0x61636C5F615F736572766572),
 (59,1,1,0x6163705F626F7473,0x616370,30,267,268,0x4143505F424F5453,0x626F7473,0x61636C5F615F626F7473),
 (60,1,1,0x6163705F63617074636861,0x616370,3,37,38,0x4143505F56435F53455454494E4753,0x76697375616C,0x61636C5F615F626F617264),
 (61,1,0,0x6163705F63617074636861,0x616370,3,39,40,0x4143505F56435F434150544348415F444953504C4159,0x696D67,0x61636C5F615F626F617264),
 (62,1,1,0x6163705F636F6E74616374,0x616370,3,41,42,0x4143505F434F4E544143545F53455454494E4753,0x636F6E74616374,0x61636C5F615F626F617264),
 (63,1,1,0x6163705F6461746162617365,0x616370,27,253,254,0x4143505F4241434B5550,0x6261636B7570,0x61636C5F615F6261636B7570),
 (64,1,1,0x6163705F6461746162617365,0x616370,27,255,256,0x4143505F524553544F5245,0x726573746F7265,0x61636C5F615F6261636B7570),
 (65,1,1,0x6163705F646973616C6C6F77,0x616370,15,171,172,0x4143505F444953414C4C4F575F555345524E414D4553,0x757365726E616D6573,0x61636C5F615F6E616D6573),
 (66,1,1,0x6163705F656D61696C,0x616370,30,269,270,0x4143505F4D4153535F454D41494C,0x656D61696C,0x61636C5F615F656D61696C202626206366675F656D61696C5F656E61626C65),
 (67,1,1,0x6163705F657874656E73696F6E73,0x616370,23,227,228,0x4143505F455854454E53494F4E53,0x6D61696E,0x61636C5F615F657874656E73696F6E73),
 (68,1,1,0x6163705F666F72756D73,0x616370,7,69,70,0x4143505F4D414E4147455F464F52554D53,0x6D616E616765,0x61636C5F615F666F72756D),
 (69,1,1,0x6163705F67726F757073,0x616370,14,155,156,0x4143505F47524F5550535F4D414E414745,0x6D616E616765,0x61636C5F615F67726F7570),
 (70,1,1,0x6163705F67726F757073,0x616370,14,157,158,0x4143505F47524F5550535F504F534954494F4E,0x706F736974696F6E,0x61636C5F615F67726F7570),
 (71,1,1,0x6163705F69636F6E73,0x616370,10,95,96,0x4143505F49434F4E53,0x69636F6E73,0x61636C5F615F69636F6E73),
 (72,1,1,0x6163705F69636F6E73,0x616370,10,97,98,0x4143505F534D494C494553,0x736D696C696573,0x61636C5F615F69636F6E73),
 (73,1,1,0x6163705F696E616374697665,0x616370,13,117,118,0x4143505F494E4143544956455F5553455253,0x6C697374,0x61636C5F615F75736572),
 (74,1,1,0x6163705F6A6162626572,0x616370,4,49,50,0x4143505F4A41424245525F53455454494E4753,0x73657474696E6773,0x61636C5F615F6A6162626572),
 (75,1,1,0x6163705F6C616E6775616765,0x616370,24,237,238,0x4143505F4C414E47554147455F5041434B53,0x6C616E675F7061636B73,0x61636C5F615F6C616E6775616765),
 (76,1,1,0x6163705F6C6F6773,0x616370,26,243,244,0x4143505F41444D494E5F4C4F4753,0x61646D696E,0x61636C5F615F766965776C6F6773),
 (77,1,1,0x6163705F6C6F6773,0x616370,26,245,246,0x4143505F4D4F445F4C4F4753,0x6D6F64,0x61636C5F615F766965776C6F6773),
 (78,1,1,0x6163705F6C6F6773,0x616370,26,247,248,0x4143505F55534552535F4C4F4753,0x7573657273,0x61636C5F615F766965776C6F6773),
 (79,1,1,0x6163705F6C6F6773,0x616370,26,249,250,0x4143505F435249544943414C5F4C4F4753,0x637269746963616C,0x61636C5F615F766965776C6F6773),
 (80,1,1,0x6163705F6D61696E,0x616370,1,2,3,0x4143505F494E444558,0x6D61696E,''),
 (81,1,1,0x6163705F6D6F64756C6573,0x616370,31,277,278,0x414350,0x616370,0x61636C5F615F6D6F64756C6573),
 (82,1,1,0x6163705F6D6F64756C6573,0x616370,31,279,280,0x554350,0x756370,0x61636C5F615F6D6F64756C6573),
 (83,1,1,0x6163705F6D6F64756C6573,0x616370,31,281,282,0x4D4350,0x6D6370,0x61636C5F615F6D6F64756C6573),
 (84,1,1,0x6163705F7065726D697373696F6E5F726F6C6573,0x616370,19,201,202,0x4143505F41444D494E5F524F4C4553,0x61646D696E5F726F6C6573,0x61636C5F615F726F6C65732026262061636C5F615F6161757468),
 (85,1,1,0x6163705F7065726D697373696F6E5F726F6C6573,0x616370,19,203,204,0x4143505F555345525F524F4C4553,0x757365725F726F6C6573,0x61636C5F615F726F6C65732026262061636C5F615F7561757468),
 (86,1,1,0x6163705F7065726D697373696F6E5F726F6C6573,0x616370,19,205,206,0x4143505F4D4F445F524F4C4553,0x6D6F645F726F6C6573,0x61636C5F615F726F6C65732026262061636C5F615F6D61757468),
 (87,1,1,0x6163705F7065726D697373696F6E5F726F6C6573,0x616370,19,207,208,0x4143505F464F52554D5F524F4C4553,0x666F72756D5F726F6C6573,0x61636C5F615F726F6C65732026262061636C5F615F6661757468),
 (88,1,1,0x6163705F7065726D697373696F6E73,0x616370,16,176,177,0x4143505F5045524D495353494F4E53,0x696E74726F,0x61636C5F615F617574687573657273207C7C2061636C5F615F6175746867726F757073207C7C2061636C5F615F7669657761757468),
 (89,1,0,0x6163705F7065726D697373696F6E73,0x616370,20,211,212,0x4143505F5045524D495353494F4E5F5452414345,0x7472616365,0x61636C5F615F7669657761757468),
 (90,1,1,0x6163705F7065726D697373696F6E73,0x616370,18,189,190,0x4143505F464F52554D5F5045524D495353494F4E53,0x73657474696E675F666F72756D5F6C6F63616C,0x61636C5F615F6661757468202626202861636C5F615F617574687573657273207C7C2061636C5F615F6175746867726F75707329),
 (91,1,1,0x6163705F7065726D697373696F6E73,0x616370,18,191,192,0x4143505F464F52554D5F5045524D495353494F4E535F434F5059,0x73657474696E675F666F72756D5F636F7079,0x61636C5F615F66617574682026262061636C5F615F6175746875736572732026262061636C5F615F6175746867726F7570732026262061636C5F615F6D61757468),
 (92,1,1,0x6163705F7065726D697373696F6E73,0x616370,18,193,194,0x4143505F464F52554D5F4D4F44455241544F5253,0x73657474696E675F6D6F645F6C6F63616C,0x61636C5F615F6D61757468202626202861636C5F615F617574687573657273207C7C2061636C5F615F6175746867726F75707329),
 (93,1,1,0x6163705F7065726D697373696F6E73,0x616370,17,179,180,0x4143505F55534552535F5045524D495353494F4E53,0x73657474696E675F757365725F676C6F62616C,0x61636C5F615F617574687573657273202626202861636C5F615F6161757468207C7C2061636C5F615F6D61757468207C7C2061636C5F615F756175746829),
 (94,1,1,0x6163705F7065726D697373696F6E73,0x616370,13,121,122,0x4143505F55534552535F5045524D495353494F4E53,0x73657474696E675F757365725F676C6F62616C,0x61636C5F615F617574687573657273202626202861636C5F615F6161757468207C7C2061636C5F615F6D61757468207C7C2061636C5F615F756175746829),
 (95,1,1,0x6163705F7065726D697373696F6E73,0x616370,18,195,196,0x4143505F55534552535F464F52554D5F5045524D495353494F4E53,0x73657474696E675F757365725F6C6F63616C,0x61636C5F615F617574687573657273202626202861636C5F615F6D61757468207C7C2061636C5F615F666175746829),
 (96,1,1,0x6163705F7065726D697373696F6E73,0x616370,13,123,124,0x4143505F55534552535F464F52554D5F5045524D495353494F4E53,0x73657474696E675F757365725F6C6F63616C,0x61636C5F615F617574687573657273202626202861636C5F615F6D61757468207C7C2061636C5F615F666175746829),
 (97,1,1,0x6163705F7065726D697373696F6E73,0x616370,17,181,182,0x4143505F47524F5550535F5045524D495353494F4E53,0x73657474696E675F67726F75705F676C6F62616C,0x61636C5F615F6175746867726F757073202626202861636C5F615F6161757468207C7C2061636C5F615F6D61757468207C7C2061636C5F615F756175746829),
 (98,1,1,0x6163705F7065726D697373696F6E73,0x616370,14,159,160,0x4143505F47524F5550535F5045524D495353494F4E53,0x73657474696E675F67726F75705F676C6F62616C,0x61636C5F615F6175746867726F757073202626202861636C5F615F6161757468207C7C2061636C5F615F6D61757468207C7C2061636C5F615F756175746829),
 (99,1,1,0x6163705F7065726D697373696F6E73,0x616370,18,197,198,0x4143505F47524F5550535F464F52554D5F5045524D495353494F4E53,0x73657474696E675F67726F75705F6C6F63616C,0x61636C5F615F6175746867726F757073202626202861636C5F615F6D61757468207C7C2061636C5F615F666175746829),
 (100,1,1,0x6163705F7065726D697373696F6E73,0x616370,14,161,162,0x4143505F47524F5550535F464F52554D5F5045524D495353494F4E53,0x73657474696E675F67726F75705F6C6F63616C,0x61636C5F615F6175746867726F757073202626202861636C5F615F6D61757468207C7C2061636C5F615F666175746829),
 (101,1,1,0x6163705F7065726D697373696F6E73,0x616370,17,183,184,0x4143505F41444D494E4953545241544F5253,0x73657474696E675F61646D696E5F676C6F62616C,0x61636C5F615F6161757468202626202861636C5F615F617574687573657273207C7C2061636C5F615F6175746867726F75707329),
 (102,1,1,0x6163705F7065726D697373696F6E73,0x616370,17,185,186,0x4143505F474C4F42414C5F4D4F44455241544F5253,0x73657474696E675F6D6F645F676C6F62616C,0x61636C5F615F6D61757468202626202861636C5F615F617574687573657273207C7C2061636C5F615F6175746867726F75707329),
 (103,1,1,0x6163705F7065726D697373696F6E73,0x616370,20,213,214,0x4143505F564945575F41444D494E5F5045524D495353494F4E53,0x766965775F61646D696E5F676C6F62616C,0x61636C5F615F7669657761757468),
 (104,1,1,0x6163705F7065726D697373696F6E73,0x616370,20,215,216,0x4143505F564945575F555345525F5045524D495353494F4E53,0x766965775F757365725F676C6F62616C,0x61636C5F615F7669657761757468),
 (105,1,1,0x6163705F7065726D697373696F6E73,0x616370,20,217,218,0x4143505F564945575F474C4F42414C5F4D4F445F5045524D495353494F4E53,0x766965775F6D6F645F676C6F62616C,0x61636C5F615F7669657761757468),
 (106,1,1,0x6163705F7065726D697373696F6E73,0x616370,20,219,220,0x4143505F564945575F464F52554D5F4D4F445F5045524D495353494F4E53,0x766965775F6D6F645F6C6F63616C,0x61636C5F615F7669657761757468),
 (107,1,1,0x6163705F7065726D697373696F6E73,0x616370,20,221,222,0x4143505F564945575F464F52554D5F5045524D495353494F4E53,0x766965775F666F72756D5F6C6F63616C,0x61636C5F615F7669657761757468),
 (108,1,1,0x6163705F7068705F696E666F,0x616370,30,271,272,0x4143505F5048505F494E464F,0x696E666F,0x61636C5F615F706870696E666F),
 (109,1,1,0x6163705F70726F66696C65,0x616370,13,125,126,0x4143505F435553544F4D5F50524F46494C455F4649454C4453,0x70726F66696C65,0x61636C5F615F70726F66696C65),
 (110,1,1,0x6163705F7072756E65,0x616370,7,71,72,0x4143505F5052554E455F464F52554D53,0x666F72756D73,0x61636C5F615F7072756E65),
 (111,1,1,0x6163705F7072756E65,0x616370,13,127,128,0x4143505F5052554E455F5553455253,0x7573657273,0x61636C5F615F7573657264656C),
 (112,1,1,0x6163705F72616E6B73,0x616370,13,129,130,0x4143505F4D414E4147455F52414E4B53,0x72616E6B73,0x61636C5F615F72616E6B73),
 (113,1,1,0x6163705F726561736F6E73,0x616370,30,273,274,0x4143505F4D414E4147455F524541534F4E53,0x6D61696E,0x61636C5F615F726561736F6E73),
 (114,1,1,0x6163705F736561726368,0x616370,5,61,62,0x4143505F5345415243485F53455454494E4753,0x73657474696E6773,0x61636C5F615F736561726368),
 (115,1,1,0x6163705F736561726368,0x616370,27,257,258,0x4143505F5345415243485F494E444558,0x696E646578,0x61636C5F615F736561726368),
 (116,1,1,0x6163705F73656E645F73746174697374696373,0x616370,5,63,64,0x4143505F53454E445F53544154495354494353,0x73656E645F73746174697374696373,0x61636C5F615F736572766572),
 (117,1,1,0x6163705F7374796C6573,0x616370,22,231,232,0x4143505F5354594C4553,0x7374796C65,0x61636C5F615F7374796C6573),
 (118,1,1,0x6163705F7374796C6573,0x616370,22,233,234,0x4143505F5354594C45535F494E5354414C4C,0x696E7374616C6C,0x61636C5F615F7374796C6573),
 (119,1,1,0x6163705F757064617465,0x616370,29,263,264,0x4143505F56455253494F4E5F434845434B,0x76657273696F6E5F636865636B,0x61636C5F615F626F617264),
 (120,1,1,0x6163705F7573657273,0x616370,13,119,120,0x4143505F4D414E4147455F5553455253,0x6F76657276696577,0x61636C5F615F75736572),
 (121,1,0,0x6163705F7573657273,0x616370,13,131,132,0x4143505F555345525F464545444241434B,0x666565646261636B,0x61636C5F615F75736572),
 (122,1,0,0x6163705F7573657273,0x616370,13,133,134,0x4143505F555345525F5741524E494E4753,0x7761726E696E6773,0x61636C5F615F75736572),
 (123,1,0,0x6163705F7573657273,0x616370,13,135,136,0x4143505F555345525F50524F46494C45,0x70726F66696C65,0x61636C5F615F75736572),
 (124,1,0,0x6163705F7573657273,0x616370,13,137,138,0x4143505F555345525F5052454653,0x7072656673,0x61636C5F615F75736572),
 (125,1,0,0x6163705F7573657273,0x616370,13,139,140,0x4143505F555345525F415641544152,0x617661746172,0x61636C5F615F75736572),
 (126,1,0,0x6163705F7573657273,0x616370,13,141,142,0x4143505F555345525F52414E4B,0x72616E6B,0x61636C5F615F75736572),
 (127,1,0,0x6163705F7573657273,0x616370,13,143,144,0x4143505F555345525F534947,0x736967,0x61636C5F615F75736572),
 (128,1,0,0x6163705F7573657273,0x616370,13,145,146,0x4143505F555345525F47524F555053,0x67726F757073,0x61636C5F615F757365722026262061636C5F615F67726F7570),
 (129,1,0,0x6163705F7573657273,0x616370,13,147,148,0x4143505F555345525F5045524D,0x7065726D,0x61636C5F615F757365722026262061636C5F615F7669657761757468),
 (130,1,0,0x6163705F7573657273,0x616370,13,149,150,0x4143505F555345525F415454414348,0x617474616368,0x61636C5F615F75736572),
 (131,1,1,0x6163705F776F726473,0x616370,10,99,100,0x4143505F574F524453,0x776F726473,0x61636C5F615F776F726473),
 (132,1,1,0x6163705F7573657273,0x616370,2,5,6,0x4143505F4D414E4147455F5553455253,0x6F76657276696577,0x61636C5F615F75736572),
 (133,1,1,0x6163705F67726F757073,0x616370,2,7,8,0x4143505F47524F5550535F4D414E414745,0x6D616E616765,0x61636C5F615F67726F7570),
 (134,1,1,0x6163705F666F72756D73,0x616370,2,9,10,0x4143505F4D414E4147455F464F52554D53,0x6D616E616765,0x61636C5F615F666F72756D),
 (135,1,1,0x6163705F6C6F6773,0x616370,2,11,12,0x4143505F4D4F445F4C4F4753,0x6D6F64,0x61636C5F615F766965776C6F6773),
 (136,1,1,0x6163705F626F7473,0x616370,2,13,14,0x4143505F424F5453,0x626F7473,0x61636C5F615F626F7473),
 (137,1,1,0x6163705F7068705F696E666F,0x616370,2,15,16,0x4143505F5048505F494E464F,0x696E666F,0x61636C5F615F706870696E666F),
 (138,1,1,0x6163705F7065726D697373696F6E73,0x616370,8,75,76,0x4143505F464F52554D5F5045524D495353494F4E53,0x73657474696E675F666F72756D5F6C6F63616C,0x61636C5F615F6661757468202626202861636C5F615F617574687573657273207C7C2061636C5F615F6175746867726F75707329),
 (139,1,1,0x6163705F7065726D697373696F6E73,0x616370,8,77,78,0x4143505F464F52554D5F5045524D495353494F4E535F434F5059,0x73657474696E675F666F72756D5F636F7079,0x61636C5F615F66617574682026262061636C5F615F6175746875736572732026262061636C5F615F6175746867726F7570732026262061636C5F615F6D61757468),
 (140,1,1,0x6163705F7065726D697373696F6E73,0x616370,8,79,80,0x4143505F464F52554D5F4D4F44455241544F5253,0x73657474696E675F6D6F645F6C6F63616C,0x61636C5F615F6D61757468202626202861636C5F615F617574687573657273207C7C2061636C5F615F6175746867726F75707329),
 (141,1,1,0x6163705F7065726D697373696F6E73,0x616370,8,81,82,0x4143505F55534552535F464F52554D5F5045524D495353494F4E53,0x73657474696E675F757365725F6C6F63616C,0x61636C5F615F617574687573657273202626202861636C5F615F6D61757468207C7C2061636C5F615F666175746829),
 (142,1,1,0x6163705F7065726D697373696F6E73,0x616370,8,83,84,0x4143505F47524F5550535F464F52554D5F5045524D495353494F4E53,0x73657474696E675F67726F75705F6C6F63616C,0x61636C5F615F6175746867726F757073202626202861636C5F615F6D61757468207C7C2061636C5F615F666175746829),
 (143,1,1,'',0x6D6370,0,1,10,0x4D43505F4D41494E,'',''),
 (144,1,1,'',0x6D6370,0,11,22,0x4D43505F5155455545,'',''),
 (145,1,1,'',0x6D6370,0,23,36,0x4D43505F5245504F525453,'',''),
 (146,1,1,'',0x6D6370,0,37,42,0x4D43505F4E4F544553,'',''),
 (147,1,1,'',0x6D6370,0,43,52,0x4D43505F5741524E,'',''),
 (148,1,1,'',0x6D6370,0,53,60,0x4D43505F4C4F4753,'',''),
 (149,1,1,'',0x6D6370,0,61,68,0x4D43505F42414E,'',''),
 (150,1,1,0x6D63705F62616E,0x6D6370,149,62,63,0x4D43505F42414E5F555345524E414D4553,0x75736572,0x61636C5F6D5F62616E),
 (151,1,1,0x6D63705F62616E,0x6D6370,149,64,65,0x4D43505F42414E5F495053,0x6970,0x61636C5F6D5F62616E),
 (152,1,1,0x6D63705F62616E,0x6D6370,149,66,67,0x4D43505F42414E5F454D41494C53,0x656D61696C,0x61636C5F6D5F62616E),
 (153,1,1,0x6D63705F6C6F6773,0x6D6370,148,54,55,0x4D43505F4C4F47535F46524F4E54,0x66726F6E74,0x61636C5F6D5F207C7C2061636C665F6D5F),
 (154,1,1,0x6D63705F6C6F6773,0x6D6370,148,56,57,0x4D43505F4C4F47535F464F52554D5F56494557,0x666F72756D5F6C6F6773,0x61636C5F6D5F2C246964),
 (155,1,1,0x6D63705F6C6F6773,0x6D6370,148,58,59,0x4D43505F4C4F47535F544F5049435F56494557,0x746F7069635F6C6F6773,0x61636C5F6D5F2C246964),
 (156,1,1,0x6D63705F6D61696E,0x6D6370,143,2,3,0x4D43505F4D41494E5F46524F4E54,0x66726F6E74,''),
 (157,1,1,0x6D63705F6D61696E,0x6D6370,143,4,5,0x4D43505F4D41494E5F464F52554D5F56494557,0x666F72756D5F76696577,0x61636C5F6D5F2C246964),
 (158,1,1,0x6D63705F6D61696E,0x6D6370,143,6,7,0x4D43505F4D41494E5F544F5049435F56494557,0x746F7069635F76696577,0x61636C5F6D5F2C246964),
 (159,1,1,0x6D63705F6D61696E,0x6D6370,143,8,9,0x4D43505F4D41494E5F504F53545F44455441494C53,0x706F73745F64657461696C73,0x61636C5F6D5F2C246964207C7C2028212469642026262061636C665F6D5F29),
 (160,1,1,0x6D63705F6E6F746573,0x6D6370,146,38,39,0x4D43505F4E4F5445535F46524F4E54,0x66726F6E74,''),
 (161,1,1,0x6D63705F6E6F746573,0x6D6370,146,40,41,0x4D43505F4E4F5445535F55534552,0x757365725F6E6F746573,''),
 (162,1,1,0x6D63705F706D5F7265706F727473,0x6D6370,145,30,31,0x4D43505F504D5F5245504F5254535F4F50454E,0x706D5F7265706F727473,0x61636C665F6D5F7265706F7274),
 (163,1,1,0x6D63705F706D5F7265706F727473,0x6D6370,145,32,33,0x4D43505F504D5F5245504F5254535F434C4F534544,0x706D5F7265706F7274735F636C6F736564,0x61636C665F6D5F7265706F7274),
 (164,1,1,0x6D63705F706D5F7265706F727473,0x6D6370,145,34,35,0x4D43505F504D5F5245504F52545F44455441494C53,0x706D5F7265706F72745F64657461696C73,0x61636C665F6D5F7265706F7274),
 (165,1,1,0x6D63705F7175657565,0x6D6370,144,12,13,0x4D43505F51554555455F554E415050524F5645445F544F50494353,0x756E617070726F7665645F746F70696373,0x61636C665F6D5F617070726F7665),
 (166,1,1,0x6D63705F7175657565,0x6D6370,144,14,15,0x4D43505F51554555455F554E415050524F5645445F504F535453,0x756E617070726F7665645F706F737473,0x61636C665F6D5F617070726F7665),
 (167,1,1,0x6D63705F7175657565,0x6D6370,144,16,17,0x4D43505F51554555455F44454C455445445F544F50494353,0x64656C657465645F746F70696373,0x61636C665F6D5F617070726F7665),
 (168,1,1,0x6D63705F7175657565,0x6D6370,144,18,19,0x4D43505F51554555455F44454C455445445F504F535453,0x64656C657465645F706F737473,0x61636C665F6D5F617070726F7665),
 (169,1,1,0x6D63705F7175657565,0x6D6370,144,20,21,0x4D43505F51554555455F415050524F56455F44455441494C53,0x617070726F76655F64657461696C73,0x61636C5F6D5F617070726F76652C246964207C7C2028212469642026262061636C665F6D5F617070726F766529),
 (170,1,1,0x6D63705F7265706F727473,0x6D6370,145,24,25,0x4D43505F5245504F5254535F4F50454E,0x7265706F727473,0x61636C665F6D5F7265706F7274),
 (171,1,1,0x6D63705F7265706F727473,0x6D6370,145,26,27,0x4D43505F5245504F5254535F434C4F534544,0x7265706F7274735F636C6F736564,0x61636C665F6D5F7265706F7274),
 (172,1,1,0x6D63705F7265706F727473,0x6D6370,145,28,29,0x4D43505F5245504F52545F44455441494C53,0x7265706F72745F64657461696C73,0x61636C5F6D5F7265706F72742C246964207C7C2028212469642026262061636C665F6D5F7265706F727429),
 (173,1,1,0x6D63705F7761726E,0x6D6370,147,44,45,0x4D43505F5741524E5F46524F4E54,0x66726F6E74,0x61636C665F6D5F7761726E),
 (174,1,1,0x6D63705F7761726E,0x6D6370,147,46,47,0x4D43505F5741524E5F4C495354,0x6C697374,0x61636C665F6D5F7761726E),
 (175,1,1,0x6D63705F7761726E,0x6D6370,147,48,49,0x4D43505F5741524E5F55534552,0x7761726E5F75736572,0x61636C665F6D5F7761726E),
 (176,1,1,0x6D63705F7761726E,0x6D6370,147,50,51,0x4D43505F5741524E5F504F5354,0x7761726E5F706F7374,0x61636C5F6D5F7761726E2026262061636C5F665F726561642C246964),
 (177,1,1,'',0x756370,0,1,14,0x5543505F4D41494E,'',''),
 (178,1,1,'',0x756370,0,15,28,0x5543505F50524F46494C45,'',''),
 (179,1,1,'',0x756370,0,29,38,0x5543505F5052454653,'',''),
 (180,1,1,0x7563705F706D,0x756370,0,39,48,0x5543505F504D,'',''),
 (181,1,1,'',0x756370,0,49,54,0x5543505F5553455247524F555053,'',''),
 (182,1,1,'',0x756370,0,55,60,0x5543505F5A45425241,'',''),
 (183,1,1,0x7563705F6174746163686D656E7473,0x756370,177,10,11,0x5543505F4D41494E5F4154544143484D454E5453,0x6174746163686D656E7473,0x61636C5F755F617474616368),
 (184,1,1,0x7563705F617574685F6C696E6B,0x756370,178,26,27,0x5543505F415554485F4C494E4B5F4D414E414745,0x617574685F6C696E6B,0x617574686D6574686F645F6F61757468),
 (185,1,1,0x7563705F67726F757073,0x756370,181,50,51,0x5543505F5553455247524F5550535F4D454D424552,0x6D656D62657273686970,''),
 (186,1,1,0x7563705F67726F757073,0x756370,181,52,53,0x5543505F5553455247524F5550535F4D414E414745,0x6D616E616765,''),
 (187,1,1,0x7563705F6D61696E,0x756370,177,2,3,0x5543505F4D41494E5F46524F4E54,0x66726F6E74,''),
 (188,1,1,0x7563705F6D61696E,0x756370,177,4,5,0x5543505F4D41494E5F53554253435249424544,0x73756273637269626564,''),
 (189,1,1,0x7563705F6D61696E,0x756370,177,6,7,0x5543505F4D41494E5F424F4F4B4D41524B53,0x626F6F6B6D61726B73,0x6366675F616C6C6F775F626F6F6B6D61726B73),
 (190,1,1,0x7563705F6D61696E,0x756370,177,8,9,0x5543505F4D41494E5F445241465453,0x647261667473,''),
 (191,1,1,0x7563705F6E6F74696669636174696F6E73,0x756370,179,36,37,0x5543505F4E4F54494649434154494F4E5F4F5054494F4E53,0x6E6F74696669636174696F6E5F6F7074696F6E73,''),
 (192,1,1,0x7563705F6E6F74696669636174696F6E73,0x756370,177,12,13,0x5543505F4E4F54494649434154494F4E5F4C495354,0x6E6F74696669636174696F6E5F6C697374,''),
 (193,1,0,0x7563705F706D,0x756370,180,40,41,0x5543505F504D5F56494557,0x76696577,0x6366675F616C6C6F775F707269766D7367),
 (194,1,1,0x7563705F706D,0x756370,180,42,43,0x5543505F504D5F434F4D504F5345,0x636F6D706F7365,0x6366675F616C6C6F775F707269766D7367),
 (195,1,1,0x7563705F706D,0x756370,180,44,45,0x5543505F504D5F445241465453,0x647261667473,0x6366675F616C6C6F775F707269766D7367),
 (196,1,1,0x7563705F706D,0x756370,180,46,47,0x5543505F504D5F4F5054494F4E53,0x6F7074696F6E73,0x6366675F616C6C6F775F707269766D7367),
 (197,1,1,0x7563705F7072656673,0x756370,179,30,31,0x5543505F50524546535F504552534F4E414C,0x706572736F6E616C,''),
 (198,1,1,0x7563705F7072656673,0x756370,179,32,33,0x5543505F50524546535F504F5354,0x706F7374,''),
 (199,1,1,0x7563705F7072656673,0x756370,179,34,35,0x5543505F50524546535F56494557,0x76696577,''),
 (200,1,1,0x7563705F70726F66696C65,0x756370,178,16,17,0x5543505F50524F46494C455F50524F46494C455F494E464F,0x70726F66696C655F696E666F,0x61636C5F755F63686770726F66696C65696E666F),
 (201,1,1,0x7563705F70726F66696C65,0x756370,178,18,19,0x5543505F50524F46494C455F5349474E4154555245,0x7369676E6174757265,0x61636C5F755F736967),
 (202,1,1,0x7563705F70726F66696C65,0x756370,178,20,21,0x5543505F50524F46494C455F415641544152,0x617661746172,0x6366675F616C6C6F775F617661746172),
 (203,1,1,0x7563705F70726F66696C65,0x756370,178,22,23,0x5543505F50524F46494C455F5245475F44455441494C53,0x7265675F64657461696C73,''),
 (204,1,1,0x7563705F70726F66696C65,0x756370,178,24,25,0x5543505F50524F46494C455F4155544F4C4F47494E5F4B455953,0x6175746F6C6F67696E5F6B657973,''),
 (205,1,1,0x7563705F7A65627261,0x756370,182,56,57,0x5543505F5A454252415F465249454E4453,0x667269656E6473,''),
 (206,1,1,0x7563705F7A65627261,0x756370,182,58,59,0x5543505F5A454252415F464F4553,0x666F6573,''),
 (207,1,1,0x5C70687062626D6F64646572735C616464757365725C6163705C616464757365725F6D6F64756C65,0x616370,13,151,152,0x4143505F4144445F55534552,0x6D61696E,0x6578745F70687062626D6F64646572732F616464757365722026262061636C5F615F75736572);
/*!40000 ALTER TABLE `phpbb_modules` ENABLE KEYS */;


--
-- Definition of table `phpbb_notification_types`
--

DROP TABLE IF EXISTS `phpbb_notification_types`;
CREATE TABLE `phpbb_notification_types` (
  `notification_type_id` smallint(4) unsigned NOT NULL AUTO_INCREMENT,
  `notification_type_name` varchar(255) COLLATE utf8_bin NOT NULL DEFAULT '',
  `notification_type_enabled` tinyint(1) unsigned NOT NULL DEFAULT '1',
  PRIMARY KEY (`notification_type_id`),
  UNIQUE KEY `type` (`notification_type_name`)
) ENGINE=InnoDB AUTO_INCREMENT=9 DEFAULT CHARSET=utf8 COLLATE=utf8_bin;

--
-- Dumping data for table `phpbb_notification_types`
--

/*!40000 ALTER TABLE `phpbb_notification_types` DISABLE KEYS */;
INSERT INTO `phpbb_notification_types` (`notification_type_id`,`notification_type_name`,`notification_type_enabled`) VALUES 
 (1,0x6E6F74696669636174696F6E2E747970652E67726F75705F72657175657374,1),
 (2,0x6E6F74696669636174696F6E2E747970652E746F706963,1),
 (3,0x6E6F74696669636174696F6E2E747970652E617070726F76655F746F706963,1),
 (4,0x6E6F74696669636174696F6E2E747970652E71756F7465,1),
 (5,0x6E6F74696669636174696F6E2E747970652E626F6F6B6D61726B,1),
 (6,0x6E6F74696669636174696F6E2E747970652E706F7374,1),
 (7,0x6E6F74696669636174696F6E2E747970652E617070726F76655F706F7374,1),
 (8,0x6E6F74696669636174696F6E2E747970652E61646D696E5F61637469766174655F75736572,1);
/*!40000 ALTER TABLE `phpbb_notification_types` ENABLE KEYS */;


--
-- Definition of table `phpbb_notifications`
--

DROP TABLE IF EXISTS `phpbb_notifications`;
CREATE TABLE `phpbb_notifications` (
  `notification_id` int(10) unsigned NOT NULL AUTO_INCREMENT,
  `notification_type_id` smallint(4) unsigned NOT NULL DEFAULT '0',
  `item_id` mediumint(8) unsigned NOT NULL DEFAULT '0',
  `item_parent_id` mediumint(8) unsigned NOT NULL DEFAULT '0',
  `user_id` mediumint(8) unsigned NOT NULL DEFAULT '0',
  `notification_read` tinyint(1) unsigned NOT NULL DEFAULT '0',
  `notification_time` int(11) unsigned NOT NULL DEFAULT '1',
  `notification_data` text COLLATE utf8_bin NOT NULL,
  PRIMARY KEY (`notification_id`),
  KEY `item_ident` (`notification_type_id`,`item_id`),
  KEY `user` (`user_id`,`notification_read`)
) ENGINE=InnoDB DEFAULT CHARSET=utf8 COLLATE=utf8_bin;

--
-- Dumping data for table `phpbb_notifications`
--

/*!40000 ALTER TABLE `phpbb_notifications` DISABLE KEYS */;
/*!40000 ALTER TABLE `phpbb_notifications` ENABLE KEYS */;


--
-- Definition of table `phpbb_oauth_accounts`
--

DROP TABLE IF EXISTS `phpbb_oauth_accounts`;
CREATE TABLE `phpbb_oauth_accounts` (
  `user_id` mediumint(8) unsigned NOT NULL DEFAULT '0',
  `provider` varchar(255) COLLATE utf8_bin NOT NULL DEFAULT '',
  `oauth_provider_id` text COLLATE utf8_bin NOT NULL,
  PRIMARY KEY (`user_id`,`provider`)
) ENGINE=InnoDB DEFAULT CHARSET=utf8 COLLATE=utf8_bin;

--
-- Dumping data for table `phpbb_oauth_accounts`
--

/*!40000 ALTER TABLE `phpbb_oauth_accounts` DISABLE KEYS */;
/*!40000 ALTER TABLE `phpbb_oauth_accounts` ENABLE KEYS */;


--
-- Definition of table `phpbb_oauth_tokens`
--

DROP TABLE IF EXISTS `phpbb_oauth_tokens`;
CREATE TABLE `phpbb_oauth_tokens` (
  `user_id` mediumint(8) unsigned NOT NULL DEFAULT '0',
  `session_id` char(32) COLLATE utf8_bin NOT NULL DEFAULT '',
  `provider` varchar(255) COLLATE utf8_bin NOT NULL DEFAULT '',
  `oauth_token` mediumtext COLLATE utf8_bin NOT NULL,
  KEY `user_id` (`user_id`),
  KEY `provider` (`provider`)
) ENGINE=InnoDB DEFAULT CHARSET=utf8 COLLATE=utf8_bin;

--
-- Dumping data for table `phpbb_oauth_tokens`
--

/*!40000 ALTER TABLE `phpbb_oauth_tokens` DISABLE KEYS */;
/*!40000 ALTER TABLE `phpbb_oauth_tokens` ENABLE KEYS */;


--
-- Definition of table `phpbb_poll_options`
--

DROP TABLE IF EXISTS `phpbb_poll_options`;
CREATE TABLE `phpbb_poll_options` (
  `poll_option_id` tinyint(4) NOT NULL DEFAULT '0',
  `topic_id` mediumint(8) unsigned NOT NULL DEFAULT '0',
  `poll_option_text` text COLLATE utf8_bin NOT NULL,
  `poll_option_total` mediumint(8) unsigned NOT NULL DEFAULT '0',
  KEY `poll_opt_id` (`poll_option_id`),
  KEY `topic_id` (`topic_id`)
) ENGINE=InnoDB DEFAULT CHARSET=utf8 COLLATE=utf8_bin;

--
-- Dumping data for table `phpbb_poll_options`
--

/*!40000 ALTER TABLE `phpbb_poll_options` DISABLE KEYS */;
/*!40000 ALTER TABLE `phpbb_poll_options` ENABLE KEYS */;


--
-- Definition of table `phpbb_poll_votes`
--

DROP TABLE IF EXISTS `phpbb_poll_votes`;
CREATE TABLE `phpbb_poll_votes` (
  `topic_id` mediumint(8) unsigned NOT NULL DEFAULT '0',
  `poll_option_id` tinyint(4) NOT NULL DEFAULT '0',
  `vote_user_id` mediumint(8) unsigned NOT NULL DEFAULT '0',
  `vote_user_ip` varchar(40) COLLATE utf8_bin NOT NULL DEFAULT '',
  KEY `topic_id` (`topic_id`),
  KEY `vote_user_id` (`vote_user_id`),
  KEY `vote_user_ip` (`vote_user_ip`)
) ENGINE=InnoDB DEFAULT CHARSET=utf8 COLLATE=utf8_bin;

--
-- Dumping data for table `phpbb_poll_votes`
--

/*!40000 ALTER TABLE `phpbb_poll_votes` DISABLE KEYS */;
/*!40000 ALTER TABLE `phpbb_poll_votes` ENABLE KEYS */;


--
-- Definition of table `phpbb_posts`
--

DROP TABLE IF EXISTS `phpbb_posts`;
CREATE TABLE `phpbb_posts` (
  `post_id` mediumint(8) unsigned NOT NULL AUTO_INCREMENT,
  `topic_id` mediumint(8) unsigned NOT NULL DEFAULT '0',
  `forum_id` mediumint(8) unsigned NOT NULL DEFAULT '0',
  `poster_id` mediumint(8) unsigned NOT NULL DEFAULT '0',
  `icon_id` mediumint(8) unsigned NOT NULL DEFAULT '0',
  `poster_ip` varchar(40) COLLATE utf8_bin NOT NULL DEFAULT '',
  `post_time` int(11) unsigned NOT NULL DEFAULT '0',
  `post_reported` tinyint(1) unsigned NOT NULL DEFAULT '0',
  `enable_bbcode` tinyint(1) unsigned NOT NULL DEFAULT '1',
  `enable_smilies` tinyint(1) unsigned NOT NULL DEFAULT '1',
  `enable_magic_url` tinyint(1) unsigned NOT NULL DEFAULT '1',
  `enable_sig` tinyint(1) unsigned NOT NULL DEFAULT '1',
  `post_username` varchar(255) COLLATE utf8_bin NOT NULL DEFAULT '',
  `post_subject` varchar(255) CHARACTER SET utf8 COLLATE utf8_unicode_ci NOT NULL DEFAULT '',
  `post_text` mediumtext COLLATE utf8_bin NOT NULL,
  `post_checksum` varchar(32) COLLATE utf8_bin NOT NULL DEFAULT '',
  `post_attachment` tinyint(1) unsigned NOT NULL DEFAULT '0',
  `bbcode_bitfield` varchar(255) COLLATE utf8_bin NOT NULL DEFAULT '',
  `bbcode_uid` varchar(8) COLLATE utf8_bin NOT NULL DEFAULT '',
  `post_postcount` tinyint(1) unsigned NOT NULL DEFAULT '1',
  `post_edit_time` int(11) unsigned NOT NULL DEFAULT '0',
  `post_edit_reason` varchar(255) COLLATE utf8_bin NOT NULL DEFAULT '',
  `post_edit_user` mediumint(8) unsigned NOT NULL DEFAULT '0',
  `post_edit_count` smallint(4) unsigned NOT NULL DEFAULT '0',
  `post_edit_locked` tinyint(1) unsigned NOT NULL DEFAULT '0',
  `post_visibility` tinyint(3) NOT NULL DEFAULT '0',
  `post_delete_time` int(11) unsigned NOT NULL DEFAULT '0',
  `post_delete_reason` varchar(255) COLLATE utf8_bin NOT NULL DEFAULT '',
  `post_delete_user` mediumint(8) unsigned NOT NULL DEFAULT '0',
  PRIMARY KEY (`post_id`),
  KEY `forum_id` (`forum_id`),
  KEY `topic_id` (`topic_id`),
  KEY `poster_ip` (`poster_ip`),
  KEY `poster_id` (`poster_id`),
  KEY `tid_post_time` (`topic_id`,`post_time`),
  KEY `post_username` (`post_username`),
  KEY `post_visibility` (`post_visibility`)
) ENGINE=InnoDB AUTO_INCREMENT=8 DEFAULT CHARSET=utf8 COLLATE=utf8_bin;

--
-- Dumping data for table `phpbb_posts`
--

/*!40000 ALTER TABLE `phpbb_posts` DISABLE KEYS */;
/*!40000 ALTER TABLE `phpbb_posts` ENABLE KEYS */;


--
-- Definition of table `phpbb_privmsgs`
--

DROP TABLE IF EXISTS `phpbb_privmsgs`;
CREATE TABLE `phpbb_privmsgs` (
  `msg_id` mediumint(8) unsigned NOT NULL AUTO_INCREMENT,
  `root_level` mediumint(8) unsigned NOT NULL DEFAULT '0',
  `author_id` mediumint(8) unsigned NOT NULL DEFAULT '0',
  `icon_id` mediumint(8) unsigned NOT NULL DEFAULT '0',
  `author_ip` varchar(40) COLLATE utf8_bin NOT NULL DEFAULT '',
  `message_time` int(11) unsigned NOT NULL DEFAULT '0',
  `enable_bbcode` tinyint(1) unsigned NOT NULL DEFAULT '1',
  `enable_smilies` tinyint(1) unsigned NOT NULL DEFAULT '1',
  `enable_magic_url` tinyint(1) unsigned NOT NULL DEFAULT '1',
  `enable_sig` tinyint(1) unsigned NOT NULL DEFAULT '1',
  `message_subject` varchar(255) COLLATE utf8_bin NOT NULL DEFAULT '',
  `message_text` mediumtext COLLATE utf8_bin NOT NULL,
  `message_edit_reason` varchar(255) COLLATE utf8_bin NOT NULL DEFAULT '',
  `message_edit_user` mediumint(8) unsigned NOT NULL DEFAULT '0',
  `message_attachment` tinyint(1) unsigned NOT NULL DEFAULT '0',
  `bbcode_bitfield` varchar(255) COLLATE utf8_bin NOT NULL DEFAULT '',
  `bbcode_uid` varchar(8) COLLATE utf8_bin NOT NULL DEFAULT '',
  `message_edit_time` int(11) unsigned NOT NULL DEFAULT '0',
  `message_edit_count` smallint(4) unsigned NOT NULL DEFAULT '0',
  `to_address` text COLLATE utf8_bin NOT NULL,
  `bcc_address` text COLLATE utf8_bin NOT NULL,
  `message_reported` tinyint(1) unsigned NOT NULL DEFAULT '0',
  PRIMARY KEY (`msg_id`),
  KEY `author_ip` (`author_ip`),
  KEY `message_time` (`message_time`),
  KEY `author_id` (`author_id`),
  KEY `root_level` (`root_level`)
) ENGINE=InnoDB DEFAULT CHARSET=utf8 COLLATE=utf8_bin;

--
-- Dumping data for table `phpbb_privmsgs`
--

/*!40000 ALTER TABLE `phpbb_privmsgs` DISABLE KEYS */;
/*!40000 ALTER TABLE `phpbb_privmsgs` ENABLE KEYS */;


--
-- Definition of table `phpbb_privmsgs_folder`
--

DROP TABLE IF EXISTS `phpbb_privmsgs_folder`;
CREATE TABLE `phpbb_privmsgs_folder` (
  `folder_id` mediumint(8) unsigned NOT NULL AUTO_INCREMENT,
  `user_id` mediumint(8) unsigned NOT NULL DEFAULT '0',
  `folder_name` varchar(255) COLLATE utf8_bin NOT NULL DEFAULT '',
  `pm_count` mediumint(8) unsigned NOT NULL DEFAULT '0',
  PRIMARY KEY (`folder_id`),
  KEY `user_id` (`user_id`)
) ENGINE=InnoDB DEFAULT CHARSET=utf8 COLLATE=utf8_bin;

--
-- Dumping data for table `phpbb_privmsgs_folder`
--

/*!40000 ALTER TABLE `phpbb_privmsgs_folder` DISABLE KEYS */;
/*!40000 ALTER TABLE `phpbb_privmsgs_folder` ENABLE KEYS */;


--
-- Definition of table `phpbb_privmsgs_rules`
--

DROP TABLE IF EXISTS `phpbb_privmsgs_rules`;
CREATE TABLE `phpbb_privmsgs_rules` (
  `rule_id` mediumint(8) unsigned NOT NULL AUTO_INCREMENT,
  `user_id` mediumint(8) unsigned NOT NULL DEFAULT '0',
  `rule_check` mediumint(8) unsigned NOT NULL DEFAULT '0',
  `rule_connection` mediumint(8) unsigned NOT NULL DEFAULT '0',
  `rule_string` varchar(255) COLLATE utf8_bin NOT NULL DEFAULT '',
  `rule_user_id` mediumint(8) unsigned NOT NULL DEFAULT '0',
  `rule_group_id` mediumint(8) unsigned NOT NULL DEFAULT '0',
  `rule_action` mediumint(8) unsigned NOT NULL DEFAULT '0',
  `rule_folder_id` int(11) NOT NULL DEFAULT '0',
  PRIMARY KEY (`rule_id`),
  KEY `user_id` (`user_id`)
) ENGINE=InnoDB DEFAULT CHARSET=utf8 COLLATE=utf8_bin;

--
-- Dumping data for table `phpbb_privmsgs_rules`
--

/*!40000 ALTER TABLE `phpbb_privmsgs_rules` DISABLE KEYS */;
/*!40000 ALTER TABLE `phpbb_privmsgs_rules` ENABLE KEYS */;


--
-- Definition of table `phpbb_privmsgs_to`
--

DROP TABLE IF EXISTS `phpbb_privmsgs_to`;
CREATE TABLE `phpbb_privmsgs_to` (
  `msg_id` mediumint(8) unsigned NOT NULL DEFAULT '0',
  `user_id` mediumint(8) unsigned NOT NULL DEFAULT '0',
  `author_id` mediumint(8) unsigned NOT NULL DEFAULT '0',
  `pm_deleted` tinyint(1) unsigned NOT NULL DEFAULT '0',
  `pm_new` tinyint(1) unsigned NOT NULL DEFAULT '1',
  `pm_unread` tinyint(1) unsigned NOT NULL DEFAULT '1',
  `pm_replied` tinyint(1) unsigned NOT NULL DEFAULT '0',
  `pm_marked` tinyint(1) unsigned NOT NULL DEFAULT '0',
  `pm_forwarded` tinyint(1) unsigned NOT NULL DEFAULT '0',
  `folder_id` int(11) NOT NULL DEFAULT '0',
  KEY `msg_id` (`msg_id`),
  KEY `author_id` (`author_id`),
  KEY `usr_flder_id` (`user_id`,`folder_id`)
) ENGINE=InnoDB DEFAULT CHARSET=utf8 COLLATE=utf8_bin;

--
-- Dumping data for table `phpbb_privmsgs_to`
--

/*!40000 ALTER TABLE `phpbb_privmsgs_to` DISABLE KEYS */;
/*!40000 ALTER TABLE `phpbb_privmsgs_to` ENABLE KEYS */;


--
-- Definition of table `phpbb_profile_fields`
--

DROP TABLE IF EXISTS `phpbb_profile_fields`;
CREATE TABLE `phpbb_profile_fields` (
  `field_id` mediumint(8) unsigned NOT NULL AUTO_INCREMENT,
  `field_name` varchar(255) COLLATE utf8_bin NOT NULL DEFAULT '',
  `field_type` varchar(100) COLLATE utf8_bin NOT NULL DEFAULT '',
  `field_ident` varchar(20) COLLATE utf8_bin NOT NULL DEFAULT '',
  `field_length` varchar(20) COLLATE utf8_bin NOT NULL DEFAULT '',
  `field_minlen` varchar(255) COLLATE utf8_bin NOT NULL DEFAULT '',
  `field_maxlen` varchar(255) COLLATE utf8_bin NOT NULL DEFAULT '',
  `field_novalue` varchar(255) COLLATE utf8_bin NOT NULL DEFAULT '',
  `field_default_value` varchar(255) COLLATE utf8_bin NOT NULL DEFAULT '',
  `field_validation` varchar(64) COLLATE utf8_bin NOT NULL DEFAULT '',
  `field_required` tinyint(1) unsigned NOT NULL DEFAULT '0',
  `field_show_on_reg` tinyint(1) unsigned NOT NULL DEFAULT '0',
  `field_hide` tinyint(1) unsigned NOT NULL DEFAULT '0',
  `field_no_view` tinyint(1) unsigned NOT NULL DEFAULT '0',
  `field_active` tinyint(1) unsigned NOT NULL DEFAULT '0',
  `field_order` mediumint(8) unsigned NOT NULL DEFAULT '0',
  `field_show_profile` tinyint(1) unsigned NOT NULL DEFAULT '0',
  `field_show_on_vt` tinyint(1) unsigned NOT NULL DEFAULT '0',
  `field_show_novalue` tinyint(1) unsigned NOT NULL DEFAULT '0',
  `field_show_on_pm` tinyint(1) unsigned NOT NULL DEFAULT '0',
  `field_show_on_ml` tinyint(1) unsigned NOT NULL DEFAULT '0',
  `field_is_contact` tinyint(1) unsigned NOT NULL DEFAULT '0',
  `field_contact_desc` varchar(255) COLLATE utf8_bin NOT NULL DEFAULT '',
  `field_contact_url` varchar(255) COLLATE utf8_bin NOT NULL DEFAULT '',
  PRIMARY KEY (`field_id`),
  KEY `fld_type` (`field_type`),
  KEY `fld_ordr` (`field_order`)
) ENGINE=InnoDB AUTO_INCREMENT=14 DEFAULT CHARSET=utf8 COLLATE=utf8_bin;

--
-- Dumping data for table `phpbb_profile_fields`
--

/*!40000 ALTER TABLE `phpbb_profile_fields` DISABLE KEYS */;
INSERT INTO `phpbb_profile_fields` (`field_id`,`field_name`,`field_type`,`field_ident`,`field_length`,`field_minlen`,`field_maxlen`,`field_novalue`,`field_default_value`,`field_validation`,`field_required`,`field_show_on_reg`,`field_hide`,`field_no_view`,`field_active`,`field_order`,`field_show_profile`,`field_show_on_vt`,`field_show_novalue`,`field_show_on_pm`,`field_show_on_ml`,`field_is_contact`,`field_contact_desc`,`field_contact_url`) VALUES 
 (1,0x70687062625F6C6F636174696F6E,0x70726F66696C656669656C64732E747970652E737472696E67,0x70687062625F6C6F636174696F6E,0x3230,0x32,0x313030,'','',0x2E2A,0,0,0,0,1,1,1,1,0,1,1,0,'',''),
 (2,0x70687062625F77656273697465,0x70726F66696C656669656C64732E747970652E75726C,0x70687062625F77656273697465,0x3430,0x3132,0x323535,'','','',0,0,0,0,1,2,1,1,0,1,1,1,0x56495349545F57454253495445,0x2573),
 (3,0x70687062625F696E74657265737473,0x70726F66696C656669656C64732E747970652E74657874,0x70687062625F696E74657265737473,0x337C3330,0x32,0x353030,'','',0x2E2A,0,0,0,0,0,3,1,0,0,0,0,0,'',''),
 (4,0x70687062625F6F636375706174696F6E,0x70726F66696C656669656C64732E747970652E74657874,0x70687062625F6F636375706174696F6E,0x337C3330,0x32,0x353030,'','',0x2E2A,0,0,0,0,0,4,1,0,0,0,0,0,'',''),
 (5,0x70687062625F616F6C,0x70726F66696C656669656C64732E747970652E737472696E67,0x70687062625F616F6C,0x3430,0x35,0x323535,'','',0x2E2A,0,0,0,0,0,5,1,1,0,1,1,1,'',''),
 (6,0x70687062625F696371,0x70726F66696C656669656C64732E747970652E737472696E67,0x70687062625F696371,0x3230,0x33,0x3135,'','',0x5B302D395D2B,0,0,0,0,0,6,1,1,0,1,1,1,0x53454E445F4943515F4D455353414745,0x68747470733A2F2F7777772E6963712E636F6D2F70656F706C652F25732F),
 (7,0x70687062625F776C6D,0x70726F66696C656669656C64732E747970652E737472696E67,0x70687062625F776C6D,0x3430,0x35,0x323535,'','',0x2E2A,0,0,0,0,0,7,1,1,0,1,1,1,'',''),
 (8,0x70687062625F7961686F6F,0x70726F66696C656669656C64732E747970652E737472696E67,0x70687062625F7961686F6F,0x3430,0x35,0x323535,'','',0x2E2A,0,0,0,0,0,8,1,1,0,1,1,1,0x53454E445F59494D5F4D455353414745,0x796D7367723A73656E64696D3F2573),
 (9,0x70687062625F66616365626F6F6B,0x70726F66696C656669656C64732E747970652E737472696E67,0x70687062625F66616365626F6F6B,0x3230,0x35,0x3530,'','',0x5B5C772E5D2B,0,0,0,0,1,9,1,1,0,1,1,1,0x564945575F46414345424F4F4B5F50524F46494C45,0x687474703A2F2F66616365626F6F6B2E636F6D2F25732F),
 (10,0x70687062625F74776974746572,0x70726F66696C656669656C64732E747970652E737472696E67,0x70687062625F74776974746572,0x3230,0x31,0x3135,'','',0x5B5C775F5D2B,0,0,0,0,1,10,1,1,0,1,1,1,0x564945575F545749545445525F50524F46494C45,0x687474703A2F2F747769747465722E636F6D2F2573),
 (11,0x70687062625F736B797065,0x70726F66696C656669656C64732E747970652E737472696E67,0x70687062625F736B797065,0x3230,0x36,0x3332,'','',0x5B612D7A412D5A5D5B5C775C2E2C5C2D5F5D2B,0,0,0,0,1,11,1,1,0,1,1,1,0x564945575F534B5950455F50524F46494C45,0x736B7970653A25733F75736572696E666F),
 (12,0x70687062625F796F7574756265,0x70726F66696C656669656C64732E747970652E737472696E67,0x70687062625F796F7574756265,0x3230,0x33,0x3630,'','',0x5B612D7A412D5A5D5B5C775C2E2C5C2D5F5D2B,0,0,0,0,1,12,1,1,0,1,1,1,0x564945575F594F55545542455F4348414E4E454C,0x687474703A2F2F796F75747562652E636F6D2F757365722F2573),
 (13,0x70687062625F676F6F676C65706C7573,0x70726F66696C656669656C64732E747970652E676F6F676C65706C7573,0x70687062625F676F6F676C65706C7573,0x3230,0x33,0x323535,'','',0x5B5C775D2B,0,0,0,0,1,13,1,1,0,1,1,1,0x564945575F474F4F474C45504C55535F50524F46494C45,0x687474703A2F2F706C75732E676F6F676C652E636F6D2F2573);
/*!40000 ALTER TABLE `phpbb_profile_fields` ENABLE KEYS */;


--
-- Definition of table `phpbb_profile_fields_data`
--

DROP TABLE IF EXISTS `phpbb_profile_fields_data`;
CREATE TABLE `phpbb_profile_fields_data` (
  `user_id` mediumint(8) unsigned NOT NULL DEFAULT '0',
  `pf_phpbb_interests` mediumtext COLLATE utf8_bin NOT NULL,
  `pf_phpbb_occupation` mediumtext COLLATE utf8_bin NOT NULL,
  `pf_phpbb_facebook` varchar(255) COLLATE utf8_bin NOT NULL DEFAULT '',
  `pf_phpbb_googleplus` varchar(255) COLLATE utf8_bin NOT NULL DEFAULT '',
  `pf_phpbb_icq` varchar(255) COLLATE utf8_bin NOT NULL DEFAULT '',
  `pf_phpbb_location` varchar(255) COLLATE utf8_bin NOT NULL DEFAULT '',
  `pf_phpbb_skype` varchar(255) COLLATE utf8_bin NOT NULL DEFAULT '',
  `pf_phpbb_twitter` varchar(255) COLLATE utf8_bin NOT NULL DEFAULT '',
  `pf_phpbb_website` varchar(255) COLLATE utf8_bin NOT NULL DEFAULT '',
  `pf_phpbb_wlm` varchar(255) COLLATE utf8_bin NOT NULL DEFAULT '',
  `pf_phpbb_yahoo` varchar(255) COLLATE utf8_bin NOT NULL DEFAULT '',
  `pf_phpbb_youtube` varchar(255) COLLATE utf8_bin NOT NULL DEFAULT '',
  `pf_phpbb_aol` varchar(255) COLLATE utf8_bin NOT NULL DEFAULT '',
  PRIMARY KEY (`user_id`)
) ENGINE=InnoDB DEFAULT CHARSET=utf8 COLLATE=utf8_bin;

--
-- Dumping data for table `phpbb_profile_fields_data`
--

/*!40000 ALTER TABLE `phpbb_profile_fields_data` DISABLE KEYS */;
/*!40000 ALTER TABLE `phpbb_profile_fields_data` ENABLE KEYS */;


--
-- Definition of table `phpbb_profile_fields_lang`
--

DROP TABLE IF EXISTS `phpbb_profile_fields_lang`;
CREATE TABLE `phpbb_profile_fields_lang` (
  `field_id` mediumint(8) unsigned NOT NULL DEFAULT '0',
  `lang_id` mediumint(8) unsigned NOT NULL DEFAULT '0',
  `option_id` mediumint(8) unsigned NOT NULL DEFAULT '0',
  `field_type` varchar(100) COLLATE utf8_bin NOT NULL DEFAULT '',
  `lang_value` varchar(255) COLLATE utf8_bin NOT NULL DEFAULT '',
  PRIMARY KEY (`field_id`,`lang_id`,`option_id`)
) ENGINE=InnoDB DEFAULT CHARSET=utf8 COLLATE=utf8_bin;

--
-- Dumping data for table `phpbb_profile_fields_lang`
--

/*!40000 ALTER TABLE `phpbb_profile_fields_lang` DISABLE KEYS */;
/*!40000 ALTER TABLE `phpbb_profile_fields_lang` ENABLE KEYS */;


--
-- Definition of table `phpbb_profile_lang`
--

DROP TABLE IF EXISTS `phpbb_profile_lang`;
CREATE TABLE `phpbb_profile_lang` (
  `field_id` mediumint(8) unsigned NOT NULL DEFAULT '0',
  `lang_id` mediumint(8) unsigned NOT NULL DEFAULT '0',
  `lang_name` varchar(255) COLLATE utf8_bin NOT NULL DEFAULT '',
  `lang_explain` text COLLATE utf8_bin NOT NULL,
  `lang_default_value` varchar(255) COLLATE utf8_bin NOT NULL DEFAULT '',
  PRIMARY KEY (`field_id`,`lang_id`)
) ENGINE=InnoDB DEFAULT CHARSET=utf8 COLLATE=utf8_bin;

--
-- Dumping data for table `phpbb_profile_lang`
--

/*!40000 ALTER TABLE `phpbb_profile_lang` DISABLE KEYS */;
INSERT INTO `phpbb_profile_lang` (`field_id`,`lang_id`,`lang_name`,`lang_explain`,`lang_default_value`) VALUES 
 (1,1,0x4C4F434154494F4E,'',''),
 (2,1,0x57454253495445,'',''),
 (3,1,0x494E54455245535453,'',''),
 (4,1,0x4F434355504154494F4E,'',''),
 (5,1,0x414F4C,'',''),
 (6,1,0x494351,'',''),
 (7,1,0x574C4D,'',''),
 (8,1,0x5941484F4F,'',''),
 (9,1,0x46414345424F4F4B,'',''),
 (10,1,0x54574954544552,'',''),
 (11,1,0x534B595045,'',''),
 (12,1,0x594F5554554245,'',''),
 (13,1,0x474F4F474C45504C5553,'','');
/*!40000 ALTER TABLE `phpbb_profile_lang` ENABLE KEYS */;


--
-- Definition of table `phpbb_ranks`
--

DROP TABLE IF EXISTS `phpbb_ranks`;
CREATE TABLE `phpbb_ranks` (
  `rank_id` mediumint(8) unsigned NOT NULL AUTO_INCREMENT,
  `rank_title` varchar(255) COLLATE utf8_bin NOT NULL DEFAULT '',
  `rank_min` mediumint(8) unsigned NOT NULL DEFAULT '0',
  `rank_special` tinyint(1) unsigned NOT NULL DEFAULT '0',
  `rank_image` varchar(255) COLLATE utf8_bin NOT NULL DEFAULT '',
  PRIMARY KEY (`rank_id`)
) ENGINE=InnoDB AUTO_INCREMENT=2 DEFAULT CHARSET=utf8 COLLATE=utf8_bin;

--
-- Dumping data for table `phpbb_ranks`
--

/*!40000 ALTER TABLE `phpbb_ranks` DISABLE KEYS */;
INSERT INTO `phpbb_ranks` (`rank_id`,`rank_title`,`rank_min`,`rank_special`,`rank_image`) VALUES 
 (1,0x536974652041646D696E,0,1,'');
/*!40000 ALTER TABLE `phpbb_ranks` ENABLE KEYS */;


--
-- Definition of table `phpbb_reports`
--

DROP TABLE IF EXISTS `phpbb_reports`;
CREATE TABLE `phpbb_reports` (
  `report_id` mediumint(8) unsigned NOT NULL AUTO_INCREMENT,
  `reason_id` smallint(4) unsigned NOT NULL DEFAULT '0',
  `post_id` mediumint(8) unsigned NOT NULL DEFAULT '0',
  `user_id` mediumint(8) unsigned NOT NULL DEFAULT '0',
  `user_notify` tinyint(1) unsigned NOT NULL DEFAULT '0',
  `report_closed` tinyint(1) unsigned NOT NULL DEFAULT '0',
  `report_time` int(11) unsigned NOT NULL DEFAULT '0',
  `report_text` mediumtext COLLATE utf8_bin NOT NULL,
  `pm_id` mediumint(8) unsigned NOT NULL DEFAULT '0',
  `reported_post_enable_bbcode` tinyint(1) unsigned NOT NULL DEFAULT '1',
  `reported_post_enable_smilies` tinyint(1) unsigned NOT NULL DEFAULT '1',
  `reported_post_enable_magic_url` tinyint(1) unsigned NOT NULL DEFAULT '1',
  `reported_post_text` mediumtext COLLATE utf8_bin NOT NULL,
  `reported_post_uid` varchar(8) COLLATE utf8_bin NOT NULL DEFAULT '',
  `reported_post_bitfield` varchar(255) COLLATE utf8_bin NOT NULL DEFAULT '',
  PRIMARY KEY (`report_id`),
  KEY `post_id` (`post_id`),
  KEY `pm_id` (`pm_id`)
) ENGINE=InnoDB DEFAULT CHARSET=utf8 COLLATE=utf8_bin;

--
-- Dumping data for table `phpbb_reports`
--

/*!40000 ALTER TABLE `phpbb_reports` DISABLE KEYS */;
/*!40000 ALTER TABLE `phpbb_reports` ENABLE KEYS */;


--
-- Definition of table `phpbb_reports_reasons`
--

DROP TABLE IF EXISTS `phpbb_reports_reasons`;
CREATE TABLE `phpbb_reports_reasons` (
  `reason_id` smallint(4) unsigned NOT NULL AUTO_INCREMENT,
  `reason_title` varchar(255) COLLATE utf8_bin NOT NULL DEFAULT '',
  `reason_description` mediumtext COLLATE utf8_bin NOT NULL,
  `reason_order` smallint(4) unsigned NOT NULL DEFAULT '0',
  PRIMARY KEY (`reason_id`)
) ENGINE=InnoDB AUTO_INCREMENT=5 DEFAULT CHARSET=utf8 COLLATE=utf8_bin;

--
-- Dumping data for table `phpbb_reports_reasons`
--

/*!40000 ALTER TABLE `phpbb_reports_reasons` DISABLE KEYS */;
INSERT INTO `phpbb_reports_reasons` (`reason_id`,`reason_title`,`reason_description`,`reason_order`) VALUES 
 (1,0x776172657A,0x54686520706F737420636F6E7461696E73206C696E6B7320746F20696C6C6567616C206F72207069726174656420736F6674776172652E,1),
 (2,0x7370616D,0x546865207265706F7274656420706F73742068617320746865206F6E6C7920707572706F736520746F2061647665727469736520666F7220612077656273697465206F7220616E6F746865722070726F647563742E,2),
 (3,0x6F66665F746F706963,0x546865207265706F7274656420706F7374206973206F666620746F7069632E,3),
 (4,0x6F74686572,0x546865207265706F7274656420706F737420646F6573206E6F742066697420696E746F20616E79206F746865722063617465676F72792C20706C656173652075736520746865206675727468657220696E666F726D6174696F6E206669656C642E,4);
/*!40000 ALTER TABLE `phpbb_reports_reasons` ENABLE KEYS */;


--
-- Definition of table `phpbb_search_results`
--

DROP TABLE IF EXISTS `phpbb_search_results`;
CREATE TABLE `phpbb_search_results` (
  `search_key` varchar(32) COLLATE utf8_bin NOT NULL DEFAULT '',
  `search_time` int(11) unsigned NOT NULL DEFAULT '0',
  `search_keywords` mediumtext COLLATE utf8_bin NOT NULL,
  `search_authors` mediumtext COLLATE utf8_bin NOT NULL,
  PRIMARY KEY (`search_key`)
) ENGINE=InnoDB DEFAULT CHARSET=utf8 COLLATE=utf8_bin;

--
-- Dumping data for table `phpbb_search_results`
--

/*!40000 ALTER TABLE `phpbb_search_results` DISABLE KEYS */;
/*!40000 ALTER TABLE `phpbb_search_results` ENABLE KEYS */;


--
-- Definition of table `phpbb_search_wordlist`
--

DROP TABLE IF EXISTS `phpbb_search_wordlist`;
CREATE TABLE `phpbb_search_wordlist` (
  `word_id` mediumint(8) unsigned NOT NULL AUTO_INCREMENT,
  `word_text` varchar(255) COLLATE utf8_bin NOT NULL DEFAULT '',
  `word_common` tinyint(1) unsigned NOT NULL DEFAULT '0',
  `word_count` mediumint(8) unsigned NOT NULL DEFAULT '0',
  PRIMARY KEY (`word_id`),
  UNIQUE KEY `wrd_txt` (`word_text`),
  KEY `wrd_cnt` (`word_count`)
) ENGINE=InnoDB AUTO_INCREMENT=70 DEFAULT CHARSET=utf8 COLLATE=utf8_bin;

--
-- Dumping data for table `phpbb_search_wordlist`
--

/*!40000 ALTER TABLE `phpbb_search_wordlist` DISABLE KEYS */;
INSERT INTO `phpbb_search_wordlist` (`word_id`,`word_text`,`word_common`,`word_count`) VALUES 
 (1,0x74686973,0,2),
 (2,0x6578616D706C65,0,1),
 (3,0x706F7374,0,1),
 (4,0x796F7572,0,1),
 (5,0x706870626233,0,3),
 (6,0x696E7374616C6C6174696F6E,0,1),
 (7,0x65766572797468696E67,0,1),
 (8,0x7365656D73,0,1),
 (9,0x776F726B696E67,0,1),
 (10,0x796F75,0,1),
 (11,0x6D6179,0,1),
 (12,0x64656C657465,0,1),
 (13,0x6C696B65,0,1),
 (14,0x616E64,0,1),
 (15,0x636F6E74696E7565,0,1),
 (16,0x736574,0,1),
 (17,0x626F617264,0,1),
 (18,0x647572696E67,0,1),
 (19,0x746865,0,1),
 (20,0x70726F63657373,0,1),
 (21,0x6669727374,0,1),
 (22,0x63617465676F7279,0,1),
 (23,0x666F72756D,0,1),
 (24,0x617265,0,1),
 (25,0x61737369676E6564,0,1),
 (26,0x617070726F707269617465,0,1),
 (27,0x7065726D697373696F6E73,0,1),
 (28,0x666F72,0,2),
 (29,0x707265646566696E6564,0,1),
 (30,0x7573657267726F757073,0,1),
 (31,0x61646D696E6973747261746F7273,0,1),
 (32,0x626F7473,0,1),
 (33,0x676C6F62616C,0,1),
 (34,0x6D6F64657261746F7273,0,1),
 (35,0x677565737473,0,1),
 (36,0x72656769737465726564,0,1),
 (37,0x7573657273,0,1),
 (38,0x636F707061,0,1),
 (39,0x616C736F,0,1),
 (40,0x63686F6F7365,0,1),
 (41,0x6E6F74,0,1),
 (42,0x666F72676574,0,1),
 (43,0x61737369676E,0,1),
 (44,0x616C6C,0,1),
 (45,0x7468657365,0,1),
 (46,0x6E6577,0,1),
 (47,0x63617465676F72696573,0,1),
 (48,0x666F72756D73,0,1),
 (49,0x637265617465,0,1),
 (50,0x7265636F6D6D656E646564,0,1),
 (51,0x72656E616D65,0,1),
 (52,0x636F7079,0,1),
 (53,0x66726F6D,0,1),
 (54,0x7768696C65,0,1),
 (55,0x6372656174696E67,0,1),
 (56,0x68617665,0,1),
 (57,0x66756E,0,1),
 (58,0x77656C636F6D65,0,2),
 (59,0x74657374,0,4),
 (60,0x746F706963,0,3),
 (61,0x7363686F6F6C,0,1),
 (62,0x73756363657373,0,1),
 (63,0x6673646673646673646664667364667364,0,1),
 (64,0x7366646664,0,2),
 (65,0x646678646678646666,0,1),
 (66,0x676467666764676466676466676467646667,0,1),
 (67,0x78646678646678,0,1),
 (68,0x61736464617364617364,0,1),
 (69,0x617364736661736661,0,1);
/*!40000 ALTER TABLE `phpbb_search_wordlist` ENABLE KEYS */;


--
-- Definition of table `phpbb_search_wordmatch`
--

DROP TABLE IF EXISTS `phpbb_search_wordmatch`;
CREATE TABLE `phpbb_search_wordmatch` (
  `post_id` mediumint(8) unsigned NOT NULL DEFAULT '0',
  `word_id` mediumint(8) unsigned NOT NULL DEFAULT '0',
  `title_match` tinyint(1) unsigned NOT NULL DEFAULT '0',
  UNIQUE KEY `un_mtch` (`word_id`,`post_id`,`title_match`),
  KEY `word_id` (`word_id`),
  KEY `post_id` (`post_id`)
) ENGINE=InnoDB DEFAULT CHARSET=utf8 COLLATE=utf8_bin;

--
-- Dumping data for table `phpbb_search_wordmatch`
--

/*!40000 ALTER TABLE `phpbb_search_wordmatch` DISABLE KEYS */;
INSERT INTO `phpbb_search_wordmatch` (`post_id`,`word_id`,`title_match`) VALUES 
 (1,1,0),
 (2,1,0),
 (1,2,0),
 (1,3,0),
 (1,4,0),
 (1,5,0),
 (1,5,1),
 (7,5,1),
 (1,6,0),
 (1,7,0),
 (1,8,0),
 (1,9,0),
 (1,10,0),
 (1,11,0),
 (1,12,0),
 (1,13,0),
 (1,14,0),
 (1,15,0),
 (1,16,0),
 (1,17,0),
 (1,18,0),
 (1,19,0),
 (1,20,0),
 (1,21,0),
 (1,22,0),
 (1,23,0),
 (1,24,0),
 (1,25,0),
 (1,26,0),
 (1,27,0),
 (1,28,0),
 (2,28,0),
 (1,29,0),
 (1,30,0),
 (1,31,0),
 (1,32,0),
 (1,33,0),
 (1,34,0),
 (1,35,0),
 (1,36,0),
 (1,37,0),
 (1,38,0),
 (1,39,0),
 (1,40,0),
 (1,41,0),
 (1,42,0),
 (1,43,0),
 (1,44,0),
 (1,45,0),
 (1,46,0),
 (1,47,0),
 (1,48,0),
 (1,49,0),
 (1,50,0),
 (1,51,0),
 (1,52,0),
 (1,53,0),
 (1,54,0),
 (1,55,0),
 (1,56,0),
 (1,57,0),
 (1,58,1),
 (7,58,1),
 (2,59,0),
 (2,59,1),
 (3,59,0),
 (3,59,1),
 (2,60,0),
 (2,60,1),
 (3,60,1),
 (2,61,0),
 (3,62,0),
 (4,63,0),
 (4,64,1),
 (6,64,1),
 (5,65,0),
 (5,66,0),
 (5,67,1),
 (6,68,0),
 (7,69,0);
/*!40000 ALTER TABLE `phpbb_search_wordmatch` ENABLE KEYS */;


--
-- Definition of table `phpbb_sessions`
--

DROP TABLE IF EXISTS `phpbb_sessions`;
CREATE TABLE `phpbb_sessions` (
  `session_id` char(32) COLLATE utf8_bin NOT NULL DEFAULT '',
  `session_user_id` mediumint(8) unsigned NOT NULL DEFAULT '0',
  `session_last_visit` int(11) unsigned NOT NULL DEFAULT '0',
  `session_start` int(11) unsigned NOT NULL DEFAULT '0',
  `session_time` int(11) unsigned NOT NULL DEFAULT '0',
  `session_ip` varchar(40) COLLATE utf8_bin NOT NULL DEFAULT '',
  `session_browser` varchar(150) COLLATE utf8_bin NOT NULL DEFAULT '',
  `session_forwarded_for` varchar(255) COLLATE utf8_bin NOT NULL DEFAULT '',
  `session_page` varchar(255) COLLATE utf8_bin NOT NULL DEFAULT '',
  `session_viewonline` tinyint(1) unsigned NOT NULL DEFAULT '1',
  `session_autologin` tinyint(1) unsigned NOT NULL DEFAULT '0',
  `session_admin` tinyint(1) unsigned NOT NULL DEFAULT '0',
  `session_forum_id` mediumint(8) unsigned NOT NULL DEFAULT '0',
  PRIMARY KEY (`session_id`),
  KEY `session_time` (`session_time`),
  KEY `session_user_id` (`session_user_id`),
  KEY `session_fid` (`session_forum_id`)
) ENGINE=InnoDB DEFAULT CHARSET=utf8 COLLATE=utf8_bin;

--
-- Dumping data for table `phpbb_sessions`
--

/*!40000 ALTER TABLE `phpbb_sessions` DISABLE KEYS */;
INSERT INTO `phpbb_sessions` (`session_id`,`session_user_id`,`session_last_visit`,`session_start`,`session_time`,`session_ip`,`session_browser`,`session_forwarded_for`,`session_page`,`session_viewonline`,`session_autologin`,`session_admin`,`session_forum_id`) VALUES 
 (0x3661373431343235313262386661646661316439346636613966363535393161,2,1454662370,1454662505,1454665087,0x3A3A31,0x4D6F7A696C6C612F352E30202857696E646F7773204E5420362E313B20574F57363429204170706C655765624B69742F3533372E333620284B48544D4C2C206C696B65204765636B6F29204368726F6D652F34382E302E323536342E313033205361666172692F3533372E3336,'',0x61646D2F696E6465782E7068703F693D6163705F67726F757073266D6F64653D6D616E616765,1,0,1,0);
/*!40000 ALTER TABLE `phpbb_sessions` ENABLE KEYS */;


--
-- Definition of table `phpbb_sessions_keys`
--

DROP TABLE IF EXISTS `phpbb_sessions_keys`;
CREATE TABLE `phpbb_sessions_keys` (
  `key_id` char(32) COLLATE utf8_bin NOT NULL DEFAULT '',
  `user_id` mediumint(8) unsigned NOT NULL DEFAULT '0',
  `last_ip` varchar(40) COLLATE utf8_bin NOT NULL DEFAULT '',
  `last_login` int(11) unsigned NOT NULL DEFAULT '0',
  PRIMARY KEY (`key_id`,`user_id`),
  KEY `last_login` (`last_login`)
) ENGINE=InnoDB DEFAULT CHARSET=utf8 COLLATE=utf8_bin;

--
-- Dumping data for table `phpbb_sessions_keys`
--

/*!40000 ALTER TABLE `phpbb_sessions_keys` DISABLE KEYS */;
/*!40000 ALTER TABLE `phpbb_sessions_keys` ENABLE KEYS */;


--
-- Definition of table `phpbb_sitelist`
--

DROP TABLE IF EXISTS `phpbb_sitelist`;
CREATE TABLE `phpbb_sitelist` (
  `site_id` mediumint(8) unsigned NOT NULL AUTO_INCREMENT,
  `site_ip` varchar(40) COLLATE utf8_bin NOT NULL DEFAULT '',
  `site_hostname` varchar(255) COLLATE utf8_bin NOT NULL DEFAULT '',
  `ip_exclude` tinyint(1) unsigned NOT NULL DEFAULT '0',
  PRIMARY KEY (`site_id`)
) ENGINE=InnoDB DEFAULT CHARSET=utf8 COLLATE=utf8_bin;

--
-- Dumping data for table `phpbb_sitelist`
--

/*!40000 ALTER TABLE `phpbb_sitelist` DISABLE KEYS */;
/*!40000 ALTER TABLE `phpbb_sitelist` ENABLE KEYS */;


--
-- Definition of table `phpbb_smilies`
--

DROP TABLE IF EXISTS `phpbb_smilies`;
CREATE TABLE `phpbb_smilies` (
  `smiley_id` mediumint(8) unsigned NOT NULL AUTO_INCREMENT,
  `code` varchar(50) COLLATE utf8_bin NOT NULL DEFAULT '',
  `emotion` varchar(50) COLLATE utf8_bin NOT NULL DEFAULT '',
  `smiley_url` varchar(50) COLLATE utf8_bin NOT NULL DEFAULT '',
  `smiley_width` smallint(4) unsigned NOT NULL DEFAULT '0',
  `smiley_height` smallint(4) unsigned NOT NULL DEFAULT '0',
  `smiley_order` mediumint(8) unsigned NOT NULL DEFAULT '0',
  `display_on_posting` tinyint(1) unsigned NOT NULL DEFAULT '1',
  PRIMARY KEY (`smiley_id`),
  KEY `display_on_post` (`display_on_posting`)
) ENGINE=InnoDB AUTO_INCREMENT=43 DEFAULT CHARSET=utf8 COLLATE=utf8_bin;

--
-- Dumping data for table `phpbb_smilies`
--

/*!40000 ALTER TABLE `phpbb_smilies` DISABLE KEYS */;
INSERT INTO `phpbb_smilies` (`smiley_id`,`code`,`emotion`,`smiley_url`,`smiley_width`,`smiley_height`,`smiley_order`,`display_on_posting`) VALUES 
 (1,0x3A44,0x56657279204861707079,0x69636F6E5F655F6269676772696E2E676966,15,17,1,1),
 (2,0x3A2D44,0x56657279204861707079,0x69636F6E5F655F6269676772696E2E676966,15,17,2,1),
 (3,0x3A6772696E3A,0x56657279204861707079,0x69636F6E5F655F6269676772696E2E676966,15,17,3,1),
 (4,0x3A29,0x536D696C65,0x69636F6E5F655F736D696C652E676966,15,17,4,1),
 (5,0x3A2D29,0x536D696C65,0x69636F6E5F655F736D696C652E676966,15,17,5,1),
 (6,0x3A736D696C653A,0x536D696C65,0x69636F6E5F655F736D696C652E676966,15,17,6,1),
 (7,0x3B29,0x57696E6B,0x69636F6E5F655F77696E6B2E676966,15,17,7,1),
 (8,0x3B2D29,0x57696E6B,0x69636F6E5F655F77696E6B2E676966,15,17,8,1),
 (9,0x3A77696E6B3A,0x57696E6B,0x69636F6E5F655F77696E6B2E676966,15,17,9,1),
 (10,0x3A28,0x536164,0x69636F6E5F655F7361642E676966,15,17,10,1),
 (11,0x3A2D28,0x536164,0x69636F6E5F655F7361642E676966,15,17,11,1),
 (12,0x3A7361643A,0x536164,0x69636F6E5F655F7361642E676966,15,17,12,1),
 (13,0x3A6F,0x537572707269736564,0x69636F6E5F655F7375727072697365642E676966,15,17,13,1),
 (14,0x3A2D6F,0x537572707269736564,0x69636F6E5F655F7375727072697365642E676966,15,17,14,1),
 (15,0x3A65656B3A,0x537572707269736564,0x69636F6E5F655F7375727072697365642E676966,15,17,15,1),
 (16,0x3A73686F636B3A,0x53686F636B6564,0x69636F6E5F65656B2E676966,15,17,16,1),
 (17,0x3A3F,0x436F6E6675736564,0x69636F6E5F655F636F6E66757365642E676966,15,17,17,1),
 (18,0x3A2D3F,0x436F6E6675736564,0x69636F6E5F655F636F6E66757365642E676966,15,17,18,1),
 (19,0x3A3F3F3F3A,0x436F6E6675736564,0x69636F6E5F655F636F6E66757365642E676966,15,17,19,1),
 (20,0x382D29,0x436F6F6C,0x69636F6E5F636F6F6C2E676966,15,17,20,1),
 (21,0x3A636F6F6C3A,0x436F6F6C,0x69636F6E5F636F6F6C2E676966,15,17,21,1),
 (22,0x3A6C6F6C3A,0x4C61756768696E67,0x69636F6E5F6C6F6C2E676966,15,17,22,1),
 (23,0x3A78,0x4D6164,0x69636F6E5F6D61642E676966,15,17,23,1),
 (24,0x3A2D78,0x4D6164,0x69636F6E5F6D61642E676966,15,17,24,1),
 (25,0x3A6D61643A,0x4D6164,0x69636F6E5F6D61642E676966,15,17,25,1),
 (26,0x3A50,0x52617A7A,0x69636F6E5F72617A7A2E676966,15,17,26,1),
 (27,0x3A2D50,0x52617A7A,0x69636F6E5F72617A7A2E676966,15,17,27,1),
 (28,0x3A72617A7A3A,0x52617A7A,0x69636F6E5F72617A7A2E676966,15,17,28,1),
 (29,0x3A6F6F70733A,0x456D626172726173736564,0x69636F6E5F726564666163652E676966,15,17,29,1),
 (30,0x3A6372793A,0x437279696E67206F72205665727920536164,0x69636F6E5F6372792E676966,15,17,30,1),
 (31,0x3A6576696C3A,0x4576696C206F722056657279204D6164,0x69636F6E5F6576696C2E676966,15,17,31,1),
 (32,0x3A747769737465643A,0x54776973746564204576696C,0x69636F6E5F747769737465642E676966,15,17,32,1),
 (33,0x3A726F6C6C3A,0x526F6C6C696E672045796573,0x69636F6E5F726F6C6C657965732E676966,15,17,33,1),
 (34,0x3A213A,0x4578636C616D6174696F6E,0x69636F6E5F6578636C61696D2E676966,15,17,34,1),
 (35,0x3A3F3A,0x5175657374696F6E,0x69636F6E5F7175657374696F6E2E676966,15,17,35,1),
 (36,0x3A696465613A,0x49646561,0x69636F6E5F696465612E676966,15,17,36,1),
 (37,0x3A6172726F773A,0x4172726F77,0x69636F6E5F6172726F772E676966,15,17,37,1),
 (38,0x3A7C,0x4E65757472616C,0x69636F6E5F6E65757472616C2E676966,15,17,38,1),
 (39,0x3A2D7C,0x4E65757472616C,0x69636F6E5F6E65757472616C2E676966,15,17,39,1),
 (40,0x3A6D72677265656E3A,0x4D722E20477265656E,0x69636F6E5F6D72677265656E2E676966,15,17,40,1),
 (41,0x3A6765656B3A,0x4765656B,0x69636F6E5F655F6765656B2E676966,17,17,41,1),
 (42,0x3A756765656B3A,0x55626572204765656B,0x69636F6E5F655F756765656B2E676966,17,18,42,1);
/*!40000 ALTER TABLE `phpbb_smilies` ENABLE KEYS */;


--
-- Definition of table `phpbb_styles`
--

DROP TABLE IF EXISTS `phpbb_styles`;
CREATE TABLE `phpbb_styles` (
  `style_id` mediumint(8) unsigned NOT NULL AUTO_INCREMENT,
  `style_name` varchar(255) COLLATE utf8_bin NOT NULL DEFAULT '',
  `style_copyright` varchar(255) COLLATE utf8_bin NOT NULL DEFAULT '',
  `style_active` tinyint(1) unsigned NOT NULL DEFAULT '1',
  `style_path` varchar(100) COLLATE utf8_bin NOT NULL DEFAULT '',
  `bbcode_bitfield` varchar(255) COLLATE utf8_bin NOT NULL DEFAULT 'kNg=',
  `style_parent_id` int(4) unsigned NOT NULL DEFAULT '0',
  `style_parent_tree` text COLLATE utf8_bin NOT NULL,
  PRIMARY KEY (`style_id`),
  UNIQUE KEY `style_name` (`style_name`)
) ENGINE=InnoDB AUTO_INCREMENT=2 DEFAULT CHARSET=utf8 COLLATE=utf8_bin;

--
-- Dumping data for table `phpbb_styles`
--

/*!40000 ALTER TABLE `phpbb_styles` DISABLE KEYS */;
INSERT INTO `phpbb_styles` (`style_id`,`style_name`,`style_copyright`,`style_active`,`style_path`,`bbcode_bitfield`,`style_parent_id`,`style_parent_tree`) VALUES 
 (1,0x70726F73696C766572,0x26636F70793B207068704242204C696D69746564,1,0x70726F73696C766572,0x6B4E673D,0,'');
/*!40000 ALTER TABLE `phpbb_styles` ENABLE KEYS */;


--
-- Definition of table `phpbb_teampage`
--

DROP TABLE IF EXISTS `phpbb_teampage`;
CREATE TABLE `phpbb_teampage` (
  `teampage_id` mediumint(8) unsigned NOT NULL AUTO_INCREMENT,
  `group_id` mediumint(8) unsigned NOT NULL DEFAULT '0',
  `teampage_name` varchar(255) COLLATE utf8_bin NOT NULL DEFAULT '',
  `teampage_position` mediumint(8) unsigned NOT NULL DEFAULT '0',
  `teampage_parent` mediumint(8) unsigned NOT NULL DEFAULT '0',
  PRIMARY KEY (`teampage_id`)
) ENGINE=InnoDB AUTO_INCREMENT=3 DEFAULT CHARSET=utf8 COLLATE=utf8_bin;

--
-- Dumping data for table `phpbb_teampage`
--

/*!40000 ALTER TABLE `phpbb_teampage` DISABLE KEYS */;
INSERT INTO `phpbb_teampage` (`teampage_id`,`group_id`,`teampage_name`,`teampage_position`,`teampage_parent`) VALUES 
 (1,5,'',1,0),
 (2,4,'',2,0);
/*!40000 ALTER TABLE `phpbb_teampage` ENABLE KEYS */;


--
-- Definition of table `phpbb_topics`
--

DROP TABLE IF EXISTS `phpbb_topics`;
CREATE TABLE `phpbb_topics` (
  `topic_id` mediumint(8) unsigned NOT NULL AUTO_INCREMENT,
  `forum_id` mediumint(8) unsigned NOT NULL DEFAULT '0',
  `icon_id` mediumint(8) unsigned NOT NULL DEFAULT '0',
  `topic_attachment` tinyint(1) unsigned NOT NULL DEFAULT '0',
  `topic_reported` tinyint(1) unsigned NOT NULL DEFAULT '0',
  `topic_title` varchar(255) CHARACTER SET utf8 COLLATE utf8_unicode_ci NOT NULL DEFAULT '',
  `topic_poster` mediumint(8) unsigned NOT NULL DEFAULT '0',
  `topic_time` int(11) unsigned NOT NULL DEFAULT '0',
  `topic_time_limit` int(11) unsigned NOT NULL DEFAULT '0',
  `topic_views` mediumint(8) unsigned NOT NULL DEFAULT '0',
  `topic_status` tinyint(3) NOT NULL DEFAULT '0',
  `topic_type` tinyint(3) NOT NULL DEFAULT '0',
  `topic_first_post_id` mediumint(8) unsigned NOT NULL DEFAULT '0',
  `topic_first_poster_name` varchar(255) CHARACTER SET utf8 COLLATE utf8_unicode_ci NOT NULL DEFAULT '',
  `topic_first_poster_colour` varchar(6) COLLATE utf8_bin NOT NULL DEFAULT '',
  `topic_last_post_id` mediumint(8) unsigned NOT NULL DEFAULT '0',
  `topic_last_poster_id` mediumint(8) unsigned NOT NULL DEFAULT '0',
  `topic_last_poster_name` varchar(255) COLLATE utf8_bin NOT NULL DEFAULT '',
  `topic_last_poster_colour` varchar(6) COLLATE utf8_bin NOT NULL DEFAULT '',
  `topic_last_post_subject` varchar(255) COLLATE utf8_bin NOT NULL DEFAULT '',
  `topic_last_post_time` int(11) unsigned NOT NULL DEFAULT '0',
  `topic_last_view_time` int(11) unsigned NOT NULL DEFAULT '0',
  `topic_moved_id` mediumint(8) unsigned NOT NULL DEFAULT '0',
  `topic_bumped` tinyint(1) unsigned NOT NULL DEFAULT '0',
  `topic_bumper` mediumint(8) unsigned NOT NULL DEFAULT '0',
  `poll_title` varchar(255) COLLATE utf8_bin NOT NULL DEFAULT '',
  `poll_start` int(11) unsigned NOT NULL DEFAULT '0',
  `poll_length` int(11) unsigned NOT NULL DEFAULT '0',
  `poll_max_options` tinyint(4) NOT NULL DEFAULT '1',
  `poll_last_vote` int(11) unsigned NOT NULL DEFAULT '0',
  `poll_vote_change` tinyint(1) unsigned NOT NULL DEFAULT '0',
  `topic_visibility` tinyint(3) NOT NULL DEFAULT '0',
  `topic_delete_time` int(11) unsigned NOT NULL DEFAULT '0',
  `topic_delete_reason` varchar(255) COLLATE utf8_bin NOT NULL DEFAULT '',
  `topic_delete_user` mediumint(8) unsigned NOT NULL DEFAULT '0',
  `topic_posts_approved` mediumint(8) unsigned NOT NULL DEFAULT '0',
  `topic_posts_unapproved` mediumint(8) unsigned NOT NULL DEFAULT '0',
  `topic_posts_softdeleted` mediumint(8) unsigned NOT NULL DEFAULT '0',
  PRIMARY KEY (`topic_id`),
  KEY `forum_id` (`forum_id`),
  KEY `forum_id_type` (`forum_id`,`topic_type`),
  KEY `last_post_time` (`topic_last_post_time`),
  KEY `fid_time_moved` (`forum_id`,`topic_last_post_time`,`topic_moved_id`),
  KEY `topic_visibility` (`topic_visibility`),
  KEY `forum_vis_last` (`forum_id`,`topic_visibility`,`topic_last_post_id`)
) ENGINE=InnoDB AUTO_INCREMENT=5 DEFAULT CHARSET=utf8 COLLATE=utf8_bin;

--
-- Dumping data for table `phpbb_topics`
--

/*!40000 ALTER TABLE `phpbb_topics` DISABLE KEYS */;
/*!40000 ALTER TABLE `phpbb_topics` ENABLE KEYS */;


--
-- Definition of table `phpbb_topics_posted`
--

DROP TABLE IF EXISTS `phpbb_topics_posted`;
CREATE TABLE `phpbb_topics_posted` (
  `user_id` mediumint(8) unsigned NOT NULL DEFAULT '0',
  `topic_id` mediumint(8) unsigned NOT NULL DEFAULT '0',
  `topic_posted` tinyint(1) unsigned NOT NULL DEFAULT '0',
  PRIMARY KEY (`user_id`,`topic_id`)
) ENGINE=InnoDB DEFAULT CHARSET=utf8 COLLATE=utf8_bin;

--
-- Dumping data for table `phpbb_topics_posted`
--

/*!40000 ALTER TABLE `phpbb_topics_posted` DISABLE KEYS */;
INSERT INTO `phpbb_topics_posted` (`user_id`,`topic_id`,`topic_posted`) VALUES 
 (2,1,1);
/*!40000 ALTER TABLE `phpbb_topics_posted` ENABLE KEYS */;


--
-- Definition of table `phpbb_topics_track`
--

DROP TABLE IF EXISTS `phpbb_topics_track`;
CREATE TABLE `phpbb_topics_track` (
  `user_id` mediumint(8) unsigned NOT NULL DEFAULT '0',
  `topic_id` mediumint(8) unsigned NOT NULL DEFAULT '0',
  `forum_id` mediumint(8) unsigned NOT NULL DEFAULT '0',
  `mark_time` int(11) unsigned NOT NULL DEFAULT '0',
  PRIMARY KEY (`user_id`,`topic_id`),
  KEY `forum_id` (`forum_id`),
  KEY `topic_id` (`topic_id`)
) ENGINE=InnoDB DEFAULT CHARSET=utf8 COLLATE=utf8_bin;

--
-- Dumping data for table `phpbb_topics_track`
--

/*!40000 ALTER TABLE `phpbb_topics_track` DISABLE KEYS */;
/*!40000 ALTER TABLE `phpbb_topics_track` ENABLE KEYS */;


--
-- Definition of table `phpbb_topics_watch`
--

DROP TABLE IF EXISTS `phpbb_topics_watch`;
CREATE TABLE `phpbb_topics_watch` (
  `topic_id` mediumint(8) unsigned NOT NULL DEFAULT '0',
  `user_id` mediumint(8) unsigned NOT NULL DEFAULT '0',
  `notify_status` tinyint(1) unsigned NOT NULL DEFAULT '0',
  KEY `topic_id` (`topic_id`),
  KEY `user_id` (`user_id`),
  KEY `notify_stat` (`notify_status`)
) ENGINE=InnoDB DEFAULT CHARSET=utf8 COLLATE=utf8_bin;

--
-- Dumping data for table `phpbb_topics_watch`
--

/*!40000 ALTER TABLE `phpbb_topics_watch` DISABLE KEYS */;
/*!40000 ALTER TABLE `phpbb_topics_watch` ENABLE KEYS */;


--
-- Definition of table `phpbb_user_group`
--

DROP TABLE IF EXISTS `phpbb_user_group`;
CREATE TABLE `phpbb_user_group` (
  `group_id` mediumint(8) unsigned NOT NULL DEFAULT '0',
  `user_id` mediumint(8) unsigned NOT NULL DEFAULT '0',
  `group_leader` tinyint(1) unsigned NOT NULL DEFAULT '0',
  `user_pending` tinyint(1) unsigned NOT NULL DEFAULT '1',
  KEY `group_id` (`group_id`),
  KEY `user_id` (`user_id`),
  KEY `group_leader` (`group_leader`)
) ENGINE=InnoDB DEFAULT CHARSET=utf8 COLLATE=utf8_bin;

--
-- Dumping data for table `phpbb_user_group`
--

/*!40000 ALTER TABLE `phpbb_user_group` DISABLE KEYS */;
INSERT INTO `phpbb_user_group` (`group_id`,`user_id`,`group_leader`,`user_pending`) VALUES 
 (1,1,0,0),
 (2,2,0,0),
 (4,2,0,0),
 (5,2,1,0),
 (6,3,0,0),
 (6,4,0,0),
 (6,5,0,0),
 (6,6,0,0),
 (6,7,0,0),
 (6,8,0,0),
 (6,9,0,0),
 (6,10,0,0),
 (6,11,0,0),
 (6,12,0,0),
 (6,13,0,0),
 (6,14,0,0),
 (6,15,0,0),
 (6,16,0,0),
 (6,17,0,0),
 (6,18,0,0),
 (6,19,0,0),
 (6,20,0,0),
 (6,21,0,0),
 (6,22,0,0),
 (6,23,0,0),
 (6,24,0,0),
 (6,25,0,0),
 (6,26,0,0),
 (6,27,0,0),
 (6,28,0,0),
 (6,29,0,0),
 (6,30,0,0),
 (6,31,0,0),
 (6,32,0,0),
 (6,33,0,0),
 (6,34,0,0),
 (6,35,0,0),
 (6,36,0,0),
 (6,37,0,0),
 (6,38,0,0),
 (6,39,0,0),
 (6,40,0,0),
 (6,41,0,0),
 (6,42,0,0),
 (6,43,0,0),
 (6,44,0,0),
 (6,45,0,0),
 (6,46,0,0),
 (6,47,0,0);
/*!40000 ALTER TABLE `phpbb_user_group` ENABLE KEYS */;


--
-- Definition of table `phpbb_user_notifications`
--

DROP TABLE IF EXISTS `phpbb_user_notifications`;
CREATE TABLE `phpbb_user_notifications` (
  `item_type` varchar(255) COLLATE utf8_bin NOT NULL DEFAULT '',
  `item_id` mediumint(8) unsigned NOT NULL DEFAULT '0',
  `user_id` mediumint(8) unsigned NOT NULL DEFAULT '0',
  `method` varchar(255) COLLATE utf8_bin NOT NULL DEFAULT '',
  `notify` tinyint(1) unsigned NOT NULL DEFAULT '1'
) ENGINE=InnoDB DEFAULT CHARSET=utf8 COLLATE=utf8_bin;

--
-- Dumping data for table `phpbb_user_notifications`
--

/*!40000 ALTER TABLE `phpbb_user_notifications` DISABLE KEYS */;
INSERT INTO `phpbb_user_notifications` (`item_type`,`item_id`,`user_id`,`method`,`notify`) VALUES 
 (0x6E6F74696669636174696F6E2E747970652E706F7374,0,2,'',1),
 (0x6E6F74696669636174696F6E2E747970652E706F7374,0,2,0x6E6F74696669636174696F6E2E6D6574686F642E656D61696C,1),
 (0x6E6F74696669636174696F6E2E747970652E746F706963,0,2,'',1),
 (0x6E6F74696669636174696F6E2E747970652E746F706963,0,2,0x6E6F74696669636174696F6E2E6D6574686F642E656D61696C,1),
 (0x6E6F74696669636174696F6E2E747970652E706F7374,0,3,'',1),
 (0x6E6F74696669636174696F6E2E747970652E706F7374,0,3,0x6E6F74696669636174696F6E2E6D6574686F642E656D61696C,1),
 (0x6E6F74696669636174696F6E2E747970652E746F706963,0,3,'',1),
 (0x6E6F74696669636174696F6E2E747970652E746F706963,0,3,0x6E6F74696669636174696F6E2E6D6574686F642E656D61696C,1),
 (0x6E6F74696669636174696F6E2E747970652E706F7374,0,4,'',1),
 (0x6E6F74696669636174696F6E2E747970652E706F7374,0,4,0x6E6F74696669636174696F6E2E6D6574686F642E656D61696C,1),
 (0x6E6F74696669636174696F6E2E747970652E746F706963,0,4,'',1),
 (0x6E6F74696669636174696F6E2E747970652E746F706963,0,4,0x6E6F74696669636174696F6E2E6D6574686F642E656D61696C,1),
 (0x6E6F74696669636174696F6E2E747970652E706F7374,0,5,'',1),
 (0x6E6F74696669636174696F6E2E747970652E706F7374,0,5,0x6E6F74696669636174696F6E2E6D6574686F642E656D61696C,1),
 (0x6E6F74696669636174696F6E2E747970652E746F706963,0,5,'',1),
 (0x6E6F74696669636174696F6E2E747970652E746F706963,0,5,0x6E6F74696669636174696F6E2E6D6574686F642E656D61696C,1),
 (0x6E6F74696669636174696F6E2E747970652E706F7374,0,6,'',1),
 (0x6E6F74696669636174696F6E2E747970652E706F7374,0,6,0x6E6F74696669636174696F6E2E6D6574686F642E656D61696C,1),
 (0x6E6F74696669636174696F6E2E747970652E746F706963,0,6,'',1),
 (0x6E6F74696669636174696F6E2E747970652E746F706963,0,6,0x6E6F74696669636174696F6E2E6D6574686F642E656D61696C,1),
 (0x6E6F74696669636174696F6E2E747970652E706F7374,0,7,'',1),
 (0x6E6F74696669636174696F6E2E747970652E706F7374,0,7,0x6E6F74696669636174696F6E2E6D6574686F642E656D61696C,1),
 (0x6E6F74696669636174696F6E2E747970652E746F706963,0,7,'',1),
 (0x6E6F74696669636174696F6E2E747970652E746F706963,0,7,0x6E6F74696669636174696F6E2E6D6574686F642E656D61696C,1),
 (0x6E6F74696669636174696F6E2E747970652E706F7374,0,8,'',1),
 (0x6E6F74696669636174696F6E2E747970652E706F7374,0,8,0x6E6F74696669636174696F6E2E6D6574686F642E656D61696C,1),
 (0x6E6F74696669636174696F6E2E747970652E746F706963,0,8,'',1),
 (0x6E6F74696669636174696F6E2E747970652E746F706963,0,8,0x6E6F74696669636174696F6E2E6D6574686F642E656D61696C,1),
 (0x6E6F74696669636174696F6E2E747970652E706F7374,0,9,'',1),
 (0x6E6F74696669636174696F6E2E747970652E706F7374,0,9,0x6E6F74696669636174696F6E2E6D6574686F642E656D61696C,1),
 (0x6E6F74696669636174696F6E2E747970652E746F706963,0,9,'',1),
 (0x6E6F74696669636174696F6E2E747970652E746F706963,0,9,0x6E6F74696669636174696F6E2E6D6574686F642E656D61696C,1),
 (0x6E6F74696669636174696F6E2E747970652E706F7374,0,10,'',1),
 (0x6E6F74696669636174696F6E2E747970652E706F7374,0,10,0x6E6F74696669636174696F6E2E6D6574686F642E656D61696C,1),
 (0x6E6F74696669636174696F6E2E747970652E746F706963,0,10,'',1),
 (0x6E6F74696669636174696F6E2E747970652E746F706963,0,10,0x6E6F74696669636174696F6E2E6D6574686F642E656D61696C,1),
 (0x6E6F74696669636174696F6E2E747970652E706F7374,0,11,'',1),
 (0x6E6F74696669636174696F6E2E747970652E706F7374,0,11,0x6E6F74696669636174696F6E2E6D6574686F642E656D61696C,1),
 (0x6E6F74696669636174696F6E2E747970652E746F706963,0,11,'',1),
 (0x6E6F74696669636174696F6E2E747970652E746F706963,0,11,0x6E6F74696669636174696F6E2E6D6574686F642E656D61696C,1),
 (0x6E6F74696669636174696F6E2E747970652E706F7374,0,12,'',1),
 (0x6E6F74696669636174696F6E2E747970652E706F7374,0,12,0x6E6F74696669636174696F6E2E6D6574686F642E656D61696C,1),
 (0x6E6F74696669636174696F6E2E747970652E746F706963,0,12,'',1),
 (0x6E6F74696669636174696F6E2E747970652E746F706963,0,12,0x6E6F74696669636174696F6E2E6D6574686F642E656D61696C,1),
 (0x6E6F74696669636174696F6E2E747970652E706F7374,0,13,'',1),
 (0x6E6F74696669636174696F6E2E747970652E706F7374,0,13,0x6E6F74696669636174696F6E2E6D6574686F642E656D61696C,1),
 (0x6E6F74696669636174696F6E2E747970652E746F706963,0,13,'',1),
 (0x6E6F74696669636174696F6E2E747970652E746F706963,0,13,0x6E6F74696669636174696F6E2E6D6574686F642E656D61696C,1),
 (0x6E6F74696669636174696F6E2E747970652E706F7374,0,14,'',1),
 (0x6E6F74696669636174696F6E2E747970652E706F7374,0,14,0x6E6F74696669636174696F6E2E6D6574686F642E656D61696C,1),
 (0x6E6F74696669636174696F6E2E747970652E746F706963,0,14,'',1),
 (0x6E6F74696669636174696F6E2E747970652E746F706963,0,14,0x6E6F74696669636174696F6E2E6D6574686F642E656D61696C,1),
 (0x6E6F74696669636174696F6E2E747970652E706F7374,0,15,'',1),
 (0x6E6F74696669636174696F6E2E747970652E706F7374,0,15,0x6E6F74696669636174696F6E2E6D6574686F642E656D61696C,1),
 (0x6E6F74696669636174696F6E2E747970652E746F706963,0,15,'',1),
 (0x6E6F74696669636174696F6E2E747970652E746F706963,0,15,0x6E6F74696669636174696F6E2E6D6574686F642E656D61696C,1),
 (0x6E6F74696669636174696F6E2E747970652E706F7374,0,16,'',1),
 (0x6E6F74696669636174696F6E2E747970652E706F7374,0,16,0x6E6F74696669636174696F6E2E6D6574686F642E656D61696C,1),
 (0x6E6F74696669636174696F6E2E747970652E746F706963,0,16,'',1),
 (0x6E6F74696669636174696F6E2E747970652E746F706963,0,16,0x6E6F74696669636174696F6E2E6D6574686F642E656D61696C,1),
 (0x6E6F74696669636174696F6E2E747970652E706F7374,0,17,'',1),
 (0x6E6F74696669636174696F6E2E747970652E706F7374,0,17,0x6E6F74696669636174696F6E2E6D6574686F642E656D61696C,1),
 (0x6E6F74696669636174696F6E2E747970652E746F706963,0,17,'',1),
 (0x6E6F74696669636174696F6E2E747970652E746F706963,0,17,0x6E6F74696669636174696F6E2E6D6574686F642E656D61696C,1),
 (0x6E6F74696669636174696F6E2E747970652E706F7374,0,18,'',1),
 (0x6E6F74696669636174696F6E2E747970652E706F7374,0,18,0x6E6F74696669636174696F6E2E6D6574686F642E656D61696C,1),
 (0x6E6F74696669636174696F6E2E747970652E746F706963,0,18,'',1),
 (0x6E6F74696669636174696F6E2E747970652E746F706963,0,18,0x6E6F74696669636174696F6E2E6D6574686F642E656D61696C,1),
 (0x6E6F74696669636174696F6E2E747970652E706F7374,0,19,'',1),
 (0x6E6F74696669636174696F6E2E747970652E706F7374,0,19,0x6E6F74696669636174696F6E2E6D6574686F642E656D61696C,1),
 (0x6E6F74696669636174696F6E2E747970652E746F706963,0,19,'',1),
 (0x6E6F74696669636174696F6E2E747970652E746F706963,0,19,0x6E6F74696669636174696F6E2E6D6574686F642E656D61696C,1),
 (0x6E6F74696669636174696F6E2E747970652E706F7374,0,20,'',1),
 (0x6E6F74696669636174696F6E2E747970652E706F7374,0,20,0x6E6F74696669636174696F6E2E6D6574686F642E656D61696C,1),
 (0x6E6F74696669636174696F6E2E747970652E746F706963,0,20,'',1),
 (0x6E6F74696669636174696F6E2E747970652E746F706963,0,20,0x6E6F74696669636174696F6E2E6D6574686F642E656D61696C,1),
 (0x6E6F74696669636174696F6E2E747970652E706F7374,0,21,'',1),
 (0x6E6F74696669636174696F6E2E747970652E706F7374,0,21,0x6E6F74696669636174696F6E2E6D6574686F642E656D61696C,1),
 (0x6E6F74696669636174696F6E2E747970652E746F706963,0,21,'',1),
 (0x6E6F74696669636174696F6E2E747970652E746F706963,0,21,0x6E6F74696669636174696F6E2E6D6574686F642E656D61696C,1),
 (0x6E6F74696669636174696F6E2E747970652E706F7374,0,22,'',1),
 (0x6E6F74696669636174696F6E2E747970652E706F7374,0,22,0x6E6F74696669636174696F6E2E6D6574686F642E656D61696C,1),
 (0x6E6F74696669636174696F6E2E747970652E746F706963,0,22,'',1),
 (0x6E6F74696669636174696F6E2E747970652E746F706963,0,22,0x6E6F74696669636174696F6E2E6D6574686F642E656D61696C,1),
 (0x6E6F74696669636174696F6E2E747970652E706F7374,0,23,'',1),
 (0x6E6F74696669636174696F6E2E747970652E706F7374,0,23,0x6E6F74696669636174696F6E2E6D6574686F642E656D61696C,1),
 (0x6E6F74696669636174696F6E2E747970652E746F706963,0,23,'',1),
 (0x6E6F74696669636174696F6E2E747970652E746F706963,0,23,0x6E6F74696669636174696F6E2E6D6574686F642E656D61696C,1),
 (0x6E6F74696669636174696F6E2E747970652E706F7374,0,24,'',1),
 (0x6E6F74696669636174696F6E2E747970652E706F7374,0,24,0x6E6F74696669636174696F6E2E6D6574686F642E656D61696C,1),
 (0x6E6F74696669636174696F6E2E747970652E746F706963,0,24,'',1),
 (0x6E6F74696669636174696F6E2E747970652E746F706963,0,24,0x6E6F74696669636174696F6E2E6D6574686F642E656D61696C,1),
 (0x6E6F74696669636174696F6E2E747970652E706F7374,0,25,'',1),
 (0x6E6F74696669636174696F6E2E747970652E706F7374,0,25,0x6E6F74696669636174696F6E2E6D6574686F642E656D61696C,1),
 (0x6E6F74696669636174696F6E2E747970652E746F706963,0,25,'',1),
 (0x6E6F74696669636174696F6E2E747970652E746F706963,0,25,0x6E6F74696669636174696F6E2E6D6574686F642E656D61696C,1),
 (0x6E6F74696669636174696F6E2E747970652E706F7374,0,26,'',1),
 (0x6E6F74696669636174696F6E2E747970652E706F7374,0,26,0x6E6F74696669636174696F6E2E6D6574686F642E656D61696C,1),
 (0x6E6F74696669636174696F6E2E747970652E746F706963,0,26,'',1),
 (0x6E6F74696669636174696F6E2E747970652E746F706963,0,26,0x6E6F74696669636174696F6E2E6D6574686F642E656D61696C,1),
 (0x6E6F74696669636174696F6E2E747970652E706F7374,0,27,'',1),
 (0x6E6F74696669636174696F6E2E747970652E706F7374,0,27,0x6E6F74696669636174696F6E2E6D6574686F642E656D61696C,1),
 (0x6E6F74696669636174696F6E2E747970652E746F706963,0,27,'',1),
 (0x6E6F74696669636174696F6E2E747970652E746F706963,0,27,0x6E6F74696669636174696F6E2E6D6574686F642E656D61696C,1),
 (0x6E6F74696669636174696F6E2E747970652E706F7374,0,28,'',1),
 (0x6E6F74696669636174696F6E2E747970652E706F7374,0,28,0x6E6F74696669636174696F6E2E6D6574686F642E656D61696C,1),
 (0x6E6F74696669636174696F6E2E747970652E746F706963,0,28,'',1),
 (0x6E6F74696669636174696F6E2E747970652E746F706963,0,28,0x6E6F74696669636174696F6E2E6D6574686F642E656D61696C,1),
 (0x6E6F74696669636174696F6E2E747970652E706F7374,0,29,'',1),
 (0x6E6F74696669636174696F6E2E747970652E706F7374,0,29,0x6E6F74696669636174696F6E2E6D6574686F642E656D61696C,1),
 (0x6E6F74696669636174696F6E2E747970652E746F706963,0,29,'',1),
 (0x6E6F74696669636174696F6E2E747970652E746F706963,0,29,0x6E6F74696669636174696F6E2E6D6574686F642E656D61696C,1),
 (0x6E6F74696669636174696F6E2E747970652E706F7374,0,30,'',1),
 (0x6E6F74696669636174696F6E2E747970652E706F7374,0,30,0x6E6F74696669636174696F6E2E6D6574686F642E656D61696C,1),
 (0x6E6F74696669636174696F6E2E747970652E746F706963,0,30,'',1),
 (0x6E6F74696669636174696F6E2E747970652E746F706963,0,30,0x6E6F74696669636174696F6E2E6D6574686F642E656D61696C,1),
 (0x6E6F74696669636174696F6E2E747970652E706F7374,0,31,'',1),
 (0x6E6F74696669636174696F6E2E747970652E706F7374,0,31,0x6E6F74696669636174696F6E2E6D6574686F642E656D61696C,1),
 (0x6E6F74696669636174696F6E2E747970652E746F706963,0,31,'',1),
 (0x6E6F74696669636174696F6E2E747970652E746F706963,0,31,0x6E6F74696669636174696F6E2E6D6574686F642E656D61696C,1),
 (0x6E6F74696669636174696F6E2E747970652E706F7374,0,32,'',1),
 (0x6E6F74696669636174696F6E2E747970652E706F7374,0,32,0x6E6F74696669636174696F6E2E6D6574686F642E656D61696C,1),
 (0x6E6F74696669636174696F6E2E747970652E746F706963,0,32,'',1),
 (0x6E6F74696669636174696F6E2E747970652E746F706963,0,32,0x6E6F74696669636174696F6E2E6D6574686F642E656D61696C,1),
 (0x6E6F74696669636174696F6E2E747970652E706F7374,0,33,'',1),
 (0x6E6F74696669636174696F6E2E747970652E706F7374,0,33,0x6E6F74696669636174696F6E2E6D6574686F642E656D61696C,1),
 (0x6E6F74696669636174696F6E2E747970652E746F706963,0,33,'',1),
 (0x6E6F74696669636174696F6E2E747970652E746F706963,0,33,0x6E6F74696669636174696F6E2E6D6574686F642E656D61696C,1),
 (0x6E6F74696669636174696F6E2E747970652E706F7374,0,34,'',1),
 (0x6E6F74696669636174696F6E2E747970652E706F7374,0,34,0x6E6F74696669636174696F6E2E6D6574686F642E656D61696C,1),
 (0x6E6F74696669636174696F6E2E747970652E746F706963,0,34,'',1),
 (0x6E6F74696669636174696F6E2E747970652E746F706963,0,34,0x6E6F74696669636174696F6E2E6D6574686F642E656D61696C,1),
 (0x6E6F74696669636174696F6E2E747970652E706F7374,0,35,'',1),
 (0x6E6F74696669636174696F6E2E747970652E706F7374,0,35,0x6E6F74696669636174696F6E2E6D6574686F642E656D61696C,1),
 (0x6E6F74696669636174696F6E2E747970652E746F706963,0,35,'',1),
 (0x6E6F74696669636174696F6E2E747970652E746F706963,0,35,0x6E6F74696669636174696F6E2E6D6574686F642E656D61696C,1),
 (0x6E6F74696669636174696F6E2E747970652E706F7374,0,36,'',1),
 (0x6E6F74696669636174696F6E2E747970652E706F7374,0,36,0x6E6F74696669636174696F6E2E6D6574686F642E656D61696C,1),
 (0x6E6F74696669636174696F6E2E747970652E746F706963,0,36,'',1),
 (0x6E6F74696669636174696F6E2E747970652E746F706963,0,36,0x6E6F74696669636174696F6E2E6D6574686F642E656D61696C,1),
 (0x6E6F74696669636174696F6E2E747970652E706F7374,0,37,'',1),
 (0x6E6F74696669636174696F6E2E747970652E706F7374,0,37,0x6E6F74696669636174696F6E2E6D6574686F642E656D61696C,1),
 (0x6E6F74696669636174696F6E2E747970652E746F706963,0,37,'',1),
 (0x6E6F74696669636174696F6E2E747970652E746F706963,0,37,0x6E6F74696669636174696F6E2E6D6574686F642E656D61696C,1),
 (0x6E6F74696669636174696F6E2E747970652E706F7374,0,38,'',1),
 (0x6E6F74696669636174696F6E2E747970652E706F7374,0,38,0x6E6F74696669636174696F6E2E6D6574686F642E656D61696C,1),
 (0x6E6F74696669636174696F6E2E747970652E746F706963,0,38,'',1),
 (0x6E6F74696669636174696F6E2E747970652E746F706963,0,38,0x6E6F74696669636174696F6E2E6D6574686F642E656D61696C,1),
 (0x6E6F74696669636174696F6E2E747970652E706F7374,0,39,'',1),
 (0x6E6F74696669636174696F6E2E747970652E706F7374,0,39,0x6E6F74696669636174696F6E2E6D6574686F642E656D61696C,1),
 (0x6E6F74696669636174696F6E2E747970652E746F706963,0,39,'',1),
 (0x6E6F74696669636174696F6E2E747970652E746F706963,0,39,0x6E6F74696669636174696F6E2E6D6574686F642E656D61696C,1),
 (0x6E6F74696669636174696F6E2E747970652E706F7374,0,40,'',1),
 (0x6E6F74696669636174696F6E2E747970652E706F7374,0,40,0x6E6F74696669636174696F6E2E6D6574686F642E656D61696C,1),
 (0x6E6F74696669636174696F6E2E747970652E746F706963,0,40,'',1),
 (0x6E6F74696669636174696F6E2E747970652E746F706963,0,40,0x6E6F74696669636174696F6E2E6D6574686F642E656D61696C,1),
 (0x6E6F74696669636174696F6E2E747970652E706F7374,0,41,'',1),
 (0x6E6F74696669636174696F6E2E747970652E706F7374,0,41,0x6E6F74696669636174696F6E2E6D6574686F642E656D61696C,1),
 (0x6E6F74696669636174696F6E2E747970652E746F706963,0,41,'',1),
 (0x6E6F74696669636174696F6E2E747970652E746F706963,0,41,0x6E6F74696669636174696F6E2E6D6574686F642E656D61696C,1),
 (0x6E6F74696669636174696F6E2E747970652E706F7374,0,42,'',1),
 (0x6E6F74696669636174696F6E2E747970652E706F7374,0,42,0x6E6F74696669636174696F6E2E6D6574686F642E656D61696C,1),
 (0x6E6F74696669636174696F6E2E747970652E746F706963,0,42,'',1),
 (0x6E6F74696669636174696F6E2E747970652E746F706963,0,42,0x6E6F74696669636174696F6E2E6D6574686F642E656D61696C,1),
 (0x6E6F74696669636174696F6E2E747970652E706F7374,0,43,'',1),
 (0x6E6F74696669636174696F6E2E747970652E706F7374,0,43,0x6E6F74696669636174696F6E2E6D6574686F642E656D61696C,1),
 (0x6E6F74696669636174696F6E2E747970652E746F706963,0,43,'',1),
 (0x6E6F74696669636174696F6E2E747970652E746F706963,0,43,0x6E6F74696669636174696F6E2E6D6574686F642E656D61696C,1),
 (0x6E6F74696669636174696F6E2E747970652E706F7374,0,44,'',1),
 (0x6E6F74696669636174696F6E2E747970652E706F7374,0,44,0x6E6F74696669636174696F6E2E6D6574686F642E656D61696C,1),
 (0x6E6F74696669636174696F6E2E747970652E746F706963,0,44,'',1),
 (0x6E6F74696669636174696F6E2E747970652E746F706963,0,44,0x6E6F74696669636174696F6E2E6D6574686F642E656D61696C,1),
 (0x6E6F74696669636174696F6E2E747970652E706F7374,0,45,'',1),
 (0x6E6F74696669636174696F6E2E747970652E706F7374,0,45,0x6E6F74696669636174696F6E2E6D6574686F642E656D61696C,1),
 (0x6E6F74696669636174696F6E2E747970652E746F706963,0,45,'',1),
 (0x6E6F74696669636174696F6E2E747970652E746F706963,0,45,0x6E6F74696669636174696F6E2E6D6574686F642E656D61696C,1),
 (0x6E6F74696669636174696F6E2E747970652E706F7374,0,46,'',1),
 (0x6E6F74696669636174696F6E2E747970652E706F7374,0,46,0x6E6F74696669636174696F6E2E6D6574686F642E656D61696C,1),
 (0x6E6F74696669636174696F6E2E747970652E746F706963,0,46,'',1),
 (0x6E6F74696669636174696F6E2E747970652E746F706963,0,46,0x6E6F74696669636174696F6E2E6D6574686F642E656D61696C,1),
 (0x6E6F74696669636174696F6E2E747970652E706F7374,0,47,'',1),
 (0x6E6F74696669636174696F6E2E747970652E706F7374,0,47,0x6E6F74696669636174696F6E2E6D6574686F642E656D61696C,1),
 (0x6E6F74696669636174696F6E2E747970652E746F706963,0,47,'',1),
 (0x6E6F74696669636174696F6E2E747970652E746F706963,0,47,0x6E6F74696669636174696F6E2E6D6574686F642E656D61696C,1),
 (0x6E6F74696669636174696F6E2E747970652E706F7374,0,48,'',1),
 (0x6E6F74696669636174696F6E2E747970652E706F7374,0,48,0x6E6F74696669636174696F6E2E6D6574686F642E656D61696C,1),
 (0x6E6F74696669636174696F6E2E747970652E746F706963,0,48,'',1),
 (0x6E6F74696669636174696F6E2E747970652E746F706963,0,48,0x6E6F74696669636174696F6E2E6D6574686F642E656D61696C,1),
 (0x6E6F74696669636174696F6E2E747970652E706F7374,0,49,'',1),
 (0x6E6F74696669636174696F6E2E747970652E706F7374,0,49,0x6E6F74696669636174696F6E2E6D6574686F642E656D61696C,1),
 (0x6E6F74696669636174696F6E2E747970652E746F706963,0,49,'',1),
 (0x6E6F74696669636174696F6E2E747970652E746F706963,0,49,0x6E6F74696669636174696F6E2E6D6574686F642E656D61696C,1),
 (0x6E6F74696669636174696F6E2E747970652E706F7374,0,50,'',1),
 (0x6E6F74696669636174696F6E2E747970652E706F7374,0,50,0x6E6F74696669636174696F6E2E6D6574686F642E656D61696C,1),
 (0x6E6F74696669636174696F6E2E747970652E746F706963,0,50,'',1),
 (0x6E6F74696669636174696F6E2E747970652E746F706963,0,50,0x6E6F74696669636174696F6E2E6D6574686F642E656D61696C,1),
 (0x6E6F74696669636174696F6E2E747970652E706F7374,0,51,'',1),
 (0x6E6F74696669636174696F6E2E747970652E706F7374,0,51,0x6E6F74696669636174696F6E2E6D6574686F642E656D61696C,1),
 (0x6E6F74696669636174696F6E2E747970652E746F706963,0,51,'',1),
 (0x6E6F74696669636174696F6E2E747970652E746F706963,0,51,0x6E6F74696669636174696F6E2E6D6574686F642E656D61696C,1),
 (0x6E6F74696669636174696F6E2E747970652E706F7374,0,52,'',1),
 (0x6E6F74696669636174696F6E2E747970652E706F7374,0,52,0x6E6F74696669636174696F6E2E6D6574686F642E656D61696C,1),
 (0x6E6F74696669636174696F6E2E747970652E746F706963,0,52,'',1),
 (0x6E6F74696669636174696F6E2E747970652E746F706963,0,52,0x6E6F74696669636174696F6E2E6D6574686F642E656D61696C,1),
 (0x6E6F74696669636174696F6E2E747970652E706F7374,0,53,'',1),
 (0x6E6F74696669636174696F6E2E747970652E706F7374,0,53,0x6E6F74696669636174696F6E2E6D6574686F642E656D61696C,1),
 (0x6E6F74696669636174696F6E2E747970652E746F706963,0,53,'',1),
 (0x6E6F74696669636174696F6E2E747970652E746F706963,0,53,0x6E6F74696669636174696F6E2E6D6574686F642E656D61696C,1),
 (0x6E6F74696669636174696F6E2E747970652E706F7374,0,54,'',1),
 (0x6E6F74696669636174696F6E2E747970652E706F7374,0,54,0x6E6F74696669636174696F6E2E6D6574686F642E656D61696C,1),
 (0x6E6F74696669636174696F6E2E747970652E746F706963,0,54,'',1),
 (0x6E6F74696669636174696F6E2E747970652E746F706963,0,54,0x6E6F74696669636174696F6E2E6D6574686F642E656D61696C,1),
 (0x6E6F74696669636174696F6E2E747970652E706F7374,0,55,'',1),
 (0x6E6F74696669636174696F6E2E747970652E706F7374,0,55,0x6E6F74696669636174696F6E2E6D6574686F642E656D61696C,1),
 (0x6E6F74696669636174696F6E2E747970652E746F706963,0,55,'',1),
 (0x6E6F74696669636174696F6E2E747970652E746F706963,0,55,0x6E6F74696669636174696F6E2E6D6574686F642E656D61696C,1),
 (0x6E6F74696669636174696F6E2E747970652E706F7374,0,56,'',1),
 (0x6E6F74696669636174696F6E2E747970652E706F7374,0,56,0x6E6F74696669636174696F6E2E6D6574686F642E656D61696C,1),
 (0x6E6F74696669636174696F6E2E747970652E746F706963,0,56,'',1),
 (0x6E6F74696669636174696F6E2E747970652E746F706963,0,56,0x6E6F74696669636174696F6E2E6D6574686F642E656D61696C,1),
 (0x6E6F74696669636174696F6E2E747970652E706F7374,0,57,'',1),
 (0x6E6F74696669636174696F6E2E747970652E706F7374,0,57,0x6E6F74696669636174696F6E2E6D6574686F642E656D61696C,1),
 (0x6E6F74696669636174696F6E2E747970652E746F706963,0,57,'',1),
 (0x6E6F74696669636174696F6E2E747970652E746F706963,0,57,0x6E6F74696669636174696F6E2E6D6574686F642E656D61696C,1),
 (0x6E6F74696669636174696F6E2E747970652E706F7374,0,59,'',1),
 (0x6E6F74696669636174696F6E2E747970652E706F7374,0,59,0x6E6F74696669636174696F6E2E6D6574686F642E656D61696C,1),
 (0x6E6F74696669636174696F6E2E747970652E746F706963,0,59,'',1),
 (0x6E6F74696669636174696F6E2E747970652E746F706963,0,59,0x6E6F74696669636174696F6E2E6D6574686F642E656D61696C,1),
 (0x6E6F74696669636174696F6E2E747970652E706F7374,0,60,'',1),
 (0x6E6F74696669636174696F6E2E747970652E706F7374,0,60,0x6E6F74696669636174696F6E2E6D6574686F642E656D61696C,1),
 (0x6E6F74696669636174696F6E2E747970652E746F706963,0,60,'',1),
 (0x6E6F74696669636174696F6E2E747970652E746F706963,0,60,0x6E6F74696669636174696F6E2E6D6574686F642E656D61696C,1),
 (0x6E6F74696669636174696F6E2E747970652E706F7374,0,61,'',1),
 (0x6E6F74696669636174696F6E2E747970652E706F7374,0,61,0x6E6F74696669636174696F6E2E6D6574686F642E656D61696C,1),
 (0x6E6F74696669636174696F6E2E747970652E746F706963,0,61,'',1),
 (0x6E6F74696669636174696F6E2E747970652E746F706963,0,61,0x6E6F74696669636174696F6E2E6D6574686F642E656D61696C,1),
 (0x6E6F74696669636174696F6E2E747970652E706F7374,0,63,'',1),
 (0x6E6F74696669636174696F6E2E747970652E706F7374,0,63,0x6E6F74696669636174696F6E2E6D6574686F642E656D61696C,1),
 (0x6E6F74696669636174696F6E2E747970652E746F706963,0,63,'',1),
 (0x6E6F74696669636174696F6E2E747970652E746F706963,0,63,0x6E6F74696669636174696F6E2E6D6574686F642E656D61696C,1),
 (0x6E6F74696669636174696F6E2E747970652E706F7374,0,64,'',1),
 (0x6E6F74696669636174696F6E2E747970652E706F7374,0,64,0x6E6F74696669636174696F6E2E6D6574686F642E656D61696C,1),
 (0x6E6F74696669636174696F6E2E747970652E746F706963,0,64,'',1),
 (0x6E6F74696669636174696F6E2E747970652E746F706963,0,64,0x6E6F74696669636174696F6E2E6D6574686F642E656D61696C,1),
 (0x6E6F74696669636174696F6E2E747970652E706F7374,0,66,'',1),
 (0x6E6F74696669636174696F6E2E747970652E706F7374,0,66,0x6E6F74696669636174696F6E2E6D6574686F642E656D61696C,1),
 (0x6E6F74696669636174696F6E2E747970652E746F706963,0,66,'',1),
 (0x6E6F74696669636174696F6E2E747970652E746F706963,0,66,0x6E6F74696669636174696F6E2E6D6574686F642E656D61696C,1),
 (0x6E6F74696669636174696F6E2E747970652E706F7374,0,67,'',1),
 (0x6E6F74696669636174696F6E2E747970652E706F7374,0,67,0x6E6F74696669636174696F6E2E6D6574686F642E656D61696C,1),
 (0x6E6F74696669636174696F6E2E747970652E746F706963,0,67,'',1),
 (0x6E6F74696669636174696F6E2E747970652E746F706963,0,67,0x6E6F74696669636174696F6E2E6D6574686F642E656D61696C,1),
 (0x6E6F74696669636174696F6E2E747970652E706F7374,0,68,'',1),
 (0x6E6F74696669636174696F6E2E747970652E706F7374,0,68,0x6E6F74696669636174696F6E2E6D6574686F642E656D61696C,1),
 (0x6E6F74696669636174696F6E2E747970652E746F706963,0,68,'',1),
 (0x6E6F74696669636174696F6E2E747970652E746F706963,0,68,0x6E6F74696669636174696F6E2E6D6574686F642E656D61696C,1),
 (0x6E6F74696669636174696F6E2E747970652E706F7374,0,69,'',1),
 (0x6E6F74696669636174696F6E2E747970652E706F7374,0,69,0x6E6F74696669636174696F6E2E6D6574686F642E656D61696C,1),
 (0x6E6F74696669636174696F6E2E747970652E746F706963,0,69,'',1),
 (0x6E6F74696669636174696F6E2E747970652E746F706963,0,69,0x6E6F74696669636174696F6E2E6D6574686F642E656D61696C,1),
 (0x6E6F74696669636174696F6E2E747970652E706F7374,0,70,'',1),
 (0x6E6F74696669636174696F6E2E747970652E706F7374,0,70,0x6E6F74696669636174696F6E2E6D6574686F642E656D61696C,1),
 (0x6E6F74696669636174696F6E2E747970652E746F706963,0,70,'',1),
 (0x6E6F74696669636174696F6E2E747970652E746F706963,0,70,0x6E6F74696669636174696F6E2E6D6574686F642E656D61696C,1),
 (0x6E6F74696669636174696F6E2E747970652E706F7374,0,71,'',1),
 (0x6E6F74696669636174696F6E2E747970652E706F7374,0,71,0x6E6F74696669636174696F6E2E6D6574686F642E656D61696C,1),
 (0x6E6F74696669636174696F6E2E747970652E746F706963,0,71,'',1),
 (0x6E6F74696669636174696F6E2E747970652E746F706963,0,71,0x6E6F74696669636174696F6E2E6D6574686F642E656D61696C,1),
 (0x6E6F74696669636174696F6E2E747970652E706F7374,0,72,'',1),
 (0x6E6F74696669636174696F6E2E747970652E706F7374,0,72,0x6E6F74696669636174696F6E2E6D6574686F642E656D61696C,1),
 (0x6E6F74696669636174696F6E2E747970652E746F706963,0,72,'',1),
 (0x6E6F74696669636174696F6E2E747970652E746F706963,0,72,0x6E6F74696669636174696F6E2E6D6574686F642E656D61696C,1),
 (0x6E6F74696669636174696F6E2E747970652E706F7374,0,73,'',1),
 (0x6E6F74696669636174696F6E2E747970652E706F7374,0,73,0x6E6F74696669636174696F6E2E6D6574686F642E656D61696C,1),
 (0x6E6F74696669636174696F6E2E747970652E746F706963,0,73,'',1),
 (0x6E6F74696669636174696F6E2E747970652E746F706963,0,73,0x6E6F74696669636174696F6E2E6D6574686F642E656D61696C,1),
 (0x6E6F74696669636174696F6E2E747970652E706F7374,0,74,'',1),
 (0x6E6F74696669636174696F6E2E747970652E706F7374,0,74,0x6E6F74696669636174696F6E2E6D6574686F642E656D61696C,1),
 (0x6E6F74696669636174696F6E2E747970652E746F706963,0,74,'',1),
 (0x6E6F74696669636174696F6E2E747970652E746F706963,0,74,0x6E6F74696669636174696F6E2E6D6574686F642E656D61696C,1),
 (0x6E6F74696669636174696F6E2E747970652E706F7374,0,75,'',1),
 (0x6E6F74696669636174696F6E2E747970652E706F7374,0,75,0x6E6F74696669636174696F6E2E6D6574686F642E656D61696C,1),
 (0x6E6F74696669636174696F6E2E747970652E746F706963,0,75,'',1),
 (0x6E6F74696669636174696F6E2E747970652E746F706963,0,75,0x6E6F74696669636174696F6E2E6D6574686F642E656D61696C,1),
 (0x6E6F74696669636174696F6E2E747970652E706F7374,0,76,'',1),
 (0x6E6F74696669636174696F6E2E747970652E706F7374,0,76,0x6E6F74696669636174696F6E2E6D6574686F642E656D61696C,1),
 (0x6E6F74696669636174696F6E2E747970652E746F706963,0,76,'',1),
 (0x6E6F74696669636174696F6E2E747970652E746F706963,0,76,0x6E6F74696669636174696F6E2E6D6574686F642E656D61696C,1),
 (0x6E6F74696669636174696F6E2E747970652E706F7374,0,77,'',1),
 (0x6E6F74696669636174696F6E2E747970652E706F7374,0,77,0x6E6F74696669636174696F6E2E6D6574686F642E656D61696C,1),
 (0x6E6F74696669636174696F6E2E747970652E746F706963,0,77,'',1),
 (0x6E6F74696669636174696F6E2E747970652E746F706963,0,77,0x6E6F74696669636174696F6E2E6D6574686F642E656D61696C,1),
 (0x6E6F74696669636174696F6E2E747970652E706F7374,0,78,'',1),
 (0x6E6F74696669636174696F6E2E747970652E706F7374,0,78,0x6E6F74696669636174696F6E2E6D6574686F642E656D61696C,1),
 (0x6E6F74696669636174696F6E2E747970652E746F706963,0,78,'',1),
 (0x6E6F74696669636174696F6E2E747970652E746F706963,0,78,0x6E6F74696669636174696F6E2E6D6574686F642E656D61696C,1),
 (0x6E6F74696669636174696F6E2E747970652E706F7374,0,79,'',1),
 (0x6E6F74696669636174696F6E2E747970652E706F7374,0,79,0x6E6F74696669636174696F6E2E6D6574686F642E656D61696C,1),
 (0x6E6F74696669636174696F6E2E747970652E746F706963,0,79,'',1),
 (0x6E6F74696669636174696F6E2E747970652E746F706963,0,79,0x6E6F74696669636174696F6E2E6D6574686F642E656D61696C,1),
 (0x6E6F74696669636174696F6E2E747970652E706F7374,0,80,'',1),
 (0x6E6F74696669636174696F6E2E747970652E706F7374,0,80,0x6E6F74696669636174696F6E2E6D6574686F642E656D61696C,1),
 (0x6E6F74696669636174696F6E2E747970652E746F706963,0,80,'',1),
 (0x6E6F74696669636174696F6E2E747970652E746F706963,0,80,0x6E6F74696669636174696F6E2E6D6574686F642E656D61696C,1),
 (0x6E6F74696669636174696F6E2E747970652E706F7374,0,81,'',1),
 (0x6E6F74696669636174696F6E2E747970652E706F7374,0,81,0x6E6F74696669636174696F6E2E6D6574686F642E656D61696C,1),
 (0x6E6F74696669636174696F6E2E747970652E746F706963,0,81,'',1),
 (0x6E6F74696669636174696F6E2E747970652E746F706963,0,81,0x6E6F74696669636174696F6E2E6D6574686F642E656D61696C,1),
 (0x6E6F74696669636174696F6E2E747970652E706F7374,0,82,'',1),
 (0x6E6F74696669636174696F6E2E747970652E706F7374,0,82,0x6E6F74696669636174696F6E2E6D6574686F642E656D61696C,1),
 (0x6E6F74696669636174696F6E2E747970652E746F706963,0,82,'',1),
 (0x6E6F74696669636174696F6E2E747970652E746F706963,0,82,0x6E6F74696669636174696F6E2E6D6574686F642E656D61696C,1),
 (0x6E6F74696669636174696F6E2E747970652E706F7374,0,83,'',1),
 (0x6E6F74696669636174696F6E2E747970652E706F7374,0,83,0x6E6F74696669636174696F6E2E6D6574686F642E656D61696C,1),
 (0x6E6F74696669636174696F6E2E747970652E746F706963,0,83,'',1),
 (0x6E6F74696669636174696F6E2E747970652E746F706963,0,83,0x6E6F74696669636174696F6E2E6D6574686F642E656D61696C,1),
 (0x6E6F74696669636174696F6E2E747970652E706F7374,0,84,'',1),
 (0x6E6F74696669636174696F6E2E747970652E706F7374,0,84,0x6E6F74696669636174696F6E2E6D6574686F642E656D61696C,1),
 (0x6E6F74696669636174696F6E2E747970652E746F706963,0,84,'',1),
 (0x6E6F74696669636174696F6E2E747970652E746F706963,0,84,0x6E6F74696669636174696F6E2E6D6574686F642E656D61696C,1),
 (0x6E6F74696669636174696F6E2E747970652E706F7374,0,85,'',1),
 (0x6E6F74696669636174696F6E2E747970652E706F7374,0,85,0x6E6F74696669636174696F6E2E6D6574686F642E656D61696C,1),
 (0x6E6F74696669636174696F6E2E747970652E746F706963,0,85,'',1),
 (0x6E6F74696669636174696F6E2E747970652E746F706963,0,85,0x6E6F74696669636174696F6E2E6D6574686F642E656D61696C,1),
 (0x6E6F74696669636174696F6E2E747970652E706F7374,0,86,'',1),
 (0x6E6F74696669636174696F6E2E747970652E706F7374,0,86,0x6E6F74696669636174696F6E2E6D6574686F642E656D61696C,1),
 (0x6E6F74696669636174696F6E2E747970652E746F706963,0,86,'',1),
 (0x6E6F74696669636174696F6E2E747970652E746F706963,0,86,0x6E6F74696669636174696F6E2E6D6574686F642E656D61696C,1),
 (0x6E6F74696669636174696F6E2E747970652E706F7374,0,87,'',1),
 (0x6E6F74696669636174696F6E2E747970652E706F7374,0,87,0x6E6F74696669636174696F6E2E6D6574686F642E656D61696C,1),
 (0x6E6F74696669636174696F6E2E747970652E746F706963,0,87,'',1),
 (0x6E6F74696669636174696F6E2E747970652E746F706963,0,87,0x6E6F74696669636174696F6E2E6D6574686F642E656D61696C,1),
 (0x6E6F74696669636174696F6E2E747970652E706F7374,0,88,'',1),
 (0x6E6F74696669636174696F6E2E747970652E706F7374,0,88,0x6E6F74696669636174696F6E2E6D6574686F642E656D61696C,1),
 (0x6E6F74696669636174696F6E2E747970652E746F706963,0,88,'',1),
 (0x6E6F74696669636174696F6E2E747970652E746F706963,0,88,0x6E6F74696669636174696F6E2E6D6574686F642E656D61696C,1),
 (0x6E6F74696669636174696F6E2E747970652E706F7374,0,89,'',1),
 (0x6E6F74696669636174696F6E2E747970652E706F7374,0,89,0x6E6F74696669636174696F6E2E6D6574686F642E656D61696C,1),
 (0x6E6F74696669636174696F6E2E747970652E746F706963,0,89,'',1),
 (0x6E6F74696669636174696F6E2E747970652E746F706963,0,89,0x6E6F74696669636174696F6E2E6D6574686F642E656D61696C,1),
 (0x6E6F74696669636174696F6E2E747970652E706F7374,0,90,'',1),
 (0x6E6F74696669636174696F6E2E747970652E706F7374,0,90,0x6E6F74696669636174696F6E2E6D6574686F642E656D61696C,1),
 (0x6E6F74696669636174696F6E2E747970652E746F706963,0,90,'',1),
 (0x6E6F74696669636174696F6E2E747970652E746F706963,0,90,0x6E6F74696669636174696F6E2E6D6574686F642E656D61696C,1),
 (0x6E6F74696669636174696F6E2E747970652E706F7374,0,91,'',1),
 (0x6E6F74696669636174696F6E2E747970652E706F7374,0,91,0x6E6F74696669636174696F6E2E6D6574686F642E656D61696C,1),
 (0x6E6F74696669636174696F6E2E747970652E746F706963,0,91,'',1),
 (0x6E6F74696669636174696F6E2E747970652E746F706963,0,91,0x6E6F74696669636174696F6E2E6D6574686F642E656D61696C,1),
 (0x6E6F74696669636174696F6E2E747970652E706F7374,0,92,'',1),
 (0x6E6F74696669636174696F6E2E747970652E706F7374,0,92,0x6E6F74696669636174696F6E2E6D6574686F642E656D61696C,1),
 (0x6E6F74696669636174696F6E2E747970652E746F706963,0,92,'',1),
 (0x6E6F74696669636174696F6E2E747970652E746F706963,0,92,0x6E6F74696669636174696F6E2E6D6574686F642E656D61696C,1),
 (0x6E6F74696669636174696F6E2E747970652E706F7374,0,93,'',1),
 (0x6E6F74696669636174696F6E2E747970652E706F7374,0,93,0x6E6F74696669636174696F6E2E6D6574686F642E656D61696C,1),
 (0x6E6F74696669636174696F6E2E747970652E746F706963,0,93,'',1),
 (0x6E6F74696669636174696F6E2E747970652E746F706963,0,93,0x6E6F74696669636174696F6E2E6D6574686F642E656D61696C,1),
 (0x6E6F74696669636174696F6E2E747970652E706F7374,0,94,'',1),
 (0x6E6F74696669636174696F6E2E747970652E706F7374,0,94,0x6E6F74696669636174696F6E2E6D6574686F642E656D61696C,1),
 (0x6E6F74696669636174696F6E2E747970652E746F706963,0,94,'',1),
 (0x6E6F74696669636174696F6E2E747970652E746F706963,0,94,0x6E6F74696669636174696F6E2E6D6574686F642E656D61696C,1),
 (0x6E6F74696669636174696F6E2E747970652E706F7374,0,95,'',1),
 (0x6E6F74696669636174696F6E2E747970652E706F7374,0,95,0x6E6F74696669636174696F6E2E6D6574686F642E656D61696C,1),
 (0x6E6F74696669636174696F6E2E747970652E746F706963,0,95,'',1),
 (0x6E6F74696669636174696F6E2E747970652E746F706963,0,95,0x6E6F74696669636174696F6E2E6D6574686F642E656D61696C,1),
 (0x6E6F74696669636174696F6E2E747970652E706F7374,0,96,'',1),
 (0x6E6F74696669636174696F6E2E747970652E706F7374,0,96,0x6E6F74696669636174696F6E2E6D6574686F642E656D61696C,1),
 (0x6E6F74696669636174696F6E2E747970652E746F706963,0,96,'',1),
 (0x6E6F74696669636174696F6E2E747970652E746F706963,0,96,0x6E6F74696669636174696F6E2E6D6574686F642E656D61696C,1),
 (0x6E6F74696669636174696F6E2E747970652E706F7374,0,97,'',1),
 (0x6E6F74696669636174696F6E2E747970652E706F7374,0,97,0x6E6F74696669636174696F6E2E6D6574686F642E656D61696C,1),
 (0x6E6F74696669636174696F6E2E747970652E746F706963,0,97,'',1),
 (0x6E6F74696669636174696F6E2E747970652E746F706963,0,97,0x6E6F74696669636174696F6E2E6D6574686F642E656D61696C,1),
 (0x6E6F74696669636174696F6E2E747970652E706F7374,0,98,'',1),
 (0x6E6F74696669636174696F6E2E747970652E706F7374,0,98,0x6E6F74696669636174696F6E2E6D6574686F642E656D61696C,1),
 (0x6E6F74696669636174696F6E2E747970652E746F706963,0,98,'',1),
 (0x6E6F74696669636174696F6E2E747970652E746F706963,0,98,0x6E6F74696669636174696F6E2E6D6574686F642E656D61696C,1),
 (0x6E6F74696669636174696F6E2E747970652E706F7374,0,99,'',1),
 (0x6E6F74696669636174696F6E2E747970652E706F7374,0,99,0x6E6F74696669636174696F6E2E6D6574686F642E656D61696C,1),
 (0x6E6F74696669636174696F6E2E747970652E746F706963,0,99,'',1),
 (0x6E6F74696669636174696F6E2E747970652E746F706963,0,99,0x6E6F74696669636174696F6E2E6D6574686F642E656D61696C,1),
 (0x6E6F74696669636174696F6E2E747970652E706F7374,0,100,'',1),
 (0x6E6F74696669636174696F6E2E747970652E706F7374,0,100,0x6E6F74696669636174696F6E2E6D6574686F642E656D61696C,1),
 (0x6E6F74696669636174696F6E2E747970652E746F706963,0,100,'',1),
 (0x6E6F74696669636174696F6E2E747970652E746F706963,0,100,0x6E6F74696669636174696F6E2E6D6574686F642E656D61696C,1),
 (0x6E6F74696669636174696F6E2E747970652E706F7374,0,101,'',1),
 (0x6E6F74696669636174696F6E2E747970652E706F7374,0,101,0x6E6F74696669636174696F6E2E6D6574686F642E656D61696C,1),
 (0x6E6F74696669636174696F6E2E747970652E746F706963,0,101,'',1),
 (0x6E6F74696669636174696F6E2E747970652E746F706963,0,101,0x6E6F74696669636174696F6E2E6D6574686F642E656D61696C,1),
 (0x6E6F74696669636174696F6E2E747970652E706F7374,0,102,'',1),
 (0x6E6F74696669636174696F6E2E747970652E706F7374,0,102,0x6E6F74696669636174696F6E2E6D6574686F642E656D61696C,1),
 (0x6E6F74696669636174696F6E2E747970652E746F706963,0,102,'',1),
 (0x6E6F74696669636174696F6E2E747970652E746F706963,0,102,0x6E6F74696669636174696F6E2E6D6574686F642E656D61696C,1),
 (0x6E6F74696669636174696F6E2E747970652E706F7374,0,103,'',1),
 (0x6E6F74696669636174696F6E2E747970652E706F7374,0,103,0x6E6F74696669636174696F6E2E6D6574686F642E656D61696C,1),
 (0x6E6F74696669636174696F6E2E747970652E746F706963,0,103,'',1),
 (0x6E6F74696669636174696F6E2E747970652E746F706963,0,103,0x6E6F74696669636174696F6E2E6D6574686F642E656D61696C,1);
/*!40000 ALTER TABLE `phpbb_user_notifications` ENABLE KEYS */;


--
-- Definition of table `phpbb_users`
--

DROP TABLE IF EXISTS `phpbb_users`;
CREATE TABLE `phpbb_users` (
  `user_id` mediumint(8) unsigned NOT NULL AUTO_INCREMENT,
  `user_type` tinyint(2) NOT NULL DEFAULT '0',
  `group_id` mediumint(8) unsigned NOT NULL DEFAULT '3',
  `user_permissions` mediumtext COLLATE utf8_bin NOT NULL,
  `user_perm_from` mediumint(8) unsigned NOT NULL DEFAULT '0',
  `user_ip` varchar(40) COLLATE utf8_bin NOT NULL DEFAULT '',
  `user_regdate` int(11) unsigned NOT NULL DEFAULT '0',
  `username` varchar(255) COLLATE utf8_bin NOT NULL DEFAULT '',
  `username_clean` varchar(255) COLLATE utf8_bin NOT NULL DEFAULT '',
  `user_password` varchar(255) COLLATE utf8_bin NOT NULL DEFAULT '',
  `user_passchg` int(11) unsigned NOT NULL DEFAULT '0',
  `user_email` varchar(100) COLLATE utf8_bin NOT NULL DEFAULT '',
  `user_email_hash` bigint(20) NOT NULL DEFAULT '0',
  `user_birthday` varchar(10) COLLATE utf8_bin NOT NULL DEFAULT '',
  `user_lastvisit` int(11) unsigned NOT NULL DEFAULT '0',
  `user_lastmark` int(11) unsigned NOT NULL DEFAULT '0',
  `user_lastpost_time` int(11) unsigned NOT NULL DEFAULT '0',
  `user_lastpage` varchar(200) COLLATE utf8_bin NOT NULL DEFAULT '',
  `user_last_confirm_key` varchar(10) COLLATE utf8_bin NOT NULL DEFAULT '',
  `user_last_search` int(11) unsigned NOT NULL DEFAULT '0',
  `user_warnings` tinyint(4) NOT NULL DEFAULT '0',
  `user_last_warning` int(11) unsigned NOT NULL DEFAULT '0',
  `user_login_attempts` tinyint(4) NOT NULL DEFAULT '0',
  `user_inactive_reason` tinyint(2) NOT NULL DEFAULT '0',
  `user_inactive_time` int(11) unsigned NOT NULL DEFAULT '0',
  `user_posts` mediumint(8) unsigned NOT NULL DEFAULT '0',
  `user_lang` varchar(30) COLLATE utf8_bin NOT NULL DEFAULT '',
  `user_timezone` varchar(100) COLLATE utf8_bin NOT NULL DEFAULT '',
  `user_dateformat` varchar(30) COLLATE utf8_bin NOT NULL DEFAULT 'd M Y H:i',
  `user_style` mediumint(8) unsigned NOT NULL DEFAULT '0',
  `user_rank` mediumint(8) unsigned NOT NULL DEFAULT '0',
  `user_colour` varchar(6) COLLATE utf8_bin NOT NULL DEFAULT '',
  `user_new_privmsg` int(4) NOT NULL DEFAULT '0',
  `user_unread_privmsg` int(4) NOT NULL DEFAULT '0',
  `user_last_privmsg` int(11) unsigned NOT NULL DEFAULT '0',
  `user_message_rules` tinyint(1) unsigned NOT NULL DEFAULT '0',
  `user_full_folder` int(11) NOT NULL DEFAULT '-3',
  `user_emailtime` int(11) unsigned NOT NULL DEFAULT '0',
  `user_topic_show_days` smallint(4) unsigned NOT NULL DEFAULT '0',
  `user_topic_sortby_type` varchar(1) COLLATE utf8_bin NOT NULL DEFAULT 't',
  `user_topic_sortby_dir` varchar(1) COLLATE utf8_bin NOT NULL DEFAULT 'd',
  `user_post_show_days` smallint(4) unsigned NOT NULL DEFAULT '0',
  `user_post_sortby_type` varchar(1) COLLATE utf8_bin NOT NULL DEFAULT 't',
  `user_post_sortby_dir` varchar(1) COLLATE utf8_bin NOT NULL DEFAULT 'a',
  `user_notify` tinyint(1) unsigned NOT NULL DEFAULT '0',
  `user_notify_pm` tinyint(1) unsigned NOT NULL DEFAULT '1',
  `user_notify_type` tinyint(4) NOT NULL DEFAULT '0',
  `user_allow_pm` tinyint(1) unsigned NOT NULL DEFAULT '1',
  `user_allow_viewonline` tinyint(1) unsigned NOT NULL DEFAULT '1',
  `user_allow_viewemail` tinyint(1) unsigned NOT NULL DEFAULT '1',
  `user_allow_massemail` tinyint(1) unsigned NOT NULL DEFAULT '1',
  `user_options` int(11) unsigned NOT NULL DEFAULT '230271',
  `user_avatar` varchar(255) COLLATE utf8_bin NOT NULL DEFAULT '',
  `user_avatar_type` varchar(255) COLLATE utf8_bin NOT NULL DEFAULT '',
  `user_avatar_width` smallint(4) unsigned NOT NULL DEFAULT '0',
  `user_avatar_height` smallint(4) unsigned NOT NULL DEFAULT '0',
  `user_sig` mediumtext COLLATE utf8_bin NOT NULL,
  `user_sig_bbcode_uid` varchar(8) COLLATE utf8_bin NOT NULL DEFAULT '',
  `user_sig_bbcode_bitfield` varchar(255) COLLATE utf8_bin NOT NULL DEFAULT '',
  `user_jabber` varchar(255) COLLATE utf8_bin NOT NULL DEFAULT '',
  `user_actkey` varchar(32) COLLATE utf8_bin NOT NULL DEFAULT '',
  `user_newpasswd` varchar(255) COLLATE utf8_bin NOT NULL DEFAULT '',
  `user_form_salt` varchar(32) COLLATE utf8_bin NOT NULL DEFAULT '',
  `user_new` tinyint(1) unsigned NOT NULL DEFAULT '1',
  `user_reminded` tinyint(4) NOT NULL DEFAULT '0',
  `user_reminded_time` int(11) unsigned NOT NULL DEFAULT '0',
  PRIMARY KEY (`user_id`),
  UNIQUE KEY `username_clean` (`username_clean`),
  KEY `user_birthday` (`user_birthday`),
  KEY `user_email_hash` (`user_email_hash`),
  KEY `user_type` (`user_type`)
) ENGINE=InnoDB AUTO_INCREMENT=104 DEFAULT CHARSET=utf8 COLLATE=utf8_bin;

--
-- Dumping data for table `phpbb_users`
--

/*!40000 ALTER TABLE `phpbb_users` DISABLE KEYS */;
INSERT INTO `phpbb_users` (`user_id`,`user_type`,`group_id`,`user_permissions`,`user_perm_from`,`user_ip`,`user_regdate`,`username`,`username_clean`,`user_password`,`user_passchg`,`user_email`,`user_email_hash`,`user_birthday`,`user_lastvisit`,`user_lastmark`,`user_lastpost_time`,`user_lastpage`,`user_last_confirm_key`,`user_last_search`,`user_warnings`,`user_last_warning`,`user_login_attempts`,`user_inactive_reason`,`user_inactive_time`,`user_posts`,`user_lang`,`user_timezone`,`user_dateformat`,`user_style`,`user_rank`,`user_colour`,`user_new_privmsg`,`user_unread_privmsg`,`user_last_privmsg`,`user_message_rules`,`user_full_folder`,`user_emailtime`,`user_topic_show_days`,`user_topic_sortby_type`,`user_topic_sortby_dir`,`user_post_show_days`,`user_post_sortby_type`,`user_post_sortby_dir`,`user_notify`,`user_notify_pm`,`user_notify_type`,`user_allow_pm`,`user_allow_viewonline`,`user_allow_viewemail`,`user_allow_massemail`,`user_options`,`user_avatar`,`user_avatar_type`,`user_avatar_width`,`user_avatar_height`,`user_sig`,`user_sig_bbcode_uid`,`user_sig_bbcode_bitfield`,`user_jabber`,`user_actkey`,`user_newpasswd`,`user_form_salt`,`user_new`,`user_reminded`,`user_reminded_time`) VALUES 
 (1,2,1,'',0,'',1450524232,0x416E6F6E796D6F7573,0x616E6F6E796D6F7573,'',0,'',0,'',0,0,0,'','',0,0,0,0,0,0,0,0x656E,'',0x64204D205920483A69,1,0,'',0,0,0,0,-3,0,0,0x74,0x64,0,0x74,0x61,0,1,0,1,1,1,0,230271,'','',0,0,'','','','','','',0x66393230336235386433373535376133,1,0,0),
 (2,3,5,0x7A696B307A6A7A696B307A6A7A696B307A63,0,0x3132372E302E302E31,1450524232,0x61646D696E,0x61646D696E,0x2432792431302459666962536F58797336546D474937674A385066722E7A557930306C75375449324C386F39346B6D754E6670314A3151726B7A5853,0,0x76697368616C2E73616D616E7440763273746563682E636F6D,342517526325,'',1454662370,0,1453036405,0x7563702E7068703F693D7563705F70726F66696C65266D6F64653D7265675F64657461696C73,'',0,0,0,0,0,0,0,0x656E,'',0x44204D20642C205920673A692061,1,1,0x414130303030,0,0,0,0,-3,0,0,0x74,0x64,0,0x74,0x61,0,1,0,1,1,1,1,230271,'','',0,0,'','','','','','',0x66313062313038623237306437353864,1,0,0),
 (3,2,6,'',0,'',1450524271,0x416473426F74205B476F6F676C655D,0x616473626F74205B676F6F676C655D,'',1450524271,'',0,'',0,1450524271,0,'','',0,0,0,0,0,0,0,0x656E,0x555443,0x44204D20642C205920673A692061,1,0,0x394538444137,0,0,0,0,-3,0,0,0x74,0x64,0,0x74,0x61,0,1,0,0,1,1,0,230271,'','',0,0,'','','','','','',0x62623433313331343430626339313063,0,0,0),
 (4,2,6,'',0,'',1450524272,0x416C657861205B426F745D,0x616C657861205B626F745D,'',1450524272,'',0,'',0,1450524272,0,'','',0,0,0,0,0,0,0,0x656E,0x555443,0x44204D20642C205920673A692061,1,0,0x394538444137,0,0,0,0,-3,0,0,0x74,0x64,0,0x74,0x61,0,1,0,0,1,1,0,230271,'','',0,0,'','','','','','',0x30333336346561636639373864633530,0,0,0),
 (5,2,6,'',0,'',1450524272,0x416C7461205669737461205B426F745D,0x616C7461207669737461205B626F745D,'',1450524272,'',0,'',0,1450524272,0,'','',0,0,0,0,0,0,0,0x656E,0x555443,0x44204D20642C205920673A692061,1,0,0x394538444137,0,0,0,0,-3,0,0,0x74,0x64,0,0x74,0x61,0,1,0,0,1,1,0,230271,'','',0,0,'','','','','','',0x38656665356265336263623839343063,0,0,0),
 (6,2,6,'',0,'',1450524273,0x41736B204A6565766573205B426F745D,0x61736B206A6565766573205B626F745D,'',1450524273,'',0,'',0,1450524273,0,'','',0,0,0,0,0,0,0,0x656E,0x555443,0x44204D20642C205920673A692061,1,0,0x394538444137,0,0,0,0,-3,0,0,0x74,0x64,0,0x74,0x61,0,1,0,0,1,1,0,230271,'','',0,0,'','','','','','',0x38613137383462376239363565636563,0,0,0),
 (7,2,6,'',0,'',1450524273,0x4261696475205B5370696465725D,0x6261696475205B7370696465725D,'',1450524273,'',0,'',0,1450524273,0,'','',0,0,0,0,0,0,0,0x656E,0x555443,0x44204D20642C205920673A692061,1,0,0x394538444137,0,0,0,0,-3,0,0,0x74,0x64,0,0x74,0x61,0,1,0,0,1,1,0,230271,'','',0,0,'','','','','','',0x39383534306463343064643265663132,0,0,0),
 (8,2,6,'',0,'',1450524274,0x42696E67205B426F745D,0x62696E67205B626F745D,'',1450524274,'',0,'',0,1450524274,0,'','',0,0,0,0,0,0,0,0x656E,0x555443,0x44204D20642C205920673A692061,1,0,0x394538444137,0,0,0,0,-3,0,0,0x74,0x64,0,0x74,0x61,0,1,0,0,1,1,0,230271,'','',0,0,'','','','','','',0x30343962393566323233313466316435,0,0,0),
 (9,2,6,'',0,'',1450524274,0x457861626F74205B426F745D,0x657861626F74205B626F745D,'',1450524274,'',0,'',0,1450524274,0,'','',0,0,0,0,0,0,0,0x656E,0x555443,0x44204D20642C205920673A692061,1,0,0x394538444137,0,0,0,0,-3,0,0,0x74,0x64,0,0x74,0x61,0,1,0,0,1,1,0,230271,'','',0,0,'','','','','','',0x35653566383630376437386237353730,0,0,0),
 (10,2,6,'',0,'',1450524275,0x4641535420456E7465727072697365205B437261776C65725D,0x6661737420656E7465727072697365205B637261776C65725D,'',1450524275,'',0,'',0,1450524275,0,'','',0,0,0,0,0,0,0,0x656E,0x555443,0x44204D20642C205920673A692061,1,0,0x394538444137,0,0,0,0,-3,0,0,0x74,0x64,0,0x74,0x61,0,1,0,0,1,1,0,230271,'','',0,0,'','','','','','',0x66653931666664356237633133366531,0,0,0),
 (11,2,6,'',0,'',1450524275,0x4641535420576562437261776C6572205B437261776C65725D,0x6661737420776562637261776C6572205B637261776C65725D,'',1450524275,'',0,'',0,1450524275,0,'','',0,0,0,0,0,0,0,0x656E,0x555443,0x44204D20642C205920673A692061,1,0,0x394538444137,0,0,0,0,-3,0,0,0x74,0x64,0,0x74,0x61,0,1,0,0,1,1,0,230271,'','',0,0,'','','','','','',0x39643835326331353235646662616465,0,0,0),
 (12,2,6,'',0,'',1450524275,0x4672616E636973205B426F745D,0x6672616E636973205B626F745D,'',1450524275,'',0,'',0,1450524275,0,'','',0,0,0,0,0,0,0,0x656E,0x555443,0x44204D20642C205920673A692061,1,0,0x394538444137,0,0,0,0,-3,0,0,0x74,0x64,0,0x74,0x61,0,1,0,0,1,1,0,230271,'','',0,0,'','','','','','',0x37623063656561613564396633386437,0,0,0),
 (13,2,6,'',0,'',1450524276,0x47696761626F74205B426F745D,0x67696761626F74205B626F745D,'',1450524276,'',0,'',0,1450524276,0,'','',0,0,0,0,0,0,0,0x656E,0x555443,0x44204D20642C205920673A692061,1,0,0x394538444137,0,0,0,0,-3,0,0,0x74,0x64,0,0x74,0x61,0,1,0,0,1,1,0,230271,'','',0,0,'','','','','','',0x35333934393362313934616336626534,0,0,0),
 (14,2,6,'',0,'',1450524276,0x476F6F676C6520416473656E7365205B426F745D,0x676F6F676C6520616473656E7365205B626F745D,'',1450524276,'',0,'',0,1450524276,0,'','',0,0,0,0,0,0,0,0x656E,0x555443,0x44204D20642C205920673A692061,1,0,0x394538444137,0,0,0,0,-3,0,0,0x74,0x64,0,0x74,0x61,0,1,0,0,1,1,0,230271,'','',0,0,'','','','','','',0x30656661303864396363633134636466,0,0,0),
 (15,2,6,'',0,'',1450524277,0x476F6F676C65204465736B746F70,0x676F6F676C65206465736B746F70,'',1450524277,'',0,'',0,1450524277,0,'','',0,0,0,0,0,0,0,0x656E,0x555443,0x44204D20642C205920673A692061,1,0,0x394538444137,0,0,0,0,-3,0,0,0x74,0x64,0,0x74,0x61,0,1,0,0,1,1,0,230271,'','',0,0,'','','','','','',0x62346234643863333466376134636234,0,0,0),
 (16,2,6,'',0,'',1450524277,0x476F6F676C65204665656466657463686572,0x676F6F676C65206665656466657463686572,'',1450524277,'',0,'',0,1450524277,0,'','',0,0,0,0,0,0,0,0x656E,0x555443,0x44204D20642C205920673A692061,1,0,0x394538444137,0,0,0,0,-3,0,0,0x74,0x64,0,0x74,0x61,0,1,0,0,1,1,0,230271,'','',0,0,'','','','','','',0x35336632623064346365313233633835,0,0,0),
 (17,2,6,'',0,'',1450524277,0x476F6F676C65205B426F745D,0x676F6F676C65205B626F745D,'',1450524277,'',0,'',0,1450524277,0,'','',0,0,0,0,0,0,0,0x656E,0x555443,0x44204D20642C205920673A692061,1,0,0x394538444137,0,0,0,0,-3,0,0,0x74,0x64,0,0x74,0x61,0,1,0,0,1,1,0,230271,'','',0,0,'','','','','','',0x30623332663463616538346130393166,0,0,0),
 (18,2,6,'',0,'',1450524278,0x48656973652049542D4D61726B74205B437261776C65725D,0x68656973652069742D6D61726B74205B637261776C65725D,'',1450524278,'',0,'',0,1450524278,0,'','',0,0,0,0,0,0,0,0x656E,0x555443,0x44204D20642C205920673A692061,1,0,0x394538444137,0,0,0,0,-3,0,0,0x74,0x64,0,0x74,0x61,0,1,0,0,1,1,0,230271,'','',0,0,'','','','','','',0x34653362636261303133396539653130,0,0,0),
 (19,2,6,'',0,'',1450524278,0x4865726974726978205B437261776C65725D,0x6865726974726978205B637261776C65725D,'',1450524278,'',0,'',0,1450524278,0,'','',0,0,0,0,0,0,0,0x656E,0x555443,0x44204D20642C205920673A692061,1,0,0x394538444137,0,0,0,0,-3,0,0,0x74,0x64,0,0x74,0x61,0,1,0,0,1,1,0,230271,'','',0,0,'','','','','','',0x64326366343037323162613635616639,0,0,0),
 (20,2,6,'',0,'',1450524279,0x49424D205265736561726368205B426F745D,0x69626D207265736561726368205B626F745D,'',1450524279,'',0,'',0,1450524279,0,'','',0,0,0,0,0,0,0,0x656E,0x555443,0x44204D20642C205920673A692061,1,0,0x394538444137,0,0,0,0,-3,0,0,0x74,0x64,0,0x74,0x61,0,1,0,0,1,1,0,230271,'','',0,0,'','','','','','',0x34363064666138366230363062323135,0,0,0),
 (21,2,6,'',0,'',1450524279,0x4943437261776C6572202D2049436A6F6273,0x6963637261776C6572202D2069636A6F6273,'',1450524279,'',0,'',0,1450524279,0,'','',0,0,0,0,0,0,0,0x656E,0x555443,0x44204D20642C205920673A692061,1,0,0x394538444137,0,0,0,0,-3,0,0,0x74,0x64,0,0x74,0x61,0,1,0,0,1,1,0,230271,'','',0,0,'','','','','','',0x38666263616137393333346638373137,0,0,0),
 (22,2,6,'',0,'',1450524280,0x69636869726F205B437261776C65725D,0x69636869726F205B637261776C65725D,'',1450524280,'',0,'',0,1450524280,0,'','',0,0,0,0,0,0,0,0x656E,0x555443,0x44204D20642C205920673A692061,1,0,0x394538444137,0,0,0,0,-3,0,0,0x74,0x64,0,0x74,0x61,0,1,0,0,1,1,0,230271,'','',0,0,'','','','','','',0x39313061663631663666386466386635,0,0,0),
 (23,2,6,'',0,'',1450524280,0x4D616A65737469632D3132205B426F745D,0x6D616A65737469632D3132205B626F745D,'',1450524280,'',0,'',0,1450524280,0,'','',0,0,0,0,0,0,0,0x656E,0x555443,0x44204D20642C205920673A692061,1,0,0x394538444137,0,0,0,0,-3,0,0,0x74,0x64,0,0x74,0x61,0,1,0,0,1,1,0,230271,'','',0,0,'','','','','','',0x32623765666131376339373934376630,0,0,0),
 (24,2,6,'',0,'',1450524281,0x4D657461676572205B426F745D,0x6D657461676572205B626F745D,'',1450524281,'',0,'',0,1450524281,0,'','',0,0,0,0,0,0,0,0x656E,0x555443,0x44204D20642C205920673A692061,1,0,0x394538444137,0,0,0,0,-3,0,0,0x74,0x64,0,0x74,0x61,0,1,0,0,1,1,0,230271,'','',0,0,'','','','','','',0x38363138656335363137626631363830,0,0,0),
 (25,2,6,'',0,'',1450524281,0x4D534E204E657773426C6F6773,0x6D736E206E657773626C6F6773,'',1450524281,'',0,'',0,1450524281,0,'','',0,0,0,0,0,0,0,0x656E,0x555443,0x44204D20642C205920673A692061,1,0,0x394538444137,0,0,0,0,-3,0,0,0x74,0x64,0,0x74,0x61,0,1,0,0,1,1,0,230271,'','',0,0,'','','','','','',0x38376132393233616530383863353037,0,0,0),
 (26,2,6,'',0,'',1450524282,0x4D534E205B426F745D,0x6D736E205B626F745D,'',1450524282,'',0,'',0,1450524282,0,'','',0,0,0,0,0,0,0,0x656E,0x555443,0x44204D20642C205920673A692061,1,0,0x394538444137,0,0,0,0,-3,0,0,0x74,0x64,0,0x74,0x61,0,1,0,0,1,1,0,230271,'','',0,0,'','','','','','',0x33656564626437656239316534376364,0,0,0),
 (27,2,6,'',0,'',1450524282,0x4D534E626F74204D65646961,0x6D736E626F74206D65646961,'',1450524282,'',0,'',0,1450524282,0,'','',0,0,0,0,0,0,0,0x656E,0x555443,0x44204D20642C205920673A692061,1,0,0x394538444137,0,0,0,0,-3,0,0,0x74,0x64,0,0x74,0x61,0,1,0,0,1,1,0,230271,'','',0,0,'','','','','','',0x62393333333038356439383935326537,0,0,0),
 (28,2,6,'',0,'',1450524282,0x4E75746368205B426F745D,0x6E75746368205B626F745D,'',1450524282,'',0,'',0,1450524282,0,'','',0,0,0,0,0,0,0,0x656E,0x555443,0x44204D20642C205920673A692061,1,0,0x394538444137,0,0,0,0,-3,0,0,0x74,0x64,0,0x74,0x61,0,1,0,0,1,1,0,230271,'','',0,0,'','','','','','',0x31656235613165383862396464336231,0,0,0),
 (29,2,6,'',0,'',1450524283,0x4F6E6C696E65206C696E6B205B56616C696461746F725D,0x6F6E6C696E65206C696E6B205B76616C696461746F725D,'',1450524283,'',0,'',0,1450524283,0,'','',0,0,0,0,0,0,0,0x656E,0x555443,0x44204D20642C205920673A692061,1,0,0x394538444137,0,0,0,0,-3,0,0,0x74,0x64,0,0x74,0x61,0,1,0,0,1,1,0,230271,'','',0,0,'','','','','','',0x35666361323438633863366137313436,0,0,0),
 (30,2,6,'',0,'',1450524283,0x7073626F74205B5069637365617263685D,0x7073626F74205B7069637365617263685D,'',1450524283,'',0,'',0,1450524283,0,'','',0,0,0,0,0,0,0,0x656E,0x555443,0x44204D20642C205920673A692061,1,0,0x394538444137,0,0,0,0,-3,0,0,0x74,0x64,0,0x74,0x61,0,1,0,0,1,1,0,230271,'','',0,0,'','','','','','',0x34343632303433333435663466316438,0,0,0),
 (31,2,6,'',0,'',1450524284,0x53656E736973205B437261776C65725D,0x73656E736973205B637261776C65725D,'',1450524284,'',0,'',0,1450524284,0,'','',0,0,0,0,0,0,0,0x656E,0x555443,0x44204D20642C205920673A692061,1,0,0x394538444137,0,0,0,0,-3,0,0,0x74,0x64,0,0x74,0x61,0,1,0,0,1,1,0,230271,'','',0,0,'','','','','','',0x62396564653665613033396538343437,0,0,0),
 (32,2,6,'',0,'',1450524284,0x53454F20437261776C6572,0x73656F20637261776C6572,'',1450524284,'',0,'',0,1450524284,0,'','',0,0,0,0,0,0,0,0x656E,0x555443,0x44204D20642C205920673A692061,1,0,0x394538444137,0,0,0,0,-3,0,0,0x74,0x64,0,0x74,0x61,0,1,0,0,1,1,0,230271,'','',0,0,'','','','','','',0x62383834373764393964346336343236,0,0,0),
 (33,2,6,'',0,'',1450524285,0x53656F6D61205B437261776C65725D,0x73656F6D61205B637261776C65725D,'',1450524285,'',0,'',0,1450524285,0,'','',0,0,0,0,0,0,0,0x656E,0x555443,0x44204D20642C205920673A692061,1,0,0x394538444137,0,0,0,0,-3,0,0,0x74,0x64,0,0x74,0x61,0,1,0,0,1,1,0,230271,'','',0,0,'','','','','','',0x35333636663036323766623866303838,0,0,0),
 (34,2,6,'',0,'',1450524285,0x53454F536561726368205B437261776C65725D,0x73656F736561726368205B637261776C65725D,'',1450524285,'',0,'',0,1450524285,0,'','',0,0,0,0,0,0,0,0x656E,0x555443,0x44204D20642C205920673A692061,1,0,0x394538444137,0,0,0,0,-3,0,0,0x74,0x64,0,0x74,0x61,0,1,0,0,1,1,0,230271,'','',0,0,'','','','','','',0x65656435323466663865636466623631,0,0,0),
 (35,2,6,'',0,'',1450524286,0x536E61707079205B426F745D,0x736E61707079205B626F745D,'',1450524286,'',0,'',0,1450524286,0,'','',0,0,0,0,0,0,0,0x656E,0x555443,0x44204D20642C205920673A692061,1,0,0x394538444137,0,0,0,0,-3,0,0,0x74,0x64,0,0x74,0x61,0,1,0,0,1,1,0,230271,'','',0,0,'','','','','','',0x30313762626461343566366436643163,0,0,0),
 (36,2,6,'',0,'',1450524286,0x537465656C6572205B437261776C65725D,0x737465656C6572205B637261776C65725D,'',1450524286,'',0,'',0,1450524286,0,'','',0,0,0,0,0,0,0,0x656E,0x555443,0x44204D20642C205920673A692061,1,0,0x394538444137,0,0,0,0,-3,0,0,0x74,0x64,0,0x74,0x61,0,1,0,0,1,1,0,230271,'','',0,0,'','','','','','',0x36376333663238623139636334373235,0,0,0),
 (37,2,6,'',0,'',1450524287,0x54656C656B6F6D205B426F745D,0x74656C656B6F6D205B626F745D,'',1450524287,'',0,'',0,1450524287,0,'','',0,0,0,0,0,0,0,0x656E,0x555443,0x44204D20642C205920673A692061,1,0,0x394538444137,0,0,0,0,-3,0,0,0x74,0x64,0,0x74,0x61,0,1,0,0,1,1,0,230271,'','',0,0,'','','','','','',0x32313866386535323434306631323538,0,0,0),
 (38,2,6,'',0,'',1450524287,0x5475726E6974696E426F74205B426F745D,0x7475726E6974696E626F74205B626F745D,'',1450524287,'',0,'',0,1450524287,0,'','',0,0,0,0,0,0,0,0x656E,0x555443,0x44204D20642C205920673A692061,1,0,0x394538444137,0,0,0,0,-3,0,0,0x74,0x64,0,0x74,0x61,0,1,0,0,1,1,0,230271,'','',0,0,'','','','','','',0x39363737633438633638323961636536,0,0,0),
 (39,2,6,'',0,'',1450524287,0x566F7961676572205B426F745D,0x766F7961676572205B626F745D,'',1450524287,'',0,'',0,1450524287,0,'','',0,0,0,0,0,0,0,0x656E,0x555443,0x44204D20642C205920673A692061,1,0,0x394538444137,0,0,0,0,-3,0,0,0x74,0x64,0,0x74,0x61,0,1,0,0,1,1,0,230271,'','',0,0,'','','','','','',0x37373439366537323462643637306566,0,0,0),
 (40,2,6,'',0,'',1450524288,0x5733205B536974657365617263685D,0x7733205B736974657365617263685D,'',1450524288,'',0,'',0,1450524288,0,'','',0,0,0,0,0,0,0,0x656E,0x555443,0x44204D20642C205920673A692061,1,0,0x394538444137,0,0,0,0,-3,0,0,0x74,0x64,0,0x74,0x61,0,1,0,0,1,1,0,230271,'','',0,0,'','','','','','',0x61336265333034336564336537623561,0,0,0),
 (41,2,6,'',0,'',1450524288,0x573343205B4C696E6B636865636B5D,0x773363205B6C696E6B636865636B5D,'',1450524288,'',0,'',0,1450524288,0,'','',0,0,0,0,0,0,0,0x656E,0x555443,0x44204D20642C205920673A692061,1,0,0x394538444137,0,0,0,0,-3,0,0,0x74,0x64,0,0x74,0x61,0,1,0,0,1,1,0,230271,'','',0,0,'','','','','','',0x38393532356362373439353034333464,0,0,0),
 (42,2,6,'',0,'',1450524289,0x573343205B56616C696461746F725D,0x773363205B76616C696461746F725D,'',1450524289,'',0,'',0,1450524289,0,'','',0,0,0,0,0,0,0,0x656E,0x555443,0x44204D20642C205920673A692061,1,0,0x394538444137,0,0,0,0,-3,0,0,0x74,0x64,0,0x74,0x61,0,1,0,0,1,1,0,230271,'','',0,0,'','','','','','',0x36346634393937653933353332326633,0,0,0),
 (43,2,6,'',0,'',1450524289,0x59614379205B426F745D,0x79616379205B626F745D,'',1450524289,'',0,'',0,1450524289,0,'','',0,0,0,0,0,0,0,0x656E,0x555443,0x44204D20642C205920673A692061,1,0,0x394538444137,0,0,0,0,-3,0,0,0x74,0x64,0,0x74,0x61,0,1,0,0,1,1,0,230271,'','',0,0,'','','','','','',0x66656463663438386437316138666238,0,0,0),
 (44,2,6,'',0,'',1450524290,0x5961686F6F204D4D437261776C6572205B426F745D,0x7961686F6F206D6D637261776C6572205B626F745D,'',1450524290,'',0,'',0,1450524290,0,'','',0,0,0,0,0,0,0,0x656E,0x555443,0x44204D20642C205920673A692061,1,0,0x394538444137,0,0,0,0,-3,0,0,0x74,0x64,0,0x74,0x61,0,1,0,0,1,1,0,230271,'','',0,0,'','','','','','',0x32383333393961323539333933616266,0,0,0),
 (45,2,6,'',0,'',1450524290,0x5961686F6F20536C757270205B426F745D,0x7961686F6F20736C757270205B626F745D,'',1450524290,'',0,'',0,1450524290,0,'','',0,0,0,0,0,0,0,0x656E,0x555443,0x44204D20642C205920673A692061,1,0,0x394538444137,0,0,0,0,-3,0,0,0x74,0x64,0,0x74,0x61,0,1,0,0,1,1,0,230271,'','',0,0,'','','','','','',0x35663736363462303563386531343739,0,0,0),
 (46,2,6,'',0,'',1450524290,0x5961686F6F205B426F745D,0x7961686F6F205B626F745D,'',1450524290,'',0,'',0,1450524290,0,'','',0,0,0,0,0,0,0,0x656E,0x555443,0x44204D20642C205920673A692061,1,0,0x394538444137,0,0,0,0,-3,0,0,0x74,0x64,0,0x74,0x61,0,1,0,0,1,1,0,230271,'','',0,0,'','','','','','',0x61356262303665346534663731323263,0,0,0),
 (47,2,6,'',0,'',1450524291,0x5961686F6F5365656B6572205B426F745D,0x7961686F6F7365656B6572205B626F745D,'',1450524291,'',0,'',0,1450524291,0,'','',0,0,0,0,0,0,0,0x656E,0x555443,0x44204D20642C205920673A692061,1,0,0x394538444137,0,0,0,0,-3,0,0,0x74,0x64,0,0x74,0x61,0,1,0,0,1,1,0,230271,'','',0,0,'','','','','','',0x63663863623932653563323461373135,0,0,0);
/*!40000 ALTER TABLE `phpbb_users` ENABLE KEYS */;


--
-- Definition of table `phpbb_warnings`
--

DROP TABLE IF EXISTS `phpbb_warnings`;
CREATE TABLE `phpbb_warnings` (
  `warning_id` mediumint(8) unsigned NOT NULL AUTO_INCREMENT,
  `user_id` mediumint(8) unsigned NOT NULL DEFAULT '0',
  `post_id` mediumint(8) unsigned NOT NULL DEFAULT '0',
  `log_id` mediumint(8) unsigned NOT NULL DEFAULT '0',
  `warning_time` int(11) unsigned NOT NULL DEFAULT '0',
  PRIMARY KEY (`warning_id`)
) ENGINE=InnoDB DEFAULT CHARSET=utf8 COLLATE=utf8_bin;

--
-- Dumping data for table `phpbb_warnings`
--

/*!40000 ALTER TABLE `phpbb_warnings` DISABLE KEYS */;
/*!40000 ALTER TABLE `phpbb_warnings` ENABLE KEYS */;


--
-- Definition of table `phpbb_words`
--

DROP TABLE IF EXISTS `phpbb_words`;
CREATE TABLE `phpbb_words` (
  `word_id` mediumint(8) unsigned NOT NULL AUTO_INCREMENT,
  `word` varchar(255) COLLATE utf8_bin NOT NULL DEFAULT '',
  `replacement` varchar(255) COLLATE utf8_bin NOT NULL DEFAULT '',
  PRIMARY KEY (`word_id`)
) ENGINE=InnoDB DEFAULT CHARSET=utf8 COLLATE=utf8_bin;

--
-- Dumping data for table `phpbb_words`
--

/*!40000 ALTER TABLE `phpbb_words` DISABLE KEYS */;
/*!40000 ALTER TABLE `phpbb_words` ENABLE KEYS */;


--
-- Definition of table `phpbb_zebra`
--

DROP TABLE IF EXISTS `phpbb_zebra`;
CREATE TABLE `phpbb_zebra` (
  `user_id` mediumint(8) unsigned NOT NULL DEFAULT '0',
  `zebra_id` mediumint(8) unsigned NOT NULL DEFAULT '0',
  `friend` tinyint(1) unsigned NOT NULL DEFAULT '0',
  `foe` tinyint(1) unsigned NOT NULL DEFAULT '0',
  PRIMARY KEY (`user_id`,`zebra_id`)
) ENGINE=InnoDB DEFAULT CHARSET=utf8 COLLATE=utf8_bin;

--
-- Dumping data for table `phpbb_zebra`
--

/*!40000 ALTER TABLE `phpbb_zebra` DISABLE KEYS */;
/*!40000 ALTER TABLE `phpbb_zebra` ENABLE KEYS */;




/*!40101 SET SQL_MODE=@OLD_SQL_MODE */;
/*!40014 SET FOREIGN_KEY_CHECKS=@OLD_FOREIGN_KEY_CHECKS */;
/*!40014 SET UNIQUE_CHECKS=@OLD_UNIQUE_CHECKS */;
/*!40101 SET CHARACTER_SET_CLIENT=@OLD_CHARACTER_SET_CLIENT */;
/*!40101 SET CHARACTER_SET_RESULTS=@OLD_CHARACTER_SET_RESULTS */;
/*!40101 SET COLLATION_CONNECTION=@OLD_COLLATION_CONNECTION */;
/*!40101 SET CHARACTER_SET_CLIENT=@OLD_CHARACTER_SET_CLIENT */;
